JvmtiExport can_access_local_variables 0
JvmtiExport can_hotswap_or_post_breakpoint 0
JvmtiExport can_post_on_exceptions 0
# 401 ciObject found
instanceKlass org/mule/apache/xerces/impl/xs/traversers/XSAttributeChecker
ciInstanceKlass java/lang/Cloneable 1 0 7 100 1 100 1 1 1
instanceKlass org/mule/runtime/ast/internal/model/DefaultExtensionModelHelper$NestedComponentVisitor
instanceKlass org/mule/runtime/ast/internal/model/DefaultExtensionModelHelper$1
instanceKlass org/mule/runtime/extension/api/dsl/syntax/XmlDslSyntaxResolver$3
instanceKlass org/mule/runtime/ast/api/util/BaseComponentAst
instanceKlass org/mule/runtime/ast/api/ImportedResource
instanceKlass org/mule/runtime/dsl/api/component/config/DefaultComponentLocation
instanceKlass org/mule/runtime/dsl/api/component/config/DefaultComponentLocation$DefaultLocationPart
instanceKlass org/mule/runtime/api/component/location/LocationPart
instanceKlass org/mule/runtime/api/component/DefaultTypedComponentIdentifier
instanceKlass org/mule/runtime/api/component/DefaultTypedComponentIdentifier$Builder
instanceKlass org/mule/runtime/api/component/TypedComponentIdentifier$Builder
instanceKlass org/mule/runtime/api/component/TypedComponentIdentifier
instanceKlass org/mule/runtime/ast/internal/builder/BaseComponentAstBuilder$2
instanceKlass org/mule/runtime/ast/internal/builder/ParameterKey
instanceKlass org/mule/runtime/api/functional/Either
instanceKlass org/mule/runtime/ast/internal/DefaultComponentParameterAst
instanceKlass org/mule/runtime/ast/internal/param/ExpressionAwareParameter
instanceKlass org/mule/runtime/ast/internal/builder/ApplicationModelTypeUtils$1
instanceKlass org/mule/runtime/ast/api/model/ExtensionModelHelper$ExtensionWalkerModelDelegate
instanceKlass org/mule/runtime/ast/api/ComponentParameterAst
instanceKlass org/mule/runtime/ast/internal/builder/ApplicationModelTypeUtils
instanceKlass org/mule/runtime/api/component/Component$Annotations
instanceKlass org/mule/runtime/ast/internal/DefaultComponentMetadataAst$Builder
instanceKlass org/mule/runtime/ast/internal/DefaultComponentMetadataAst
instanceKlass org/mule/runtime/ast/api/ComponentMetadataAst
instanceKlass org/mule/runtime/ast/internal/DefaultComponentGenerationInformation$Builder
instanceKlass org/mule/runtime/ast/internal/DefaultComponentGenerationInformation
instanceKlass org/mule/runtime/ast/api/ComponentGenerationInformation
instanceKlass org/mule/runtime/ast/api/ComponentAst
instanceKlass org/mule/runtime/ast/internal/builder/BaseComponentAstBuilder
instanceKlass org/mule/runtime/ast/internal/builder/DefaultNamespaceDefinitionBuilder$1
instanceKlass org/mule/runtime/ast/api/NamespaceDefinition
instanceKlass org/mule/runtime/ast/internal/builder/DefaultNamespaceDefinitionBuilder
instanceKlass org/mule/runtime/ast/api/builder/NamespaceDefinitionBuilder
instanceKlass org/mule/apache/xerces/dom/NamedNodeMapImpl
instanceKlass org/mule/runtime/ast/internal/xml/reader/ArtifactRootElement
instanceKlass org/mule/runtime/ast/internal/builder/PropertiesResolver
instanceKlass org/mule/runtime/module/extension/api/loader/java/property/AllowsExpressionWithoutMarkersModelProperty
instanceKlass org/mule/runtime/ast/internal/model/ParameterModelUtils
instanceKlass org/mule/runtime/module/extension/api/loader/java/property/CustomLocationPartModelProperty
instanceKlass org/mule/runtime/ast/internal/builder/ComponentLocationVisitor
instanceKlass org/mule/runtime/ast/api/builder/ComponentMetadataAstBuilder
instanceKlass org/mule/runtime/ast/api/builder/ComponentAstBuilder
instanceKlass org/mule/runtime/ast/internal/builder/DefaultArtifactAstBuilder
instanceKlass org/mule/runtime/ast/api/builder/ArtifactAstBuilder
instanceKlass org/mule/apache/xerces/dom/ParentNode$UserDataRecord
instanceKlass org/mule/runtime/dsl/internal/xml/parser/DefaultXmlMetadataAnnotations$DefaultTagBoundaries
instanceKlass org/mule/runtime/dsl/internal/xml/parser/XmlMetadataAnnotations$TagBoundaries
instanceKlass org/mule/runtime/dsl/internal/xml/parser/DefaultXmlMetadataAnnotations
instanceKlass org/mule/apache/xerces/dom/NodeListCache
instanceKlass org/mule/apache/xerces/dom/CharacterDataImpl$1
instanceKlass org/mule/runtime/dsl/internal/xml/parser/MuleDocumentLoader$DomWalkerElement
instanceKlass org/mule/runtime/dsl/internal/SourcePosition
instanceKlass java/math/MutableBigInteger
instanceKlass org/glassfish/jaxb/runtime/DatatypeConverterImpl
instanceKlass jakarta/xml/bind/DatatypeConverterInterface
instanceKlass org/glassfish/jaxb/runtime/v2/runtime/reflect/Lister$IDREFSIterator
instanceKlass org/glassfish/jaxb/runtime/v2/runtime/reflect/Lister$CollectionLister$1
instanceKlass javax/xml/transform/dom/DOMResult
instanceKlass org/glassfish/jaxb/runtime/util/AttributesImpl
instanceKlass javax/xml/transform/sax/SAXResult
instanceKlass org/dom4j/QName
instanceKlass org/dom4j/tree/NamespaceCache
instanceKlass org/dom4j/tree/AbstractNode
instanceKlass org/dom4j/tree/QNameCache
instanceKlass org/dom4j/util/SimpleSingleton
instanceKlass org/dom4j/Document
instanceKlass org/dom4j/CDATA
instanceKlass org/dom4j/DocumentType
instanceKlass org/dom4j/Text
instanceKlass org/dom4j/util/SingletonStrategy
instanceKlass org/dom4j/XPath
instanceKlass org/dom4j/rule/Pattern
instanceKlass org/dom4j/NodeFilter
instanceKlass org/dom4j/Entity
instanceKlass org/dom4j/ProcessingInstruction
instanceKlass org/dom4j/Comment
instanceKlass org/dom4j/CharacterData
instanceKlass org/dom4j/Element
instanceKlass org/dom4j/Branch
instanceKlass org/dom4j/DocumentFactory
instanceKlass org/dom4j/tree/NamespaceStack
instanceKlass org/xml/sax/ext/LexicalHandler
instanceKlass org/dom4j/Attribute
instanceKlass org/dom4j/Node
instanceKlass org/dom4j/io/OutputFormat
instanceKlass org/glassfish/jaxb/runtime/v2/util/QNameMap$HashIterator
instanceKlass org/glassfish/jaxb/runtime/v2/runtime/Utils$1
instanceKlass org/glassfish/jaxb/runtime/v2/runtime/Utils
instanceKlass jakarta/xml/bind/annotation/XmlEnumValue
instanceKlass org/glassfish/jaxb/runtime/v2/runtime/FilterTransducer
instanceKlass org/glassfish/jaxb/runtime/v2/model/impl/EnumConstantImpl
instanceKlass org/glassfish/jaxb/core/v2/model/core/EnumConstant
instanceKlass jdk/internal/ValueBased
instanceKlass org/glassfish/jaxb/runtime/v2/model/impl/ElementInfoImpl$PropertyImpl
instanceKlass jakarta/xml/bind/annotation/XmlElementDecl$GLOBAL
instanceKlass org/mule/runtime/module/extension/internal/capability/xml/schema/model/Appinfo
instanceKlass org/glassfish/jaxb/core/v2/model/nav/ReflectionNavigator$4
instanceKlass org/glassfish/jaxb/runtime/v2/model/impl/RegistryInfoImpl
instanceKlass org/glassfish/jaxb/core/v2/model/nav/SecureLoader
instanceKlass jakarta/xml/bind/annotation/XmlElementRef$DEFAULT
instanceKlass org/glassfish/jaxb/runtime/v2/model/impl/PropertyInfoImpl$1
instanceKlass org/glassfish/jaxb/core/v2/model/nav/ReflectionNavigator$10
instanceKlass org/glassfish/jaxb/core/v2/model/core/Adapter
instanceKlass jakarta/xml/bind/annotation/adapters/XmlAdapter
instanceKlass jakarta/xml/bind/annotation/adapters/XmlJavaTypeAdapter$DEFAULT
instanceKlass org/glassfish/jaxb/runtime/v2/model/impl/AttributePropertyInfoImpl$1
instanceKlass jakarta/xml/bind/annotation/XmlSchemaType$DEFAULT
instanceKlass org/glassfish/jaxb/runtime/v2/model/impl/FieldPropertySeed
instanceKlass jakarta/xml/bind/annotation/XmlNs
instanceKlass org/mule/runtime/module/extension/internal/capability/xml/schema/model/package-info
instanceKlass jakarta/xml/bind/annotation/XmlType$DEFAULT
instanceKlass org/mule/runtime/api/meta/model/util/IdempotentExtensionWalker$MetadataTypeWrapper
instanceKlass org/mule/runtime/module/extension/internal/loader/parser/java/stereotypes/CustomStereotypeModelProperty
instanceKlass java/util/stream/Nodes$IntArrayNode
instanceKlass java/util/stream/Node$Builder$OfInt
instanceKlass org/mule/runtime/extension/api/dsl/syntax/XmlDslSyntaxResolver$2
instanceKlass org/mule/runtime/module/extension/internal/capability/xml/schema/model/Documentation
instanceKlass org/mule/runtime/api/meta/model/util/ExtensionWalker
instanceKlass jakarta/xml/bind/JAXBElement$GlobalScope
instanceKlass org/mule/runtime/module/extension/internal/capability/xml/schema/model/SchemaTypeConversion
instanceKlass org/mule/runtime/module/extension/internal/capability/xml/DocumenterUtils
instanceKlass org/apache/commons/text/WordUtils
instanceKlass org/mule/runtime/extension/api/util/LayoutOrderComparator$LayoutOrderParameterModelComparator
instanceKlass org/mule/runtime/extension/api/util/LayoutOrderComparator$LayoutOrderObjectFieldsComparator
instanceKlass org/mule/runtime/extension/api/util/LayoutOrderComparator
instanceKlass org/mule/runtime/extension/api/dsl/syntax/DslElementSyntax
instanceKlass org/mule/runtime/extension/api/dsl/syntax/DslElementSyntaxBuilder
instanceKlass org/mule/runtime/module/extension/internal/capability/xml/schema/builder/ComplexTypeHolder
instanceKlass org/mule/runtime/module/extension/internal/config/dsl/SchemaConstants
instanceKlass org/mule/runtime/module/extension/internal/capability/xml/schema/builder/MapSchemaDelegate
instanceKlass org/mule/runtime/module/extension/internal/capability/xml/schema/builder/ObjectTypeSchemaDelegate
instanceKlass org/mule/runtime/module/extension/internal/capability/xml/schema/builder/CollectionSchemaDelegate
instanceKlass org/mule/runtime/module/extension/internal/capability/xml/schema/builder/ExecutableTypeSchemaDelegate
instanceKlass org/mule/runtime/module/extension/internal/capability/xml/schema/builder/ConnectionProviderSchemaDelegate
instanceKlass org/mule/runtime/module/extension/internal/capability/xml/schema/builder/ConfigurationSchemaDelegate
instanceKlass org/mule/runtime/module/extension/internal/capability/xml/schema/model/OpenAttrs
instanceKlass org/mule/runtime/module/extension/internal/capability/xml/schema/model/ObjectFactory
instanceKlass org/mule/runtime/module/extension/internal/capability/xml/schema/builder/SchemaBuilder
instanceKlass org/mule/apache/xerces/impl/dtd/models/CMStateSet
instanceKlass org/mule/apache/xerces/impl/xs/models/XSDFACM
instanceKlass org/mule/apache/xerces/impl/xs/XMLSchemaLoader$LocationArray
instanceKlass org/mule/apache/xerces/impl/Constants$ArrayEnumeration
instanceKlass org/mule/apache/xerces/impl/Constants
instanceKlass org/mule/apache/xerces/dom/DeferredDocumentImpl$RefCount
instanceKlass org/w3c/dom/traversal/TreeWalker
instanceKlass org/w3c/dom/traversal/NodeIterator
instanceKlass org/w3c/dom/ranges/Range
instanceKlass org/w3c/dom/events/MutationEvent
instanceKlass org/w3c/dom/events/Event
instanceKlass org/w3c/dom/Notation
instanceKlass org/w3c/dom/Entity
instanceKlass org/w3c/dom/EntityReference
instanceKlass org/w3c/dom/ProcessingInstruction
instanceKlass org/w3c/dom/CDATASection
instanceKlass org/w3c/dom/Comment
instanceKlass org/w3c/dom/Text
instanceKlass org/w3c/dom/CharacterData
instanceKlass org/w3c/dom/DocumentFragment
instanceKlass org/mule/apache/xerces/dom/NodeImpl
instanceKlass org/mule/apache/xerces/dom/DeferredNode
instanceKlass org/mule/apache/xerces/impl/xs/XMLSchemaValidator$LocalIDKey
instanceKlass org/mule/apache/xerces/impl/xs/XMLSchemaValidator$ValueStoreCache
instanceKlass org/mule/apache/xerces/impl/xs/identity/XPathMatcher
instanceKlass org/mule/apache/xerces/impl/xs/XMLSchemaValidator$XPathMatcherStack
instanceKlass org/mule/apache/xerces/impl/xs/XSNotationDecl
instanceKlass org/mule/apache/xerces/impl/xs/XMLSchemaValidator$XSIErrorReporter
instanceKlass org/mule/apache/xerces/impl/xs/ElementPSVImpl
instanceKlass org/mule/apache/xerces/xs/ElementPSVI
instanceKlass org/mule/apache/xerces/xs/ItemPSVI
instanceKlass org/mule/apache/xerces/impl/xs/identity/ValueStore
instanceKlass org/mule/apache/xerces/impl/xs/XMLSchemaValidator
instanceKlass org/mule/apache/xerces/impl/xs/identity/FieldActivator
instanceKlass org/mule/apache/xerces/util/EntityResolverWrapper
instanceKlass org/xml/sax/ext/EntityResolver2
instanceKlass org/mule/apache/xerces/util/ErrorHandlerWrapper
instanceKlass org/mule/apache/xerces/impl/dtd/DTDGrammarBucket
instanceKlass org/mule/apache/xerces/impl/dtd/XMLAttributeDecl
instanceKlass org/mule/apache/xerces/impl/dtd/XMLSimpleType
instanceKlass org/mule/apache/xerces/impl/dtd/XMLElementDecl
instanceKlass org/mule/apache/xerces/impl/dtd/DTDGrammar
instanceKlass org/mule/apache/xerces/impl/validation/EntityState
instanceKlass org/mule/apache/xerces/impl/dtd/XMLEntityDecl
instanceKlass org/mule/apache/xerces/impl/dtd/XMLDTDProcessor
instanceKlass org/mule/apache/xerces/xni/parser/XMLDTDContentModelFilter
instanceKlass org/mule/apache/xerces/xni/parser/XMLDTDFilter
instanceKlass org/mule/apache/xerces/impl/dtd/XMLDTDValidator
instanceKlass org/mule/apache/xerces/impl/RevalidationHandler
instanceKlass org/mule/apache/xerces/impl/dtd/XMLDTDValidatorFilter
instanceKlass org/mule/apache/xerces/xni/parser/XMLDocumentFilter
instanceKlass org/mule/apache/xerces/parsers/XML11Configurable
instanceKlass org/mule/apache/xerces/parsers/SecuritySupport$6
instanceKlass org/mule/apache/xerces/parsers/SecuritySupport$7
instanceKlass org/mule/apache/xerces/parsers/XMLParser
instanceKlass org/mule/apache/xerces/jaxp/JAXPConstants
instanceKlass org/mule/runtime/dsl/internal/xml/parser/XmlMetadataAnnotations
instanceKlass org/mule/runtime/dsl/internal/xml/parser/MuleDocumentLoader$DefaultXmlMetadataFactory
instanceKlass org/mule/runtime/dsl/internal/xml/parser/MuleDocumentLoader$1
instanceKlass org/w3c/dom/UserDataHandler
instanceKlass org/mule/runtime/dsl/internal/xml/parser/XmlMetadataAnnotationsFactory
instanceKlass org/mule/runtime/dsl/internal/xml/parser/MuleDocumentLoader
instanceKlass org/mule/runtime/dsl/internal/xml/parser/DefaultXmlLoggerErrorHandler
instanceKlass org/mule/runtime/dsl/api/ConfigResource
instanceKlass org/mule/runtime/dsl/api/xml/parser/XmlApplicationParser
instanceKlass org/mule/runtime/config/internal/dsl/processor/xml/provider/CoreXmlNamespaceInfoProvider
instanceKlass com/mulesoft/mule/runtime/internal/dsl/processor/xml/provider/CoreEeXmlNamespaceInfoProvider
instanceKlass org/mule/runtime/module/tls/internal/config/TlsXmlNamespaceInfoProvider
instanceKlass org/mule/runtime/extension/internal/config/dsl/xml/ModuleXmlNamespaceInfoProvider$1
instanceKlass org/mule/runtime/extension/internal/config/dsl/xml/ModuleXmlNamespaceInfoProvider
instanceKlass org/mule/runtime/module/extension/mule/internal/dsl/processor/xml/MuleSdkExtensionDslNamespaceInfoProvider$1
instanceKlass org/mule/runtime/module/extension/mule/internal/dsl/processor/xml/MuleSdkExtensionDslNamespaceInfoProvider
instanceKlass com/mulesoft/mule/runtime/module/cluster/internal/config/ClusterXmlNamespaceInfoProvider
instanceKlass com/mulesoft/mule/runtime/gw/autodiscovery/api/config/ApiGatewayXmlNamespaceInfoProvider
instanceKlass org/mule/runtime/ast/internal/xml/StaticXmlNamespaceInfoProvider
instanceKlass org/mule/runtime/ast/internal/xml/StaticXmlNamespaceInfo
instanceKlass org/mule/runtime/dsl/api/xml/XmlNamespaceInfo
instanceKlass org/mule/runtime/dsl/api/xml/XmlNamespaceInfoProvider
instanceKlass org/mule/runtime/ast/internal/xml/XmlNamespaceInfoProviderSupplier
instanceKlass org/mule/runtime/module/artifact/internal/classloader/CompoundEnumeration
instanceKlass org/mule/runtime/ast/internal/xml/resolver/MuleCustomEntityResolver
instanceKlass org/mule/runtime/ast/internal/xml/resolver/CachingExtensionSchemaGenerator
instanceKlass org/mule/runtime/ast/internal/xml/resolver/ModuleDelegatingEntityResolver
instanceKlass org/mule/apache/xerces/util/IntStack
instanceKlass org/mule/apache/xerces/impl/xpath/regex/RegularExpression$ClosureContext
instanceKlass org/mule/apache/xerces/impl/xpath/regex/RegularExpression$ExpressionTarget
instanceKlass org/mule/apache/xerces/impl/xpath/regex/RegularExpression$Context
instanceKlass org/mule/apache/xerces/impl/dv/xs/XSSimpleTypeDecl$ValidationContextImpl
instanceKlass org/mule/apache/xerces/impl/xs/traversers/XSDAbstractTraverser$FacetInfo
instanceKlass org/mule/apache/xerces/impl/xs/XSConstraints$1
instanceKlass org/mule/apache/xerces/impl/xs/XSConstraints
instanceKlass org/mule/apache/xerces/impl/xs/util/XSObjectListImpl$1
instanceKlass org/mule/apache/xerces/xs/datatypes/XSQName
instanceKlass org/mule/apache/xerces/impl/xs/XSAnnotationImpl
instanceKlass org/mule/apache/xerces/impl/xs/opti/NamedNodeMapImpl
instanceKlass org/mule/apache/xerces/impl/xs/identity/IdentityConstraint
instanceKlass org/mule/apache/xerces/impl/xs/traversers/XSDAbstractParticleTraverser$ParticleArray
instanceKlass org/mule/apache/xerces/impl/validation/ValidationState
instanceKlass org/mule/apache/xerces/xs/XSAnnotation
instanceKlass org/mule/apache/xerces/impl/xs/traversers/XSDAbstractTraverser
instanceKlass org/mule/apache/xerces/impl/xs/traversers/Container
instanceKlass org/mule/apache/xerces/impl/xs/traversers/OneAttr
instanceKlass org/mule/apache/xerces/impl/xs/XSAttributeDecl
instanceKlass org/mule/apache/xerces/impl/xs/XSGroupDecl
instanceKlass org/mule/apache/xerces/impl/xs/XSAttributeUseImpl
instanceKlass org/mule/apache/xerces/xs/XSAttributeUse
instanceKlass org/mule/apache/xerces/impl/xs/XSAttributeGroupDecl
instanceKlass org/mule/apache/xerces/impl/xs/XSModelGroupImpl
instanceKlass org/mule/apache/xerces/xs/XSModelGroup
instanceKlass org/mule/apache/xerces/impl/xs/XSWildcardDecl
instanceKlass org/mule/apache/xerces/xs/XSWildcard
instanceKlass org/mule/apache/xerces/xs/XSIDCDefinition
instanceKlass org/mule/apache/xerces/xs/XSAttributeGroupDefinition
instanceKlass org/mule/apache/xerces/xs/XSNamedMap
instanceKlass org/mule/apache/xerces/xs/XSModelGroupDefinition
instanceKlass org/mule/apache/xerces/xs/XSNotationDeclaration
instanceKlass org/mule/apache/xerces/xs/XSAttributeDeclaration
instanceKlass org/mule/apache/xerces/impl/xs/XSComplexTypeDecl
instanceKlass org/mule/apache/xerces/xs/XSComplexTypeDefinition
instanceKlass org/mule/apache/xerces/impl/xs/util/XInt
instanceKlass org/mule/apache/xerces/impl/xs/util/XIntPool
instanceKlass org/mule/apache/xerces/impl/xs/SchemaGrammar
instanceKlass org/mule/apache/xerces/xs/XSNamespaceItem
instanceKlass org/mule/apache/xerces/xni/grammars/XSGrammar
instanceKlass org/mule/apache/xerces/impl/xs/traversers/XSAttributeChecker
instanceKlass org/mule/apache/xerces/impl/xs/traversers/XSDHandler$XSDKey
instanceKlass org/mule/apache/xerces/util/DOMUtil
instanceKlass org/mule/apache/xerces/util/NamespaceSupport$Prefixes
instanceKlass org/mule/apache/xerces/impl/xs/SchemaSymbols
instanceKlass org/mule/apache/xerces/impl/xs/opti/DefaultNode
instanceKlass org/mule/apache/xerces/util/XMLSymbols
instanceKlass org/mule/apache/xerces/impl/ExternalSubsetResolver
instanceKlass org/mule/apache/xerces/impl/XMLEntityManager$EncodingInfo
instanceKlass java/util/ResourceBundle$Control$2
instanceKlass java/util/ResourceBundle$CacheKeyReference
instanceKlass java/util/ResourceBundle$CacheKey
instanceKlass java/util/ServiceLoader$ProviderSpliterator
instanceKlass java/util/spi/ResourceBundleControlProvider
instanceKlass java/util/ResourceBundle$ResourceBundleControlProviderHolder
instanceKlass org/mule/apache/xerces/impl/xpath/regex/Token
instanceKlass org/mule/apache/xerces/impl/xpath/regex/REUtil
instanceKlass org/mule/apache/xerces/impl/xpath/regex/RegexParser
instanceKlass org/mule/apache/xerces/impl/xpath/regex/Op
instanceKlass org/mule/apache/xerces/impl/xpath/regex/RegularExpression
instanceKlass org/mule/apache/xerces/impl/dv/xs/DecimalDV$XDecimal
instanceKlass org/mule/apache/xerces/xs/datatypes/XSDecimal
instanceKlass org/mule/apache/xerces/util/XMLChar
instanceKlass org/mule/apache/xerces/impl/dv/ValidatedInfo
instanceKlass org/mule/apache/xerces/xs/XSValue
instanceKlass org/mule/apache/xerces/impl/dv/XSFacets
instanceKlass org/mule/apache/xerces/impl/dv/xs/XSSimpleTypeDecl$4
instanceKlass org/mule/apache/xerces/impl/dv/xs/XSSimpleTypeDecl$1
instanceKlass org/mule/apache/xerces/util/URI
instanceKlass org/mule/apache/xerces/impl/dv/xs/AbstractDateTimeDV$DateTimeData
instanceKlass org/mule/apache/xerces/xs/datatypes/XSDateTime
instanceKlass javax/xml/datatype/DatatypeFactory
instanceKlass org/mule/apache/xerces/impl/dv/xs/TypeValidator$1
instanceKlass org/mule/apache/xerces/impl/dv/xs/TypeValidator
instanceKlass org/mule/apache/xerces/xs/ShortList
instanceKlass org/mule/apache/xerces/xs/StringList
instanceKlass org/mule/apache/xerces/xs/datatypes/ObjectList
instanceKlass org/mule/apache/xerces/xs/XSObjectList
instanceKlass org/mule/apache/xerces/impl/dv/ValidationContext
instanceKlass org/mule/apache/xerces/impl/dv/xs/XSSimpleTypeDecl
instanceKlass org/mule/apache/xerces/impl/dv/XSSimpleType
instanceKlass org/mule/apache/xerces/xs/XSSimpleTypeDefinition
instanceKlass org/mule/apache/xerces/impl/dv/SchemaDVFactory
instanceKlass org/mule/apache/xerces/parsers/XMLGrammarPreparser$XMLGrammarLoaderContainer
instanceKlass org/mule/apache/xerces/impl/xs/opti/SchemaDOMParser$BooleanStack
instanceKlass org/mule/apache/xerces/impl/msg/XMLMessageFormatter
instanceKlass org/mule/apache/xerces/impl/XMLVersionDetector
instanceKlass org/mule/apache/xerces/impl/validation/ValidationManager
instanceKlass org/mule/apache/xerces/impl/dv/dtd/NMTOKENDatatypeValidator
instanceKlass org/mule/apache/xerces/impl/dv/dtd/NOTATIONDatatypeValidator
instanceKlass org/mule/apache/xerces/impl/dv/dtd/ENTITYDatatypeValidator
instanceKlass org/mule/apache/xerces/impl/dv/dtd/ListDatatypeValidator
instanceKlass org/mule/apache/xerces/impl/dv/dtd/IDREFDatatypeValidator
instanceKlass org/mule/apache/xerces/impl/dv/dtd/IDDatatypeValidator
instanceKlass org/mule/apache/xerces/impl/dv/dtd/StringDatatypeValidator
instanceKlass org/mule/apache/xerces/impl/dv/DatatypeValidator
instanceKlass org/mule/apache/xerces/impl/dv/SecuritySupport$3
instanceKlass org/mule/apache/xerces/impl/dv/SecuritySupport$2
instanceKlass org/mule/apache/xerces/impl/dv/SecuritySupport$1
instanceKlass org/mule/apache/xerces/impl/dv/SecuritySupport$4
instanceKlass org/mule/apache/xerces/impl/dv/SecuritySupport
instanceKlass org/mule/apache/xerces/impl/dv/ObjectFactory
instanceKlass org/mule/apache/xerces/impl/dv/DTDDVFactory
instanceKlass org/mule/apache/xerces/impl/XMLDocumentScannerImpl$TrailingMiscDispatcher
instanceKlass org/mule/apache/xerces/impl/XMLDocumentScannerImpl$DTDDispatcher
instanceKlass org/mule/apache/xerces/impl/XMLDocumentScannerImpl$PrologDispatcher
instanceKlass org/mule/apache/xerces/impl/XMLDocumentScannerImpl$XMLDeclDispatcher
instanceKlass org/mule/apache/xerces/util/NamespaceSupport
instanceKlass org/mule/apache/xerces/util/XMLAttributesImpl$Attribute
instanceKlass org/mule/apache/xerces/util/XMLAttributesImpl
instanceKlass org/mule/apache/xerces/impl/XMLDocumentFragmentScannerImpl$FragmentContentDispatcher
instanceKlass org/mule/apache/xerces/xni/QName
instanceKlass org/mule/apache/xerces/impl/XMLDocumentFragmentScannerImpl$ElementStack
instanceKlass org/mule/apache/xerces/xni/grammars/XMLDTDDescription
instanceKlass org/mule/apache/xerces/xni/NamespaceContext
instanceKlass org/mule/apache/xerces/impl/XMLDocumentFragmentScannerImpl$Dispatcher
instanceKlass org/mule/apache/xerces/xni/XMLString
instanceKlass org/mule/apache/xerces/impl/XMLScanner
instanceKlass org/mule/apache/xerces/impl/XMLEntityHandler
instanceKlass org/mule/apache/xerces/xni/parser/XMLDTDScanner
instanceKlass org/mule/apache/xerces/xni/parser/XMLDTDContentModelSource
instanceKlass org/mule/apache/xerces/xni/parser/XMLDTDSource
instanceKlass org/mule/apache/xerces/xni/parser/XMLDocumentScanner
instanceKlass org/mule/apache/xerces/xni/parser/XMLDocumentSource
instanceKlass org/mule/apache/xerces/xni/parser/XMLPullParserConfiguration
instanceKlass org/mule/apache/xerces/xni/XMLAttributes
instanceKlass org/mule/apache/xerces/impl/xs/opti/DefaultXMLDocumentHandler
instanceKlass org/mule/apache/xerces/xni/XMLDTDContentModelHandler
instanceKlass org/mule/apache/xerces/xni/XMLDTDHandler
instanceKlass org/mule/apache/xerces/xni/XMLDocumentHandler
instanceKlass org/mule/apache/xerces/impl/xs/util/SimpleLocator
instanceKlass org/mule/apache/xerces/util/SymbolHash$Entry
instanceKlass org/mule/apache/xerces/util/SymbolHash
instanceKlass org/mule/apache/xerces/impl/xs/traversers/XSDocumentInfo
instanceKlass org/mule/apache/xerces/impl/xs/XSParticleDecl
instanceKlass org/mule/apache/xerces/xs/XSParticle
instanceKlass org/mule/apache/xerces/xni/parser/XMLInputSource
instanceKlass org/mule/apache/xerces/xni/parser/XMLParserConfiguration
instanceKlass org/mule/apache/xerces/impl/xs/traversers/XSDHandler
instanceKlass org/mule/apache/xerces/impl/xs/models/XSEmptyCM
instanceKlass org/mule/apache/xerces/impl/xs/models/XSCMValidator
instanceKlass org/mule/apache/xerces/impl/dtd/models/CMNode
instanceKlass org/mule/apache/xerces/impl/xs/models/CMNodeFactory
instanceKlass org/mule/apache/xerces/impl/xs/SubstitutionGroupHandler$OneSubGroup
instanceKlass org/mule/apache/xerces/impl/xs/XSElementDecl
instanceKlass org/mule/apache/xerces/xs/XSElementDeclaration
instanceKlass org/mule/apache/xerces/xs/XSTerm
instanceKlass org/mule/apache/xerces/xs/XSTypeDefinition
instanceKlass org/mule/apache/xerces/xs/XSObject
instanceKlass org/mule/apache/xerces/impl/xs/XSMessageFormatter
instanceKlass org/mule/apache/xerces/util/DefaultErrorHandler
instanceKlass org/mule/apache/xerces/xni/grammars/XMLSchemaDescription
instanceKlass org/mule/apache/xerces/xni/grammars/XMLGrammarDescription
instanceKlass org/mule/apache/xerces/util/ParserConfigurationSettings
instanceKlass org/mule/apache/xerces/impl/xs/models/CMBuilder
instanceKlass org/mule/apache/xerces/impl/xs/SubstitutionGroupHandler
instanceKlass org/mule/apache/xerces/impl/xs/XSGrammarBucket
instanceKlass org/mule/apache/xerces/xs/XSModel
instanceKlass org/mule/apache/xerces/xni/grammars/Grammar
instanceKlass org/mule/apache/xerces/xni/parser/XMLComponentManager
instanceKlass org/w3c/dom/DOMStringList
instanceKlass org/w3c/dom/DOMError
instanceKlass org/mule/apache/xerces/util/MessageFormatter
instanceKlass org/mule/apache/xerces/impl/xs/XMLSchemaLoader
instanceKlass org/w3c/dom/DOMConfiguration
instanceKlass org/mule/apache/xerces/xs/XSLoader
instanceKlass org/mule/apache/xerces/impl/xs/XSElementDeclHelper
instanceKlass org/mule/apache/xerces/xni/grammars/XMLGrammarLoader
instanceKlass org/mule/apache/xerces/parsers/SecuritySupport$3
instanceKlass org/mule/apache/xerces/parsers/SecuritySupport$2
instanceKlass org/mule/apache/xerces/parsers/SecuritySupport$1
instanceKlass org/mule/apache/xerces/parsers/SecuritySupport$4
instanceKlass org/mule/apache/xerces/parsers/SecuritySupport
instanceKlass org/mule/apache/xerces/parsers/ObjectFactory
instanceKlass org/mule/apache/xerces/impl/XMLEntityManager$CharacterBuffer
instanceKlass org/mule/apache/xerces/impl/XMLEntityManager$CharacterBufferPool
instanceKlass org/mule/apache/xerces/impl/XMLEntityManager$ByteBufferPool
instanceKlass org/mule/apache/xerces/util/AugmentationsImpl$AugmentationsItemsContainer
instanceKlass org/mule/apache/xerces/util/AugmentationsImpl
instanceKlass org/mule/apache/xerces/util/XMLResourceIdentifierImpl
instanceKlass org/mule/apache/xerces/impl/XMLEntityManager$1
instanceKlass org/mule/apache/xerces/xni/Augmentations
instanceKlass org/mule/apache/xerces/impl/XMLEntityManager$Entity
instanceKlass org/mule/apache/xerces/impl/XMLEntityScanner
instanceKlass org/mule/apache/xerces/xni/XMLLocator
instanceKlass org/mule/apache/xerces/impl/XMLEntityManager
instanceKlass org/mule/apache/xerces/impl/XMLErrorReporter
instanceKlass org/mule/apache/xerces/xni/parser/XMLComponent
instanceKlass org/mule/apache/xerces/util/SymbolTable$Entry
instanceKlass org/mule/apache/xerces/util/SymbolTable
instanceKlass org/mule/apache/xerces/parsers/XMLGrammarPreparser
instanceKlass org/mule/apache/xerces/util/XMLGrammarPoolImpl$Entry
instanceKlass org/mule/apache/xerces/util/XMLGrammarPoolImpl
instanceKlass org/mule/runtime/dsl/internal/xerces/xni/parser/ReadOnlyXmlGrammarPool
instanceKlass org/mule/apache/xerces/xni/grammars/XMLGrammarPool
instanceKlass org/mule/runtime/dsl/internal/xerces/xni/parser/DefaultXmlGrammarPoolBuilder
instanceKlass org/mule/runtime/dsl/internal/xerces/xni/parser/XmlGrammarPoolBuilder
instanceKlass org/mule/runtime/dsl/internal/xerces/xni/parser/DefaultXmlEntityResolver
instanceKlass org/mule/apache/xerces/xni/parser/XMLEntityResolver
instanceKlass org/mule/runtime/dsl/internal/xerces/xni/factories/DefaultXmlEntityResolverFactory
instanceKlass org/mule/runtime/dsl/api/xerces/xni/factories/XmlEntityResolverFactory
instanceKlass org/mule/runtime/dsl/internal/xerces/xni/parser/DefaultXmlGathererErrorHandler
instanceKlass org/mule/runtime/dsl/internal/xerces/xni/parser/XmlGathererErrorHandler
instanceKlass org/mule/apache/xerces/xni/parser/XMLErrorHandler
instanceKlass org/mule/runtime/dsl/internal/xerces/xni/factories/DefaultXmlGathererErrorHandlerFactory
instanceKlass org/mule/runtime/dsl/api/xerces/xni/factories/XmlGathererErrorHandlerFactory
instanceKlass org/mule/runtime/dsl/internal/util/CollectionUtils
instanceKlass org/mule/runtime/dsl/internal/util/ResourceUtils
instanceKlass org/mule/runtime/dsl/internal/util/SchemaMappingsUtils
instanceKlass org/mule/apache/xerces/xni/XMLResourceIdentifier
instanceKlass org/mule/runtime/dsl/internal/xerces/xni/parser/DefaultXmlSchemaProvider
instanceKlass org/mule/runtime/dsl/internal/xerces/xni/parser/XmlSchemaProvider
instanceKlass org/mule/runtime/dsl/internal/xerces/xni/factories/DefaultXmlSchemaProviderFactory
instanceKlass org/mule/runtime/dsl/api/xerces/xni/factories/XmlSchemaProviderFactory
instanceKlass org/mule/runtime/dsl/internal/xerces/xni/parser/DefaultXmlGrammarPoolManager
instanceKlass org/mule/runtime/dsl/api/xml/parser/XmlGathererErrorHandler
instanceKlass org/mule/runtime/dsl/internal/xml/parser/DefaultXmlGathererErrorHandlerFactory
instanceKlass org/mule/runtime/dsl/api/xml/parser/XmlGathererErrorHandlerFactory
instanceKlass org/mule/runtime/dsl/api/xml/parser/XmlConfigurationDocumentLoader
instanceKlass org/mule/runtime/extension/api/dsl/syntax/resolver/DefaultImportTypesStrategy
instanceKlass org/mule/runtime/extension/api/dsl/syntax/XmlDslSyntaxResolver
instanceKlass org/mule/runtime/extension/api/dsl/syntax/resolver/DslSyntaxResolver
instanceKlass org/mule/runtime/api/meta/model/ComponentModelVisitor
instanceKlass org/mule/runtime/ast/internal/model/DefaultExtensionModelHelper
instanceKlass org/mule/runtime/ast/api/model/ExtensionModelHelper
instanceKlass org/mule/runtime/ast/internal/dsl/DslConstants
instanceKlass org/mule/runtime/ast/api/AstParserAttribute
instanceKlass org/mule/runtime/ast/internal/xml/reader/ComponentAstReader
instanceKlass org/mule/runtime/ast/internal/xml/DefaultAstXmlParser
instanceKlass org/mule/runtime/module/extension/internal/capability/xml/schema/DefaultExtensionSchemaGenerator
instanceKlass org/mule/runtime/extension/api/dsl/syntax/resources/spi/ExtensionSchemaGenerator
instanceKlass org/mule/runtime/ast/api/util/BaseArtifactAst
instanceKlass org/mule/runtime/ast/api/validation/ArtifactAstValidatorBuilder
instanceKlass org/mule/runtime/ast/api/util/MuleAstUtils
instanceKlass org/mule/runtime/ast/api/ArtifactAst
instanceKlass org/mule/runtime/ast/internal/xml/resolver/FailOnFirstErrorResolveEntityFailStrategy
instanceKlass org/mule/runtime/ast/internal/xml/resolver/ResolveEntityFailStrategy
instanceKlass org/mule/runtime/ast/api/xml/AstXmlParser$Builder
instanceKlass org/mule/runtime/ast/api/xml/AstXmlParser
instanceKlass org/mule/framework/internal/builder/DietMuleFrameworkBuilder$1
instanceKlass org/mule/runtime/core/api/config/MuleManifest
instanceKlass org/apache/commons/lang3/StringUtils
instanceKlass org/mule/module/apikit/utils/MuleVersionUtils
instanceKlass org/mule/module/apikit/api/deserializing/AttributesDeserializingStrategies
instanceKlass org/mule/runtime/core/api/construct/Flow
instanceKlass org/mule/runtime/core/api/processor/Processor
instanceKlass org/mule/runtime/core/api/processor/ReactiveProcessor
instanceKlass org/mule/runtime/core/api/construct/Pipeline
instanceKlass org/mule/runtime/core/api/construct/FlowConstruct
instanceKlass org/mule/runtime/core/api/processor/strategy/ProcessingStrategySupplier
instanceKlass org/mule/runtime/core/api/lifecycle/LifecycleStateEnabled
instanceKlass org/mule/runtime/api/component/execution/ExecutableComponent
instanceKlass org/mule/module/apikit/FlowMapping
instanceKlass org/mule/parser/service/strategy/WithFallbackParsingStrategy
instanceKlass org/mule/parser/service/references/ReferencesResolver
instanceKlass org/mule/parser/service/strategy/RamlParsingStrategy
instanceKlass org/mule/apikit/model/ApiSpecification
instanceKlass org/mule/parser/service/result/ParseResult
instanceKlass org/mule/apikit/ApiParser
instanceKlass org/mule/parser/service/strategy/AMFParsingStrategy
instanceKlass org/mule/parser/service/strategy/ParsingStrategy
instanceKlass org/mule/module/apikit/ApikitExtensionLoadingDelegate
instanceKlass org/mule/runtime/extension/api/loader/ExtensionLoadingDelegate
instanceKlass javax/activation/FileTypeMap
instanceKlass org/mule/extension/http/internal/LoadStaticResourceErrorTypeProvider
instanceKlass java/util/Base64$Decoder
instanceKlass org/mule/extension/http/internal/BasicSecurityErrorTypeProvider
instanceKlass org/mule/extension/http/internal/StaticResourceLoader
instanceKlass org/mule/extension/http/api/listener/HttpBasicAuthenticationFilter
instanceKlass org/mule/extension/http/api/request/builder/UriParam
instanceKlass org/mule/extension/http/api/request/builder/TestQueryParam
instanceKlass org/mule/extension/http/api/request/builder/TestRequestHeader
instanceKlass org/mule/extension/http/api/request/builder/HttpRequesterTestRequestBuilder
instanceKlass org/mule/runtime/api/tls/TlsContextFactoryBuilder
instanceKlass org/mule/extension/http/internal/request/HttpRequesterConnectionManager
instanceKlass org/mule/extension/http/api/request/HttpConnectivityValidator
instanceKlass org/mule/extension/http/internal/request/RequestConnectionParams
instanceKlass org/mule/extension/http/api/request/client/UriParameters
instanceKlass org/mule/extension/http/api/request/builder/SimpleUriParam
instanceKlass org/mule/extension/http/api/request/builder/SimpleRequestHeader
instanceKlass org/mule/extension/http/api/request/builder/SimpleQueryParam
instanceKlass org/mule/extension/http/api/request/response/HttpPollingSourceExpressions
instanceKlass org/mule/extension/http/api/request/builder/HttpRequesterSimpleRequestBuilder
instanceKlass org/mule/runtime/module/extension/internal/loader/parser/java/notification/SdkNotificationActionDefinitionAdapter
instanceKlass org/mule/runtime/module/extension/internal/loader/parser/java/notification/SdkNotificationActionProviderAdapter
instanceKlass org/mule/sdk/api/annotation/notification/NotificationActionProvider
instanceKlass org/mule/extension/http/internal/request/HttpRequester
instanceKlass org/mule/extension/http/internal/request/RequestErrorTypeProvider
instanceKlass org/mule/extension/http/internal/request/RequestNotificationActionProvider
instanceKlass org/mule/runtime/extension/api/annotation/notification/NotificationActionProvider
instanceKlass org/mule/extension/http/internal/request/client/HttpExtensionClient
instanceKlass org/mule/extension/http/internal/request/ResponseValidationSettings
instanceKlass org/mule/extension/http/internal/request/ConfigurationOverrides
instanceKlass org/mule/extension/http/internal/request/UriSettings
instanceKlass org/mule/extension/http/internal/request/RequestCreator
instanceKlass org/mule/extension/http/api/request/builder/QueryParam
instanceKlass org/mule/extension/http/api/request/builder/KeyValuePair
instanceKlass org/mule/extension/http/api/request/builder/RequestHeader
instanceKlass org/mule/runtime/http/api/HttpConstants
instanceKlass org/mule/extension/http/api/version/Http2SupportConfiguration
instanceKlass org/mule/extension/http/api/version/Http1SupportConfiguration
instanceKlass org/mule/extension/http/internal/service/HttpServiceDelegate
instanceKlass org/mule/extension/http/api/version/ProtocolSupportConfig
instanceKlass org/mule/extension/http/internal/listener/HttpListenerProvider$ConnectionParams
instanceKlass org/mule/sdk/compatibility/api/utils/ForwardCompatibilityHelper
instanceKlass org/mule/runtime/extension/api/runtime/source/BackPressureContext
instanceKlass org/mule/runtime/api/exception/ErrorTypeRepository
instanceKlass org/mule/runtime/http/api/domain/message/HttpMessageBuilder
instanceKlass org/mule/sdk/api/http/domain/message/request/HttpRequestContext
instanceKlass org/mule/extension/http/api/certificate/AlternativeNameData
instanceKlass org/mule/extension/http/api/certificate/CertificateExtension
instanceKlass org/mule/extension/http/api/certificate/SerialNumberData
instanceKlass org/mule/extension/http/api/certificate/X500PrincipalData
instanceKlass org/mule/extension/http/api/certificate/PublicKeyData
instanceKlass org/mule/extension/http/api/certificate/PrincipalData
instanceKlass org/mule/extension/http/internal/certificate/CertificateProvider
instanceKlass org/mule/extension/http/api/certificate/CertificateData
instanceKlass org/mule/extension/http/internal/listener/HttpResponseFactory
instanceKlass org/mule/sdk/api/http/server/EndpointLifecycleHandler
instanceKlass org/mule/extension/http/internal/listener/ListenerPath
instanceKlass org/mule/extension/http/internal/listener/HttpListenerResponseSender
instanceKlass org/mule/sdk/api/http/server/HttpServer
instanceKlass org/mule/extension/http/internal/listener/MuleContextStopWatcher
instanceKlass org/mule/runtime/core/api/context/notification/MuleContextNotificationListener
instanceKlass org/mule/runtime/api/notification/NotificationListenerRegistry
instanceKlass org/mule/sdk/api/http/server/RequestHandler
instanceKlass org/mule/sdk/api/http/domain/message/response/HttpResponse
instanceKlass org/mule/sdk/api/http/domain/message/HttpMessage
instanceKlass org/mule/sdk/api/http/domain/message/MessageWithHeaders
instanceKlass org/mule/sdk/api/http/server/async/ResponseStatusCallback
instanceKlass org/mule/extension/http/api/HttpMessageBuilder
instanceKlass org/mule/runtime/http/api/domain/request/HttpRequestContext
instanceKlass org/mule/runtime/core/api/exception/ErrorTypeMatcher
instanceKlass org/mule/runtime/api/message/error/matcher/ErrorTypeMatcher
instanceKlass org/mule/modules/cors/CorsKernel
instanceKlass org/mule/extension/http/internal/listener/intercepting/HttpListenerInterceptor
instanceKlass org/mule/extension/http/internal/request/HttpRequestOperations
instanceKlass org/mule/extension/http/internal/request/HttpRequesterProvider
instanceKlass org/mule/extension/http/internal/listener/HttpListenerProvider
instanceKlass java/net/CookieHandler
instanceKlass org/mule/extension/http/internal/request/ResponseSettings
instanceKlass org/mule/extension/http/internal/request/RequestSettings
instanceKlass org/mule/extension/http/internal/request/RequestUrlConfiguration
instanceKlass org/mule/extension/http/api/listener/intercepting/cors/CorsInterceptorWrapper
instanceKlass org/mule/extension/http/api/listener/headers/HttpHeadersValidator
instanceKlass org/mule/runtime/http/api/domain/message/response/HttpResponse
instanceKlass org/mule/runtime/extension/api/model/notification/ImmutableNotificationModel
instanceKlass org/mule/runtime/core/internal/util/generics/GenericsUtils
instanceKlass org/mule/runtime/core/privileged/metadata/SimpleDataType
instanceKlass org/mule/runtime/api/el/ExpressionFunction
instanceKlass org/mule/runtime/core/privileged/metadata/DefaultDataTypeBuilder$ProxyIndicator
instanceKlass org/mule/runtime/core/api/message/OutputHandler
instanceKlass javax/xml/transform/stream/StreamSource
instanceKlass org/mule/runtime/core/privileged/metadata/DefaultDataTypeBuilder
instanceKlass org/mule/runtime/api/metadata/DataTypeBuilder$DataTypeMapTypeBuilder
instanceKlass org/mule/runtime/api/metadata/DataTypeBuilder$DataTypeFunctionTypeBuilder
instanceKlass org/mule/runtime/api/metadata/DataTypeBuilder$DataTypeCollectionTypeBuilder
instanceKlass org/mule/runtime/api/metadata/DataTypeBuilder
instanceKlass org/mule/runtime/api/metadata/DataTypeParamsBuilder
instanceKlass org/mule/runtime/api/metadata/AbstractDataTypeBuilderFactory
instanceKlass org/mule/runtime/api/metadata/DataType$DynamicDelegateDataType
instanceKlass org/mule/runtime/api/metadata/MapDataType
instanceKlass org/mule/runtime/api/metadata/CollectionDataType
instanceKlass org/mule/runtime/api/metadata/DataType
instanceKlass org/mule/modules/cors/configuration/Header
instanceKlass org/mule/modules/cors/configuration/Method
instanceKlass org/mule/modules/cors/configuration/parser/Value
instanceKlass org/mule/runtime/core/api/el/ExpressionManager
instanceKlass org/mule/extension/http/api/error/HttpErrorMessageGenerator
instanceKlass org/mule/runtime/http/api/client/auth/HttpAuthenticationBuilder
instanceKlass java/lang/FunctionalInterface
instanceKlass org/mule/runtime/ast/api/validation/Validation
instanceKlass org/mule/runtime/http/api/domain/message/request/HttpRequest
instanceKlass org/mule/runtime/http/api/domain/message/HttpMessage
instanceKlass org/mule/runtime/http/api/domain/message/MessageWithHeaders
instanceKlass org/mule/extension/http/api/validation/HttpConnectorValidationsProvider
instanceKlass org/mule/runtime/ast/api/validation/ValidationsProvider
instanceKlass org/mule/extension/http/api/notification/HttpNotificationData
instanceKlass org/mule/extension/http/api/HttpAttributes
instanceKlass org/mule/runtime/extension/api/notification/NotificationActionDefinition
instanceKlass org/mule/sdk/api/notification/NotificationActionDefinition
instanceKlass org/mule/modules/cors/api/configuration/origin/Origin
instanceKlass org/mule/extension/http/api/request/validator/ExpressionResponseValidator
instanceKlass org/mule/extension/http/api/request/validator/RangeStatusCodeValidator
instanceKlass org/mule/extension/http/api/request/validator/ResponseValidator
instanceKlass org/mule/extension/http/api/request/proxy/HttpProxyConfig$HttpNtlmProxyConfig
instanceKlass org/mule/runtime/http/api/client/proxy/ProxyConfig$NtlmProxyConfig
instanceKlass org/mule/extension/http/api/request/proxy/DefaultProxyConfig
instanceKlass org/mule/extension/http/api/request/proxy/HttpProxyConfig
instanceKlass org/mule/runtime/http/api/client/proxy/ProxyConfig
instanceKlass org/mule/runtime/http/api/client/auth/HttpAuthentication$HttpNtlmAuthentication
instanceKlass org/mule/extension/http/api/request/authentication/UsernamePasswordAuthentication
instanceKlass org/mule/runtime/http/api/client/auth/HttpAuthentication
instanceKlass org/mule/extension/http/api/request/authentication/HttpRequestAuthentication
instanceKlass org/mule/extension/http/internal/HttpOperations
instanceKlass org/mule/extension/http/internal/request/HttpRequesterConfig
instanceKlass org/mule/extension/http/internal/request/HttpRequesterCookieConfig
instanceKlass org/mule/extension/http/api/listener/server/HttpListenerConfig
instanceKlass org/mule/extension/http/internal/temporary/HttpConnector
instanceKlass org/mule/runtime/module/extension/internal/loader/java/property/InjectedFieldModelProperty
instanceKlass org/mule/runtime/extension/api/property/ImplicitConfigNameModelProperty
instanceKlass org/mule/runtime/extension/api/runtime/config/ConfigurationProvider
instanceKlass org/mule/runtime/extension/internal/declaration/type/MetadataTypeConstants
instanceKlass org/mule/runtime/extension/api/property/NoImplicitModelProperty
instanceKlass org/mule/runtime/extension/internal/property/NoConnectivityErrorModelProperty
instanceKlass org/mule/sdk/api/annotation/data/sample/SampleData
instanceKlass org/mule/runtime/module/extension/internal/loader/java/property/ConfigTypeModelProperty
instanceKlass org/mule/runtime/extension/api/annotation/metadata/RequiredForMetadata
instanceKlass org/mule/runtime/extension/api/property/RequiredForMetadataModelProperty
instanceKlass com/sun/org/apache/xerces/internal/parsers/AbstractSAXParser$LocatorProxy
instanceKlass org/xml/sax/ext/Locator2
instanceKlass com/sun/org/apache/xerces/internal/util/ErrorHandlerWrapper
instanceKlass com/sun/org/apache/xerces/internal/xni/parser/XMLErrorHandler
instanceKlass org/glassfish/jaxb/runtime/v2/runtime/unmarshaller/TagName
instanceKlass org/glassfish/jaxb/runtime/v2/runtime/unmarshaller/SAXConnector
instanceKlass com/sun/org/apache/xerces/internal/parsers/AbstractSAXParser$AttributesProxy
instanceKlass org/xml/sax/ext/Attributes2
instanceKlass org/xml/sax/Attributes
instanceKlass org/xml/sax/AttributeList
instanceKlass org/xml/sax/Parser
instanceKlass javax/xml/parsers/SAXParser
instanceKlass com/sun/org/apache/xerces/internal/xs/PSVIProvider
instanceKlass org/glassfish/jaxb/core/v2/util/XmlFactory$1
instanceKlass org/glassfish/jaxb/core/v2/util/XmlFactory
instanceKlass org/mule/runtime/core/internal/exception/ExceptionHandler
instanceKlass org/mule/runtime/core/internal/util/ClassUtils
instanceKlass com/sun/org/apache/xml/internal/utils/XMLReaderManager
instanceKlass com/sun/org/apache/xml/internal/serializer/OutputPropertiesFactory
instanceKlass javax/xml/transform/Transformer
instanceKlass com/sun/org/apache/xalan/internal/xsltc/DOMCache
instanceKlass javax/xml/catalog/CatalogMessages
instanceKlass javax/xml/catalog/Util
instanceKlass jdk/xml/internal/JdkProperty
instanceKlass jdk/xml/internal/XMLSecurityManager
instanceKlass com/sun/org/apache/xalan/internal/utils/FeaturePropertyBase
instanceKlass jdk/xml/internal/JdkXmlFeatures
instanceKlass javax/xml/catalog/CatalogFeatures$Builder
instanceKlass javax/xml/catalog/CatalogFeatures
instanceKlass jdk/xml/internal/TransformErrorListener
instanceKlass javax/xml/transform/ErrorListener
instanceKlass com/sun/org/apache/xalan/internal/xsltc/compiler/SourceLoader
instanceKlass javax/xml/transform/FactoryFinder
instanceKlass javax/xml/transform/TransformerFactory
instanceKlass org/glassfish/jaxb/runtime/v2/runtime/unmarshaller/UnmarshallingContext$State
instanceKlass org/glassfish/jaxb/runtime/v2/runtime/unmarshaller/Scope
instanceKlass org/glassfish/jaxb/runtime/v2/runtime/unmarshaller/LocatorExWrapper
instanceKlass org/xml/sax/helpers/LocatorImpl
instanceKlass org/glassfish/jaxb/runtime/v2/runtime/unmarshaller/XmlVisitor$TextPredictor
instanceKlass org/xml/sax/helpers/DefaultHandler
instanceKlass jakarta/xml/bind/UnmarshallerHandler
instanceKlass org/glassfish/jaxb/core/v2/runtime/unmarshaller/LocatorEx
instanceKlass org/glassfish/jaxb/runtime/v2/runtime/unmarshaller/XmlVisitor
instanceKlass org/glassfish/jaxb/runtime/IDResolver
instanceKlass jakarta/xml/bind/helpers/AbstractUnmarshallerImpl
instanceKlass org/glassfish/jaxb/runtime/v2/runtime/output/NamespaceContextImpl$Element
instanceKlass org/glassfish/jaxb/runtime/marshaller/NamespacePrefixMapper
instanceKlass org/glassfish/jaxb/runtime/v2/runtime/output/NamespaceContextImpl
instanceKlass org/glassfish/jaxb/runtime/CycleRecoverable$Context
instanceKlass org/glassfish/jaxb/runtime/v2/runtime/NamespaceContext2
instanceKlass jakarta/xml/bind/ValidationEventLocator
instanceKlass org/glassfish/jaxb/runtime/v2/runtime/Coordinator
instanceKlass jakarta/xml/bind/helpers/DefaultValidationEventHandler
instanceKlass org/glassfish/jaxb/runtime/v2/runtime/output/XmlOutputAbstractImpl
instanceKlass org/glassfish/jaxb/core/marshaller/CharacterEscapeHandler
instanceKlass org/glassfish/jaxb/runtime/v2/runtime/output/XmlOutput
instanceKlass org/xml/sax/helpers/XMLFilterImpl
instanceKlass org/xml/sax/DTDHandler
instanceKlass org/xml/sax/EntityResolver
instanceKlass org/xml/sax/XMLFilter
instanceKlass org/xml/sax/XMLReader
instanceKlass org/xml/sax/ContentHandler
instanceKlass jakarta/xml/bind/helpers/AbstractMarshallerImpl
instanceKlass jakarta/xml/bind/ValidationEventHandler
instanceKlass org/glassfish/jaxb/runtime/v2/runtime/NameList
instanceKlass org/glassfish/jaxb/runtime/v2/runtime/unmarshaller/ChildLoader
instanceKlass org/glassfish/jaxb/runtime/v2/runtime/property/ArrayERProperty$ReceiverImpl
instanceKlass org/glassfish/jaxb/runtime/v2/runtime/unmarshaller/StructureLoader$1
instanceKlass org/glassfish/jaxb/runtime/v2/runtime/property/UnmarshallerChain
instanceKlass jakarta/xml/bind/annotation/W3CDomHandler
instanceKlass jakarta/xml/bind/annotation/DomHandler
instanceKlass org/glassfish/jaxb/runtime/v2/runtime/ElementBeanInfoImpl$1
instanceKlass org/glassfish/jaxb/runtime/v2/runtime/unmarshaller/Intercepter
instanceKlass jakarta/xml/bind/JAXBElement
instanceKlass org/glassfish/jaxb/runtime/v2/runtime/property/TagAndType
instanceKlass org/glassfish/jaxb/runtime/v2/runtime/JaxBeanInfo$1
instanceKlass org/glassfish/jaxb/runtime/v2/runtime/LifecycleMethods
instanceKlass org/glassfish/jaxb/runtime/v2/runtime/reflect/TransducedAccessor
instanceKlass org/glassfish/jaxb/runtime/v2/runtime/Name
instanceKlass org/glassfish/jaxb/runtime/v2/runtime/reflect/Utils$1
instanceKlass org/glassfish/jaxb/runtime/v2/runtime/reflect/Utils
instanceKlass org/glassfish/jaxb/runtime/v2/runtime/reflect/Lister$2
instanceKlass org/glassfish/jaxb/runtime/v2/runtime/reflect/ListIterator
instanceKlass org/glassfish/jaxb/runtime/v2/runtime/reflect/Lister
instanceKlass org/glassfish/jaxb/runtime/v2/runtime/property/Utils$1
instanceKlass org/glassfish/jaxb/runtime/v2/runtime/property/Utils
instanceKlass org/glassfish/jaxb/runtime/v2/runtime/property/PropertyFactory$1
instanceKlass org/glassfish/jaxb/runtime/v2/runtime/property/PropertyFactory
instanceKlass org/glassfish/jaxb/runtime/v2/runtime/property/PropertyImpl
instanceKlass org/xml/sax/Locator
instanceKlass org/glassfish/jaxb/runtime/v2/runtime/property/Property
instanceKlass org/glassfish/jaxb/runtime/v2/runtime/property/StructureLoaderBuilder
instanceKlass org/glassfish/jaxb/runtime/v2/runtime/unmarshaller/Loader
instanceKlass org/glassfish/jaxb/core/v2/util/FlattenIterator
instanceKlass jakarta/xml/bind/annotation/XmlSeeAlso
instanceKlass org/mule/runtime/module/extension/internal/resources/documentation/DefaultXmlExtensionParameterDocumentation
instanceKlass org/mule/runtime/module/extension/api/resources/documentation/XmlExtensionParameterDocumentation
instanceKlass org/glassfish/jaxb/core/v2/TODO
instanceKlass jakarta/xml/bind/annotation/XmlSchemaTypes
instanceKlass org/glassfish/jaxb/core/v2/model/nav/ParameterizedTypeImpl
instanceKlass org/glassfish/jaxb/core/v2/model/nav/ReflectionNavigator$BinderArg
instanceKlass jakarta/xml/bind/annotation/adapters/XmlJavaTypeAdapters
instanceKlass org/glassfish/jaxb/runtime/v2/model/impl/Util
instanceKlass org/glassfish/jaxb/runtime/v2/model/runtime/RuntimeTypeRef
instanceKlass org/glassfish/jaxb/runtime/v2/model/impl/TypeRefImpl
instanceKlass org/glassfish/jaxb/core/v2/model/core/TypeRef
instanceKlass org/glassfish/jaxb/runtime/v2/model/impl/ClassInfoImpl$1
instanceKlass org/glassfish/jaxb/runtime/v2/model/impl/GetterSetterPropertySeed
instanceKlass org/glassfish/jaxb/runtime/v2/model/impl/RuntimeClassInfoImpl$RuntimePropertySeed
instanceKlass org/glassfish/jaxb/runtime/v2/model/annotation/MethodLocatable
instanceKlass org/glassfish/jaxb/runtime/v2/model/annotation/SecureLoader
instanceKlass jakarta/xml/bind/annotation/XmlElement$DEFAULT
instanceKlass org/glassfish/jaxb/core/v2/model/nav/ReflectionNavigator$5
instanceKlass org/glassfish/jaxb/core/annotation/XmlLocation
instanceKlass org/mule/runtime/module/extension/internal/resources/documentation/DefaultXmlExtensionElementDocumentation
instanceKlass org/glassfish/jaxb/core/v2/model/nav/ReflectionNavigator$3
instanceKlass jakarta/xml/bind/annotation/XmlAccessorType
instanceKlass org/glassfish/jaxb/runtime/AccessorFactoryImpl
instanceKlass org/glassfish/jaxb/runtime/InternalAccessorFactory
instanceKlass org/mule/runtime/module/extension/api/resources/documentation/XmlExtensionElementDocumentation
instanceKlass jakarta/xml/bind/annotation/XmlAccessorOrder
instanceKlass org/glassfish/jaxb/core/api/impl/NameUtil
instanceKlass org/glassfish/jaxb/core/api/impl/NameConverter
instanceKlass java/lang/Package$1PackageInfoProxy
instanceKlass org/glassfish/jaxb/core/annotation/OverrideAnnotationOf
instanceKlass jakarta/xml/bind/annotation/XmlMixed
instanceKlass jakarta/xml/bind/annotation/XmlAnyElement
instanceKlass jakarta/xml/bind/annotation/XmlElements
instanceKlass jakarta/xml/bind/annotation/XmlAnyAttribute
instanceKlass jakarta/xml/bind/annotation/XmlList
instanceKlass jakarta/xml/bind/annotation/XmlElementWrapper
instanceKlass jakarta/xml/bind/annotation/XmlAttachmentRef
instanceKlass jakarta/xml/bind/annotation/XmlMimeType
instanceKlass jakarta/xml/bind/annotation/XmlInlineBinaryData
instanceKlass jakarta/xml/bind/annotation/XmlIDREF
instanceKlass jakarta/xml/bind/annotation/XmlID
instanceKlass jakarta/xml/bind/annotation/adapters/XmlJavaTypeAdapter
instanceKlass org/glassfish/jaxb/runtime/AccessorFactory
instanceKlass org/glassfish/jaxb/runtime/v2/model/runtime/RuntimeReferencePropertyInfo
instanceKlass org/glassfish/jaxb/runtime/v2/model/runtime/RuntimeValuePropertyInfo
instanceKlass org/glassfish/jaxb/core/v2/model/core/ValuePropertyInfo
instanceKlass org/glassfish/jaxb/runtime/v2/model/runtime/RuntimeAttributePropertyInfo
instanceKlass org/glassfish/jaxb/core/v2/model/core/AttributePropertyInfo
instanceKlass org/glassfish/jaxb/runtime/v2/model/runtime/RuntimeElementPropertyInfo
instanceKlass org/glassfish/jaxb/core/v2/model/core/ElementPropertyInfo
instanceKlass org/glassfish/jaxb/runtime/v2/runtime/reflect/Accessor
instanceKlass org/glassfish/jaxb/runtime/v2/runtime/unmarshaller/Receiver
instanceKlass org/glassfish/jaxb/runtime/v2/model/runtime/RuntimeNonElementRef
instanceKlass org/glassfish/jaxb/core/v2/model/core/NonElementRef
instanceKlass org/glassfish/jaxb/runtime/v2/model/runtime/RuntimeMapPropertyInfo
instanceKlass org/glassfish/jaxb/runtime/v2/model/runtime/RuntimePropertyInfo
instanceKlass org/glassfish/jaxb/core/v2/model/core/MapPropertyInfo
instanceKlass org/glassfish/jaxb/runtime/v2/model/impl/DummyPropertyInfo
instanceKlass org/glassfish/jaxb/core/v2/model/core/ReferencePropertyInfo
instanceKlass org/glassfish/jaxb/runtime/v2/model/impl/PropertyInfoImpl
instanceKlass org/glassfish/jaxb/core/v2/model/core/PropertyInfo
instanceKlass org/glassfish/jaxb/runtime/v2/model/impl/PropertySeed
instanceKlass org/glassfish/jaxb/core/v2/model/annotation/AnnotationSource
instanceKlass jakarta/xml/bind/annotation/XmlValue
instanceKlass jakarta/xml/bind/annotation/XmlType
instanceKlass jakarta/xml/bind/annotation/XmlTransient
instanceKlass jakarta/xml/bind/annotation/XmlSchemaType
instanceKlass jakarta/xml/bind/annotation/XmlEnum
instanceKlass jakarta/xml/bind/annotation/XmlElementRefs
instanceKlass jakarta/xml/bind/annotation/XmlElementRef
instanceKlass jakarta/xml/bind/annotation/XmlElementDecl
instanceKlass jakarta/xml/bind/annotation/XmlElement
instanceKlass jakarta/xml/bind/annotation/XmlAttribute
instanceKlass org/glassfish/jaxb/runtime/v2/model/annotation/Quick
instanceKlass org/glassfish/jaxb/runtime/v2/model/annotation/Init
instanceKlass org/glassfish/jaxb/runtime/v2/model/annotation/LocatableAnnotation
instanceKlass jakarta/xml/bind/annotation/XmlRootElement
instanceKlass jakarta/xml/bind/annotation/XmlRegistry
instanceKlass org/glassfish/jaxb/core/v2/model/core/Ref
instanceKlass org/glassfish/jaxb/runtime/api/CompositeStructure
instanceKlass org/glassfish/jaxb/runtime/v2/runtime/IllegalAnnotationsException$Builder
instanceKlass org/glassfish/jaxb/core/v2/runtime/RuntimeUtil
instanceKlass org/glassfish/jaxb/runtime/v2/model/impl/AnyTypeImpl
instanceKlass org/glassfish/jaxb/runtime/v2/model/impl/TypeInfoSetImpl$1
instanceKlass org/glassfish/jaxb/runtime/v2/model/impl/RuntimeBuiltinLeafInfoImpl$28
instanceKlass javax/xml/datatype/Duration
instanceKlass jakarta/activation/DataHandler
instanceKlass jakarta/activation/DataSource
instanceKlass java/awt/Graphics
instanceKlass java/awt/Component
instanceKlass java/awt/MenuContainer
instanceKlass java/awt/image/ImageObserver
instanceKlass java/awt/Transparency
instanceKlass java/awt/image/WritableRenderedImage
instanceKlass java/awt/Image
instanceKlass org/glassfish/jaxb/runtime/v2/runtime/output/Pcdata
instanceKlass jakarta/xml/bind/ValidationEvent
instanceKlass java/awt/image/RenderedImage
instanceKlass javax/xml/datatype/DatatypeConstants$Field
instanceKlass javax/xml/datatype/DatatypeConstants
instanceKlass org/glassfish/jaxb/runtime/v2/model/impl/RuntimeBuiltinLeafInfoImpl$1
instanceKlass org/glassfish/jaxb/runtime/v2/model/impl/LeafInfoImpl
instanceKlass org/glassfish/jaxb/runtime/v2/model/runtime/RuntimeBuiltinLeafInfo
instanceKlass org/glassfish/jaxb/core/v2/model/core/BuiltinLeafInfo
instanceKlass org/glassfish/jaxb/runtime/v2/model/impl/ModelBuilder$1
instanceKlass org/glassfish/jaxb/runtime/v2/model/impl/Utils$1
instanceKlass org/glassfish/jaxb/core/v2/model/nav/TypeVisitor
instanceKlass org/apache/commons/lang3/tuple/Pair
instanceKlass org/glassfish/jaxb/core/v2/model/nav/ReflectionNavigator
instanceKlass org/mule/metadata/internal/utils/EfficientEquals
instanceKlass org/glassfish/jaxb/core/v2/model/nav/Navigator
instanceKlass org/glassfish/jaxb/runtime/v2/model/impl/Utils
instanceKlass org/glassfish/jaxb/core/WhiteSpaceProcessor
instanceKlass jakarta/xml/bind/annotation/XmlSchema
instanceKlass org/glassfish/jaxb/runtime/v2/model/runtime/RuntimeElementInfo
instanceKlass org/glassfish/jaxb/core/v2/model/core/ElementInfo
instanceKlass org/glassfish/jaxb/runtime/v2/model/runtime/RuntimeElement
instanceKlass org/glassfish/jaxb/runtime/v2/model/runtime/RuntimeClassInfo
instanceKlass org/glassfish/jaxb/core/v2/model/core/ClassInfo
instanceKlass org/glassfish/jaxb/runtime/v2/model/runtime/RuntimeEnumLeafInfo
instanceKlass org/glassfish/jaxb/core/v2/model/core/Element
instanceKlass org/glassfish/jaxb/core/v2/model/core/EnumLeafInfo
instanceKlass org/glassfish/jaxb/runtime/v2/runtime/Transducer
instanceKlass org/mule/runtime/api/meta/model/ExternalLibraryModel$ExternalLibraryModelBuilder
instanceKlass org/glassfish/jaxb/runtime/v2/model/runtime/RuntimeTypeInfoSet
instanceKlass org/mule/sdk/api/connectivity/CachedConnectionProvider
instanceKlass org/glassfish/jaxb/runtime/v2/model/impl/TypeInfoSetImpl
instanceKlass org/glassfish/jaxb/runtime/v2/model/runtime/RuntimeArrayInfo
instanceKlass com/mulesoft/connector/snowflake/internal/connection/provider/CommonParameters
instanceKlass com/mulesoft/connector/snowflake/internal/connection/DataSourceConfig
instanceKlass org/glassfish/jaxb/runtime/v2/model/impl/TypeInfoImpl
instanceKlass com/mulesoft/connector/snowflake/internal/connection/SnowflakeJdbcConnectionFactory
instanceKlass com/mulesoft/connector/snowflake/internal/connection/JdbcConnectionFactory
instanceKlass org/glassfish/jaxb/core/v2/runtime/Location
instanceKlass javax/sql/DataSource
instanceKlass java/sql/Wrapper
instanceKlass javax/sql/CommonDataSource
instanceKlass org/glassfish/jaxb/core/v2/model/core/ArrayInfo
instanceKlass com/mulesoft/connector/snowflake/internal/connection/DataSourceFactory
instanceKlass com/mulesoft/connector/snowflake/api/config/DbPoolingProfile
instanceKlass org/glassfish/jaxb/core/v2/model/core/RegistryInfo
instanceKlass org/glassfish/jaxb/runtime/v2/model/impl/ModelBuilder
instanceKlass org/mule/runtime/api/artifact/Registry
instanceKlass org/mule/runtime/api/config/DatabasePoolingProfile
instanceKlass org/glassfish/jaxb/core/v2/model/impl/ModelBuilderI
instanceKlass org/mule/runtime/extension/api/model/parameter/ImmutableActingParameterModel
instanceKlass org/glassfish/jaxb/runtime/v2/runtime/NameBuilder
instanceKlass org/mule/runtime/module/extension/internal/loader/parser/java/JavaActingParameterModelParser
instanceKlass com/mulesoft/connector/snowflake/internal/metadata/ColumnValueProvider
instanceKlass com/sun/istack/Pool$Impl
instanceKlass com/mulesoft/connector/snowflake/internal/metadata/TableKeyMetadataResolver
instanceKlass com/mulesoft/connector/snowflake/internal/param/RowListenerParameterGroup
instanceKlass org/glassfish/jaxb/runtime/v2/util/QNameMap$Entry
instanceKlass org/glassfish/jaxb/runtime/v2/util/QNameMap
instanceKlass org/glassfish/jaxb/runtime/v2/runtime/JAXBContextImpl$6
instanceKlass jakarta/xml/bind/JAXBIntrospector
instanceKlass org/glassfish/jaxb/core/v2/model/core/TypeInfoSet
instanceKlass org/glassfish/jaxb/runtime/api/RawAccessor
instanceKlass org/glassfish/jaxb/runtime/api/BridgeContext
instanceKlass org/glassfish/jaxb/core/v2/model/core/ErrorHandler
instanceKlass jakarta/xml/bind/Binder
instanceKlass org/glassfish/jaxb/core/unmarshaller/InfosetScanner
instanceKlass org/glassfish/jaxb/core/api/ErrorListener
instanceKlass org/xml/sax/ErrorHandler
instanceKlass jakarta/xml/bind/Unmarshaller
instanceKlass jakarta/xml/bind/Marshaller
instanceKlass org/glassfish/jaxb/runtime/api/Bridge
instanceKlass com/sun/istack/Pool
instanceKlass org/glassfish/jaxb/runtime/v2/model/runtime/RuntimeLeafInfo
instanceKlass org/glassfish/jaxb/runtime/v2/model/runtime/RuntimeNonElement
instanceKlass org/glassfish/jaxb/runtime/v2/model/runtime/RuntimeTypeInfo
instanceKlass org/glassfish/jaxb/core/v2/model/core/LeafInfo
instanceKlass org/glassfish/jaxb/core/v2/model/core/MaybeElement
instanceKlass org/glassfish/jaxb/core/v2/model/core/NonElement
instanceKlass org/glassfish/jaxb/core/v2/model/core/TypeInfo
instanceKlass org/glassfish/jaxb/core/v2/model/annotation/Locatable
instanceKlass org/glassfish/jaxb/runtime/v2/runtime/AttributeAccessor
instanceKlass org/glassfish/jaxb/runtime/v2/runtime/JaxBeanInfo
instanceKlass org/glassfish/jaxb/runtime/v2/model/annotation/AbstractInlineAnnotationReaderImpl
instanceKlass org/glassfish/jaxb/runtime/v2/runtime/JAXBContextImpl$JAXBContextBuilder
instanceKlass org/glassfish/jaxb/runtime/v2/util/TypeCast
instanceKlass org/glassfish/jaxb/core/StackHelper
instanceKlass org/glassfish/jaxb/core/Utils
instanceKlass org/glassfish/jaxb/runtime/v2/JAXBContextFactory
instanceKlass org/glassfish/jaxb/core/v2/ClassFactory
instanceKlass org/glassfish/jaxb/runtime/v2/MUtils
instanceKlass org/glassfish/jaxb/runtime/v2/model/annotation/RuntimeAnnotationReader
instanceKlass org/glassfish/jaxb/core/v2/model/annotation/AnnotationReader
instanceKlass jakarta/xml/bind/ModuleUtil
instanceKlass org/glassfish/jaxb/runtime/v2/ContextFactory
instanceKlass org/mule/extension/email/internal/mailbox/imap/IMAPRemoteSearchTerm
instanceKlass sun/security/util/ManifestEntryVerifier
instanceKlass jakarta/xml/bind/ServiceLoaderUtil
instanceKlass jakarta/xml/bind/JAXBContextFactory
instanceKlass jakarta/xml/bind/GetPropertyAction
instanceKlass jakarta/xml/bind/ServiceLoaderUtil$ExceptionHandler
instanceKlass jakarta/xml/bind/ContextFinder
instanceKlass jakarta/xml/bind/JAXBContext
instanceKlass org/mule/runtime/module/extension/internal/resources/documentation/DefaultXmlExtensionDocumentation
instanceKlass org/mule/runtime/module/extension/api/resources/documentation/XmlExtensionDocumentation
instanceKlass org/mule/runtime/module/extension/internal/resources/documentation/DefaultExtensionDescriptionsSerializer
instanceKlass org/mule/runtime/module/extension/api/resources/documentation/ExtensionDescriptionsSerializer
instanceKlass org/mule/runtime/module/extension/internal/metadata/MetadataScopeAdapter
instanceKlass org/mule/sdk/api/annotation/param/RuntimeVersion
instanceKlass org/mule/extension/email/api/exception/EmailAccessingFolderErrorTypeProvider
instanceKlass org/mule/sdk/api/annotation/param/RefName
instanceKlass javax/mail/Flags
instanceKlass org/mule/extension/email/api/EmailFlags
instanceKlass org/mule/runtime/extension/internal/loader/enricher/ClusterSupportEnricher$2
instanceKlass org/mule/extension/email/internal/commands/ExpungeCommand
instanceKlass org/mule/extension/email/api/exception/EmailMarkingErrorTypeProvider
instanceKlass com/sun/mail/iap/ResponseHandler
instanceKlass javax/mail/UIDFolder
instanceKlass org/mule/runtime/extension/api/property/SyntheticModelModelProperty
instanceKlass org/mule/runtime/extension/api/connectivity/oauth/OAuthGrantTypeVisitor
instanceKlass org/mule/sdk/api/annotation/source/EmitsResponse
instanceKlass org/mule/sdk/api/stereotype/ImplicitStereotypeDefinition
instanceKlass org/mule/runtime/extension/api/runtime/source/PollContext$PollItem
instanceKlass org/mule/runtime/extension/api/runtime/source/PollContext
instanceKlass org/mule/runtime/module/extension/internal/loader/delegate/StereotypeModelLoaderDelegate$LegacyObjectTypeStereotypeResolver
instanceKlass org/mule/runtime/module/extension/internal/loader/delegate/StereotypeModelLoaderDelegate$ObjectTypeStereotypeResolver
instanceKlass org/mule/extension/email/internal/value/MailboxFolderValueProvider
instanceKlass org/mule/extension/email/internal/StoredEmailContentFactory
instanceKlass org/mule/runtime/extension/internal/property/PagedOperationModelProperty
instanceKlass org/mule/extension/socket/api/socket/factory/SimpleSocketFactory
instanceKlass org/mule/runtime/extension/api/declaration/type/annotation/ConfigOverrideTypeAnnotation
instanceKlass org/mule/extension/email/api/exception/EmailCountingErrorTypeProvider
instanceKlass org/mule/runtime/extension/api/property/MetadataKeyIdModelProperty
instanceKlass org/mule/metadata/api/builder/BasicTypeBuilder
instanceKlass org/mule/runtime/extension/api/loader/parser/metadata/RoutesChainInputTypesResolverModelParser
instanceKlass org/mule/runtime/extension/api/loader/parser/metadata/ScopeChainInputTypeResolverModelParser
instanceKlass javax/mail/Folder
instanceKlass org/mule/runtime/api/metadata/resolving/PartialTypeKeysResolver
instanceKlass org/mule/sdk/api/metadata/resolving/PartialTypeKeysResolver
instanceKlass org/mule/extension/socket/api/exceptions/SocketsErrorTypeProvider
instanceKlass javax/mail/Message
instanceKlass javax/mail/Part
instanceKlass org/mule/extension/socket/api/connection/RequesterConnection
instanceKlass org/mule/runtime/module/extension/internal/loader/parser/java/metadata/JavaMetadataKeyModelParser
instanceKlass org/mule/extension/email/api/StoredEmailContent
instanceKlass org/mule/extension/email/internal/util/TimeSinceFunction
instanceKlass org/mule/extension/email/internal/util/TimeUntilFunction
instanceKlass org/mule/extension/email/internal/commands/SetFlagCommand
instanceKlass org/mule/runtime/api/metadata/resolving/OutputStaticTypeResolver
instanceKlass org/mule/extension/email/internal/errors/EmailListingErrorTypeProvider
instanceKlass org/mule/extension/email/internal/mailbox/MailboxAccessConfigOverrides
instanceKlass org/mule/extension/email/api/predicate/BaseEmailPredicateBuilder
instanceKlass org/mule/runtime/extension/api/property/DefaultImplementingTypeModelProperty
instanceKlass org/mule/sdk/api/connectivity/PoolingConnectionProvider
instanceKlass org/mule/runtime/extension/api/property/ExcludeFromConnectivitySchemaModelProperty
instanceKlass org/mule/extension/socket/api/SocketConnectionSettings
instanceKlass org/mule/extension/socket/api/socket/factory/SimpleServerSocketFactory
instanceKlass org/mule/runtime/extension/api/connectivity/oauth/OAuthModelProperty
instanceKlass org/mule/extension/socket/api/connection/AbstractSocketConnection
instanceKlass org/mule/runtime/extension/api/connectivity/oauth/ClientCredentialsGrantType
instanceKlass org/mule/sdk/api/annotation/connectivity/oauth/ClientCredentials
instanceKlass org/mule/runtime/extension/api/annotation/connectivity/oauth/ClientCredentials
instanceKlass org/mule/runtime/extension/api/connectivity/oauth/AuthorizationCodeGrantType
instanceKlass org/mule/runtime/extension/api/connectivity/oauth/OAuthGrantType
instanceKlass org/mule/sdk/api/annotation/connectivity/oauth/AuthorizationCode
instanceKlass org/mule/runtime/extension/api/annotation/connectivity/oauth/AuthorizationCode
instanceKlass org/mule/sdk/api/annotation/source/BackPressure
instanceKlass org/mule/runtime/extension/api/annotation/source/BackPressure
instanceKlass org/mule/runtime/module/extension/internal/loader/java/property/ConnectionProviderFactoryModelProperty
instanceKlass org/mule/runtime/module/extension/internal/loader/parser/java/JavaBackPressureModeParser
instanceKlass org/mule/runtime/extension/api/loader/parser/BackPressureModeParser
instanceKlass org/mule/runtime/module/extension/internal/loader/java/DefaultConnectionProviderFactory
instanceKlass org/mule/sdk/api/connectivity/XATransactionalConnectionProvider
instanceKlass org/mule/runtime/module/extension/internal/loader/parser/java/source/JavaSourceModelParserUtils$1
instanceKlass org/mule/runtime/module/extension/internal/loader/parser/java/source/JavaSourceModelParserUtils
instanceKlass org/mule/runtime/module/extension/internal/loader/java/property/oauth/OAuthCallbackValuesModelProperty
instanceKlass org/mule/sdk/api/annotation/connectivity/oauth/OAuthCallbackValue
instanceKlass org/mule/extension/email/internal/EmailConnectionSettings
instanceKlass org/mule/extension/email/internal/TimeoutSettings
instanceKlass org/mule/runtime/extension/api/annotation/connectivity/oauth/OAuthCallbackValue
instanceKlass org/mule/runtime/module/extension/internal/loader/java/property/ConnectionTypeModelProperty
instanceKlass org/mule/runtime/extension/api/runtime/connectivity/ConnectionProviderFactory
instanceKlass org/mule/runtime/module/extension/internal/loader/parser/java/JavaConnectionProviderModelParser
instanceKlass org/mule/runtime/extension/api/loader/parser/ConnectionProviderModelParser
instanceKlass org/mule/runtime/module/extension/api/loader/java/type/ConnectionProviderElement
instanceKlass org/mule/sdk/api/annotation/connectivity/ConnectionProviders
instanceKlass org/mule/runtime/extension/api/loader/parser/FunctionModelParser
instanceKlass org/mule/runtime/module/extension/api/loader/java/type/FunctionContainerElement
instanceKlass org/mule/sdk/api/annotation/ExpressionFunctions
instanceKlass org/mule/runtime/extension/api/annotation/ExpressionFunctions
instanceKlass org/mule/sdk/api/annotation/source/ClusterSupport
instanceKlass com/mulesoft/connector/snowflake/internal/metadata/CopyIntoLocationMetadataResolver
instanceKlass org/mule/runtime/extension/api/annotation/source/ClusterSupport
instanceKlass com/mulesoft/connector/snowflake/api/params/copyintolocation/CopyOptionsForCopyIntoLocation
instanceKlass org/mule/runtime/module/extension/internal/error/SdkErrorTypeProviderAdapter
instanceKlass org/mule/sdk/api/annotation/error/ErrorTypeProvider
instanceKlass com/mulesoft/connector/snowflake/api/params/AdvancedCopyIntoTableParams
instanceKlass org/mule/sdk/api/annotation/error/Throws
instanceKlass com/mulesoft/connector/snowflake/internal/metadata/CopyIntoTableMetadataResolver
instanceKlass org/mule/runtime/extension/internal/property/NoTransactionalActionModelProperty
instanceKlass org/mule/runtime/extension/internal/property/NoStreamingConfigurationModelProperty
instanceKlass org/mule/sdk/api/annotation/execution/Execution
instanceKlass com/mulesoft/connector/snowflake/api/params/copyintotable/CopyOptionsForCopyIntoTable
instanceKlass org/mule/runtime/extension/api/annotation/execution/Execution
instanceKlass org/mule/runtime/module/extension/internal/loader/parser/java/JavaSourceModelParser$JavaSourceCallbackModelParser
instanceKlass org/mule/runtime/api/el/MuleExpressionLanguage
instanceKlass org/mule/runtime/module/extension/internal/loader/parser/java/JavaValueProviderFactory
instanceKlass org/mule/runtime/extension/api/values/ImmutableValue
instanceKlass org/mule/runtime/api/value/Value
instanceKlass org/mule/runtime/extension/api/values/ValueBuilder
instanceKlass org/mule/runtime/module/extension/internal/loader/parser/java/stereotypes/JavaStereotypeModelParserUtils$1
instanceKlass com/mulesoft/connector/snowflake/api/params/ScheduleOptionTimeInterval
instanceKlass com/mulesoft/connector/snowflake/api/params/ScheduleOptionCronExpression
instanceKlass org/mule/runtime/api/util/FunctionalUtils
instanceKlass org/mule/runtime/module/extension/internal/value/ValueProviderUtils
instanceKlass org/mule/runtime/module/extension/internal/loader/parser/java/stereotypes/DefaultStereotypeModelFactory$1
instanceKlass com/mulesoft/connector/snowflake/api/params/ScheduleOption
instanceKlass com/mulesoft/connector/snowflake/api/params/AdvancedTaskParams
instanceKlass org/mule/db/commons/internal/domain/metadata/StoredProcedureMetadataResolver
instanceKlass org/mule/sdk/api/annotation/param/stereotype/Validator
instanceKlass org/mule/runtime/extension/api/annotation/param/stereotype/Validator
instanceKlass org/mule/runtime/module/extension/internal/loader/parser/java/stereotypes/SdkStereotypeDefinitionAdapter
instanceKlass org/mule/sdk/api/annotation/values/ValuePart
instanceKlass org/mule/runtime/extension/api/annotation/values/ValuePart
instanceKlass com/mulesoft/connector/snowflake/internal/service/DbConnectorService
instanceKlass org/mule/runtime/module/extension/internal/loader/parser/java/stereotypes/JavaStereotypeModelParserUtils
instanceKlass com/mulesoft/connector/snowflake/internal/util/ExcludeFromGeneratedCoverage
instanceKlass org/mule/runtime/module/extension/internal/loader/ParameterGroupDescriptor
instanceKlass org/mule/runtime/module/extension/internal/loader/java/property/ParameterGroupModelProperty
instanceKlass org/mule/sdk/api/annotation/notification/Fires
instanceKlass org/mule/runtime/module/extension/internal/loader/parser/java/metadata/JavaInputResolverModelParser
instanceKlass org/mule/runtime/extension/api/annotation/notification/Fires
instanceKlass org/mule/runtime/module/extension/internal/loader/parser/java/notification/NotificationModelParserUtils
instanceKlass org/slf4j/helpers/BasicMarker
instanceKlass org/slf4j/Marker
instanceKlass org/slf4j/helpers/BasicMarkerFactory
instanceKlass org/slf4j/impl/StaticMarkerBinder
instanceKlass org/slf4j/spi/MarkerFactoryBinder
instanceKlass com/github/benmanes/caffeine/cache/LinkedDeque$PeekingIterator
instanceKlass org/slf4j/IMarkerFactory
instanceKlass org/mule/runtime/module/extension/internal/loader/parser/ParameterModelParserDecorator
instanceKlass org/slf4j/MarkerFactory
instanceKlass org/mule/extension/helpers/logger/ConnectorLoggerImpl
instanceKlass com/github/benmanes/caffeine/cache/FrequencySketch
instanceKlass com/mulesoft/connector/snowflake/internal/domain/type/SnowflakeAbstractDbType
instanceKlass com/mulesoft/connector/snowflake/internal/domain/type/SnowflakeDbType
instanceKlass org/mule/runtime/extension/api/declaration/type/annotation/FlattenedTypeAnnotation
instanceKlass com/mulesoft/connector/snowflake/api/params/SnowflakeTypeClassifier
instanceKlass com/mulesoft/connector/snowflake/api/params/SnowflakeParameterType
instanceKlass org/mule/runtime/module/extension/internal/loader/java/property/MediaTypeModelProperty
instanceKlass org/mule/runtime/module/extension/api/loader/java/property/CompletableComponentExecutorModelProperty
instanceKlass org/mule/runtime/extension/api/runtime/operation/CompletableComponentExecutor
instanceKlass org/mule/runtime/module/extension/internal/runtime/objectbuilder/ObjectBuilder
instanceKlass org/mule/runtime/module/extension/internal/runtime/execution/CompletableOperationExecutorFactory
instanceKlass com/mulesoft/connector/snowflake/api/params/SnowflakeStatementResult
instanceKlass org/mule/runtime/module/extension/internal/loader/parser/java/JavaExtensionModelParserUtils$DefaultMediaTypeParser
instanceKlass org/mule/runtime/extension/api/loader/parser/MediaTypeParser
instanceKlass com/mulesoft/connector/snowflake/api/params/SnowflakeAutoGenerateKeysAttributes
instanceKlass org/mule/db/commons/internal/domain/autogeneratedkey/AutoGenerateKeysAttributes
instanceKlass org/mule/sdk/api/annotation/param/MediaType
instanceKlass org/mule/runtime/module/extension/internal/loader/java/property/SdkSourceFactoryModelProperty
instanceKlass org/mule/springframework/util/StringUtils
instanceKlass org/mule/runtime/module/extension/internal/loader/java/property/stackabletypes/StackableTypesValueResolverFactory
instanceKlass org/mule/runtime/module/extension/internal/loader/parser/java/source/JavaSdkSourceFactory
instanceKlass org/mule/runtime/extension/api/runtime/source/SdkSourceFactory
instanceKlass org/mule/sdk/api/runtime/source/Source
instanceKlass org/mule/sdk/api/metadata/NullMetadataResolver
instanceKlass org/mule/sdk/api/metadata/resolving/AttributesTypeResolver
instanceKlass org/mule/sdk/api/metadata/resolving/OutputTypeResolver
instanceKlass org/mule/runtime/module/extension/internal/loader/java/property/NullSafeModelProperty
instanceKlass org/mule/sdk/api/metadata/resolving/TypeKeysResolver
instanceKlass org/mule/runtime/module/extension/internal/loader/ModelLoaderDelegateUtils
instanceKlass org/mule/sdk/api/metadata/resolving/InputTypeResolver
instanceKlass org/mule/sdk/api/metadata/resolving/StaticResolver
instanceKlass org/mule/sdk/api/annotation/source/OnBackPressure
instanceKlass org/mule/runtime/api/metadata/resolving/StaticResolver
instanceKlass org/mule/runtime/api/transformation/TransformationService
instanceKlass org/mule/runtime/extension/api/annotation/source/OnBackPressure
instanceKlass org/mule/runtime/module/extension/internal/loader/utils/JavaMetadataTypeResolverUtils
instanceKlass org/mule/extension/email/internal/commands/SendCommand
instanceKlass org/mule/sdk/api/annotation/execution/OnTerminate
instanceKlass org/mule/sdk/api/annotation/execution/OnError
instanceKlass org/mule/extension/email/internal/value/ContentTransferEncodingValueProvider
instanceKlass org/mule/db/commons/internal/domain/metadata/BaseDbMetadataResolver
instanceKlass org/mule/runtime/extension/api/annotation/execution/OnError
instanceKlass org/mule/extension/socket/api/worker/SocketWorker
instanceKlass org/mule/runtime/extension/api/runtime/source/SourceCallback
instanceKlass org/mule/sdk/api/annotation/execution/OnSuccess
instanceKlass org/mule/runtime/extension/api/annotation/execution/OnSuccess
instanceKlass org/mule/extension/email/internal/errors/SendErrorTypeProvider
instanceKlass org/mule/runtime/module/extension/internal/loader/java/property/SourceCallbackModelProperty
instanceKlass org/mule/runtime/module/extension/api/loader/java/type/TypeGeneric
instanceKlass org/mule/runtime/module/extension/internal/loader/java/property/ExclusiveOptionalModelProperty
instanceKlass org/mule/springframework/core/ResolvableType$WildcardBounds
instanceKlass org/mule/runtime/api/exception/ErrorMessageAwareException
instanceKlass org/mule/extension/email/internal/util/AttachmentsGroup
instanceKlass org/mule/extension/email/internal/sender/EmailBody
instanceKlass org/mule/extension/email/internal/sender/EmailSettings
instanceKlass org/mule/extension/email/internal/AbstractEmailConnection
instanceKlass org/mule/springframework/util/ReflectionUtils$FieldFilter
instanceKlass org/mule/springframework/util/ReflectionUtils$MethodFilter
instanceKlass org/mule/springframework/util/ReflectionUtils
instanceKlass com/mulesoft/connector/snowflake/api/params/SnowflakeQuerySettings
instanceKlass org/mule/sdk/api/annotation/param/stereotype/AllowedStereotypes
instanceKlass org/mule/runtime/extension/api/annotation/param/stereotype/AllowedStereotypes
instanceKlass com/mulesoft/connector/snowflake/api/params/SnowflakeBulkScript
instanceKlass org/mule/sdk/api/annotation/ConfigReferences
instanceKlass org/mule/springframework/core/SerializableTypeWrapper$MethodInvokeTypeProvider
instanceKlass org/mule/runtime/module/extension/internal/loader/java/property/ImplementingMethodModelProperty
instanceKlass org/mule/sdk/api/annotation/param/reference/ConfigReference
instanceKlass org/mule/sdk/api/annotation/param/reference/ObjectStoreReference
instanceKlass org/mule/runtime/module/extension/internal/loader/java/type/property/ExtensionOperationDescriptorModelProperty
instanceKlass org/mule/sdk/api/annotation/param/reference/FlowReference
instanceKlass org/mule/springframework/core/SerializableTypeWrapper$TypeProxyInvocationHandler
instanceKlass org/mule/sdk/api/annotation/Streaming
instanceKlass org/mule/sdk/api/annotation/semantics/SemanticTerms
instanceKlass org/mule/runtime/extension/api/annotation/Streaming
instanceKlass org/mule/runtime/module/extension/internal/loader/parser/java/semantics/SemanticTermsParserUtils
instanceKlass org/mule/runtime/extension/api/runtime/streaming/PagingProvider
instanceKlass org/mule/springframework/core/NativeDetector
instanceKlass org/mule/runtime/extension/api/declaration/type/annotation/SemanticTermsTypeAnnotation
instanceKlass kotlin/reflect/full/KClasses
instanceKlass org/mule/runtime/extension/api/connectivity/oauth/OAuthParameterModelProperty
instanceKlass org/mule/sdk/api/annotation/metadata/fixed/AttributesJsonType
instanceKlass org/mule/runtime/extension/api/annotation/metadata/fixed/AttributesJsonType
instanceKlass kotlin/jvm/JvmInline
instanceKlass kotlin/Metadata
instanceKlass org/mule/sdk/api/annotation/metadata/fixed/AttributesXmlType
instanceKlass org/mule/runtime/extension/api/annotation/metadata/fixed/AttributesXmlType
instanceKlass org/mule/sdk/api/annotation/values/FieldValues
instanceKlass java/util/IdentityHashMap$EntryIterator$Entry
instanceKlass org/mule/sdk/api/annotation/values/FieldsValues
instanceKlass org/mule/runtime/extension/api/loader/parser/FieldValueProviderModelParser
instanceKlass org/mule/springframework/util/ClassUtils
instanceKlass java/net/Socket
instanceKlass java/net/DatagramSocket
instanceKlass java/net/DatagramPacket
instanceKlass org/mule/springframework/core/KotlinDetector
instanceKlass org/mule/sdk/api/annotation/values/OfValues
instanceKlass org/mule/runtime/extension/api/annotation/values/OfValues
instanceKlass java/security/PublicKey
instanceKlass org/mule/runtime/extension/api/loader/parser/ActingParameterModelParser
instanceKlass org/mule/runtime/module/extension/internal/loader/parser/java/JavaValueProviderModelParser
instanceKlass org/mule/runtime/module/extension/internal/loader/java/property/ImplementingParameterModelProperty
instanceKlass org/mule/sdk/api/annotation/param/stereotype/ComponentId
instanceKlass org/mule/runtime/extension/api/annotation/param/stereotype/ComponentId
instanceKlass org/mule/sdk/api/annotation/param/Content
instanceKlass org/mule/runtime/extension/api/loader/parser/metadata/InputResolverModelParser
instanceKlass org/mule/runtime/module/extension/internal/loader/utils/JavaInputResolverModelParserUtils
instanceKlass org/mule/extension/helpers/logger/ConnectorLogger
instanceKlass org/mule/runtime/extension/api/property/MetadataKeyPartModelProperty
instanceKlass org/mule/sdk/api/annotation/param/ExclusiveOptionals
instanceKlass org/mule/sdk/api/annotation/metadata/MetadataKeyPart
instanceKlass org/mule/runtime/extension/api/annotation/param/ExclusiveOptionals
instanceKlass org/mule/runtime/extension/api/annotation/metadata/MetadataKeyPart
instanceKlass org/mule/runtime/extension/api/runtime/operation/ComponentExecutorFactory
instanceKlass org/mule/runtime/module/extension/internal/util/MuleExtensionUtils
instanceKlass org/mule/runtime/extension/api/loader/parser/metadata/MetadataKeyModelParser
instanceKlass org/mule/runtime/module/extension/internal/loader/utils/JavaMetadataKeyIdModelParserUtils
instanceKlass org/mule/runtime/api/streaming/object/CursorIteratorProvider
instanceKlass org/mule/sdk/api/annotation/metadata/AllOfRoutesOutputChainResolver
instanceKlass org/mule/runtime/api/streaming/bytes/CursorStreamProvider
instanceKlass org/mule/sdk/api/annotation/metadata/OneOfRoutesOutputChainResolver
instanceKlass org/mule/runtime/module/extension/internal/loader/parser/java/JavaAttributesResolverModelParser
instanceKlass org/mule/runtime/extension/api/loader/parser/AttributesResolverModelParser
instanceKlass org/mule/runtime/module/extension/internal/loader/parser/java/metadata/JavaOutputResolverModelParser
instanceKlass org/mule/sdk/api/annotation/metadata/PassThroughOutputChainResolver
instanceKlass org/mule/runtime/module/extension/internal/loader/java/property/stackabletypes/StackedTypesModelProperty$Builder
instanceKlass org/mule/runtime/module/extension/internal/loader/java/property/stackabletypes/StackedTypesModelProperty
instanceKlass org/mule/runtime/module/extension/internal/loader/parser/java/JavaShortHandOutputResolver
instanceKlass org/mule/sdk/api/annotation/metadata/fixed/OutputJsonType
instanceKlass org/mule/runtime/extension/api/annotation/metadata/fixed/OutputJsonType
instanceKlass org/mule/sdk/api/annotation/metadata/OutputResolver
instanceKlass org/mule/runtime/extension/api/annotation/metadata/OutputResolver
instanceKlass org/mule/runtime/module/extension/internal/loader/java/property/DeclaringMemberModelProperty
instanceKlass org/mule/runtime/module/extension/internal/loader/java/property/ConnectivityModelProperty
instanceKlass org/mule/sdk/api/annotation/metadata/fixed/OutputXmlType
instanceKlass org/mule/runtime/module/extension/internal/loader/parser/java/connection/JavaConnectionProviderModelParserUtils
instanceKlass org/mule/runtime/module/extension/internal/loader/java/type/property/ExtensionParameterDescriptorModelProperty
instanceKlass org/mule/runtime/extension/api/annotation/metadata/fixed/OutputXmlType
instanceKlass org/mule/sdk/api/connectivity/ConnectionProvider
instanceKlass org/mule/sdk/api/runtime/streaming/PagingProvider
instanceKlass org/mule/sdk/api/runtime/route/Route
instanceKlass org/mule/runtime/extension/api/runtime/route/Route
instanceKlass org/mule/sdk/api/runtime/operation/Result
instanceKlass org/mule/runtime/module/extension/internal/loader/utils/JavaModelLoaderUtils
instanceKlass org/mule/runtime/extension/api/runtime/operation/Result
instanceKlass org/mule/runtime/module/extension/internal/loader/parser/DefaultOutputModelParser
instanceKlass org/mule/springframework/core/SerializableTypeWrapper$MethodParameterTypeProvider
instanceKlass org/mule/runtime/extension/api/loader/parser/metadata/OutputResolverModelParser
instanceKlass org/mule/sdk/api/annotation/metadata/MetadataScope
instanceKlass org/mule/runtime/internal/util/collection/ImmutableMapCollector
instanceKlass org/mule/springframework/core/MethodParameter
instanceKlass org/mule/runtime/extension/api/annotation/metadata/MetadataScope
instanceKlass org/mule/runtime/module/extension/internal/loader/utils/JavaOutputResolverModelParserUtils
instanceKlass org/mule/runtime/api/tls/TlsContextTrustStoreConfiguration
instanceKlass org/mule/runtime/api/tls/TlsContextKeyStoreConfiguration
instanceKlass org/mule/runtime/api/tls/TlsContextStoreConfiguration
instanceKlass org/mule/runtime/extension/api/error/ErrorMapping
instanceKlass org/mule/runtime/extension/api/loader/util/InfrastructureTypeUtils$MetadataTypeBasedInfrastructureType
instanceKlass org/mule/runtime/module/extension/internal/loader/java/type/runtime/ParameterWrapper
instanceKlass org/mule/runtime/extension/api/loader/util/InfrastructureTypeUtils$MetadataTypeBasedInfrastructureTypeComponent
instanceKlass org/mule/runtime/module/extension/api/loader/java/type/ParameterElement
instanceKlass org/mule/runtime/extension/api/loader/util/InfrastructureTypeUtils$InfrastructureType
instanceKlass org/mule/springframework/util/ConcurrentReferenceHashMap$Entry
instanceKlass org/mule/runtime/extension/api/loader/util/InfrastructureTypeUtils
instanceKlass org/mule/runtime/module/extension/internal/loader/java/contributor/InfrastructureTypeResolver
instanceKlass com/mulesoft/connector/snowflake/internal/error/provider/SnowflakeErrorTypeProvider
instanceKlass org/mule/runtime/extension/api/annotation/error/ErrorTypeProvider
instanceKlass org/mule/runtime/extension/api/annotation/error/Throws
instanceKlass org/mule/sdk/api/annotation/metadata/TypeResolver
instanceKlass org/mule/runtime/extension/api/annotation/metadata/TypeResolver
instanceKlass org/mule/sdk/api/annotation/metadata/fixed/InputJsonType
instanceKlass org/mule/springframework/util/ConcurrentReferenceHashMap$Entries
instanceKlass org/mule/runtime/extension/api/annotation/metadata/fixed/InputJsonType
instanceKlass org/mule/sdk/api/runtime/process/RouterCompletionCallback
instanceKlass org/mule/runtime/extension/api/runtime/process/RouterCompletionCallback
instanceKlass org/mule/runtime/extension/api/runtime/operation/CompletableComponentExecutorFactory
instanceKlass org/mule/sdk/api/annotation/metadata/fixed/InputXmlType
instanceKlass org/mule/runtime/extension/api/annotation/metadata/fixed/InputXmlType
instanceKlass org/mule/runtime/module/extension/internal/loader/parser/java/type/CustomStaticTypeUtils
instanceKlass org/mule/springframework/util/ObjectUtils
instanceKlass org/mule/springframework/core/ResolvableType$DefaultVariableResolver
instanceKlass org/mule/runtime/module/extension/internal/loader/parser/java/JavaParameterModelParser
instanceKlass org/mule/extension/socket/api/ImmutableSocketAttributes
instanceKlass org/mule/extension/socket/api/SocketAttributes
instanceKlass org/mule/sdk/api/annotation/Ignore
instanceKlass org/mule/runtime/module/extension/internal/loader/parser/java/HasExtensionParameter
instanceKlass org/mule/runtime/extension/api/annotation/param/MediaType
instanceKlass org/mule/runtime/extension/api/annotation/source/EmitsResponse
instanceKlass org/mule/runtime/extension/api/loader/parser/ParameterGroupModelParser$ExclusiveOptionalDescriptor
instanceKlass org/reflections/ReflectionUtils$3
instanceKlass org/mule/runtime/extension/api/annotation/Ignore
instanceKlass org/reflections/ReflectionUtils$2
instanceKlass org/mule/runtime/module/extension/internal/loader/parser/java/AbstractJavaParameterGroupModelParser
instanceKlass org/reflections/ReflectionUtils$1
instanceKlass org/mule/sdk/api/annotation/param/DefaultEncoding
instanceKlass org/reflections/util/QueryFunction
instanceKlass org/mule/springframework/core/SerializableTypeWrapper$SerializableTypeProxy
instanceKlass org/reflections/util/NameHelper
instanceKlass org/mule/runtime/api/scheduler/Scheduler
instanceKlass java/util/concurrent/ScheduledExecutorService
instanceKlass org/mule/extension/socket/api/connection/ListenerConnection
instanceKlass org/mule/extension/socket/api/connection/SocketConnection
instanceKlass org/mule/springframework/core/SerializableTypeWrapper
instanceKlass org/mule/runtime/api/scheduler/SchedulerService
instanceKlass org/mule/runtime/api/service/Service
instanceKlass org/mule/runtime/api/artifact/SplashMessageProvider
instanceKlass org/mule/springframework/core/SerializableTypeWrapper$FieldTypeProvider
instanceKlass org/reflections/util/UtilQueryBuilder
instanceKlass org/mule/springframework/util/ConcurrentReferenceHashMap$EntryIterator
instanceKlass org/mule/sdk/api/annotation/connectivity/oauth/OAuthParameter
instanceKlass org/reflections/util/ReflectionUtilsPredicates
instanceKlass org/mule/runtime/extension/api/annotation/connectivity/oauth/OAuthParameter
instanceKlass org/mule/springframework/util/ConcurrentReferenceHashMap$Reference
instanceKlass org/mule/springframework/util/ConcurrentReferenceHashMap$ReferenceManager
instanceKlass org/mule/runtime/extension/api/loader/parser/SourceModelParser$SourceCallbackModelParser
instanceKlass org/mule/runtime/extension/api/loader/parser/OutputModelParser
instanceKlass org/mule/springframework/util/Assert
instanceKlass org/mule/db/commons/internal/domain/connection/DefaultDbConnection
instanceKlass org/mule/db/commons/internal/domain/connection/DbConnection
instanceKlass org/mule/runtime/extension/api/connectivity/TransactionalConnection
instanceKlass org/mule/sdk/api/connectivity/TransactionalConnection
instanceKlass org/mule/sdk/api/tx/Transactional
instanceKlass com/mulesoft/connector/snowflake/api/params/CopyOptionsStage
instanceKlass org/mule/runtime/module/extension/api/loader/java/type/SourceElement
instanceKlass org/mule/runtime/module/extension/internal/loader/java/type/runtime/MethodWrapper
instanceKlass org/mule/sdk/api/annotation/Sources
instanceKlass org/mule/runtime/extension/api/loader/parser/OperationModelParser
instanceKlass org/mule/springframework/util/ConcurrentReferenceHashMap$Task
instanceKlass org/mule/springframework/core/ResolvableType$EmptyType
instanceKlass org/mule/runtime/extension/api/loader/parser/ParameterGroupModelParser
instanceKlass org/mule/sdk/api/annotation/metadata/MetadataKeyId
instanceKlass org/mule/runtime/extension/api/annotation/metadata/MetadataKeyId
instanceKlass org/mule/sdk/api/annotation/param/Config
instanceKlass org/mule/runtime/extension/api/annotation/param/Config
instanceKlass org/mule/sdk/api/annotation/param/Connection
instanceKlass org/mule/runtime/extension/api/annotation/param/Connection
instanceKlass org/mule/runtime/module/extension/internal/loader/java/property/stackabletypes/StackableType$ExpressionBasedResolverFactory
instanceKlass org/mule/runtime/module/extension/internal/loader/java/property/stackabletypes/StackableType$DelegateResolverFactory
instanceKlass org/mule/runtime/module/extension/internal/loader/java/property/stackabletypes/StackableType$StaticResolverFactory
instanceKlass org/mule/runtime/module/extension/internal/loader/java/property/stackabletypes/StackableType$Builder
instanceKlass org/mule/runtime/module/extension/internal/loader/java/property/stackabletypes/StackableType
instanceKlass org/mule/runtime/module/extension/internal/loader/parser/java/StackableTypesModelPropertyResolver$Builder
instanceKlass org/mule/runtime/module/extension/api/runtime/resolver/ValueResolver
instanceKlass org/mule/runtime/module/extension/internal/loader/parser/java/StackableTypesModelPropertyResolver
instanceKlass org/mule/runtime/module/extension/internal/loader/parser/java/ParameterDeclarationContext
instanceKlass org/mule/sdk/api/annotation/Extension
instanceKlass org/mule/runtime/module/extension/internal/loader/parser/java/utils/MinMuleVersionUtils
instanceKlass org/mule/sdk/api/annotation/NoImplicit
instanceKlass org/mule/runtime/extension/api/annotation/NoImplicit
instanceKlass org/mule/runtime/module/extension/internal/util/ReflectionCache
instanceKlass org/mule/runtime/core/api/extension/ExtensionManager
instanceKlass org/mule/runtime/module/extension/api/util/MuleExtensionUtils
instanceKlass org/mule/runtime/module/extension/internal/loader/java/TypeAwareConfigurationFactory
instanceKlass org/mule/runtime/module/extension/internal/loader/java/property/ConfigurationFactoryModelProperty
instanceKlass com/mulesoft/connector/snowflake/internal/connection/provider/SnowflakeConnectionProvider
instanceKlass org/mule/extension/email/internal/mailbox/imap/IMAPOperations
instanceKlass org/mule/sdk/api/annotation/Configuration
instanceKlass com/mulesoft/connector/snowflake/internal/operation/InsertMultiTableOperation
instanceKlass org/mule/extension/socket/api/provider/udp/UdpRequesterProvider
instanceKlass com/mulesoft/connector/snowflake/internal/operation/BulkInsertOperation
instanceKlass com/mulesoft/connector/snowflake/internal/operation/BulkDeleteOperation
instanceKlass org/mule/extension/socket/api/provider/tcp/TcpRequesterProvider
instanceKlass org/mule/extension/email/internal/mailbox/pop3/POP3Operations
instanceKlass com/mulesoft/connector/snowflake/internal/operation/BulkUpdateOperation
instanceKlass org/mule/extension/socket/api/SocketOperations
instanceKlass com/mulesoft/connector/snowflake/internal/operation/MergeOperation
instanceKlass com/mulesoft/connector/snowflake/internal/operation/CopyIntoLocationOperation
instanceKlass org/mule/extension/email/internal/AbstractEmailConnectionProvider
instanceKlass com/mulesoft/connector/snowflake/internal/operation/CopyIntoTableWithTransformationOperation
instanceKlass org/mule/runtime/extension/api/runtime/source/Source
instanceKlass com/mulesoft/connector/snowflake/internal/operation/CopyIntoTableOperation
instanceKlass org/mule/runtime/extension/api/connectivity/NoConnectivityTest
instanceKlass org/mule/sdk/api/connectivity/NoConnectivityTest
instanceKlass com/mulesoft/connector/snowflake/internal/operation/CreatePipeOperation
instanceKlass org/mule/runtime/api/connection/PoolingConnectionProvider
instanceKlass org/mule/runtime/api/connection/PoolingListener
instanceKlass com/mulesoft/connector/snowflake/internal/operation/CreateTaskOperation
instanceKlass org/mule/runtime/extension/api/annotation/Sources
instanceKlass com/mulesoft/connector/snowflake/internal/operation/StoredProcedureOperation
instanceKlass com/mulesoft/connector/snowflake/internal/operation/DdlOperation
instanceKlass com/mulesoft/connector/snowflake/internal/operation/InsertOperation
instanceKlass org/mule/extension/socket/api/provider/udp/UdpListenerProvider
instanceKlass com/mulesoft/connector/snowflake/internal/operation/DeleteOperation
instanceKlass org/mule/extension/socket/api/provider/tcp/TcpListenerProvider
instanceKlass com/mulesoft/connector/snowflake/internal/operation/UpdateOperation
instanceKlass org/mule/extension/email/internal/sender/SendOperation
instanceKlass com/mulesoft/connector/snowflake/internal/operation/SelectOperation
instanceKlass org/mule/runtime/api/connection/CachedConnectionProvider
instanceKlass org/mule/runtime/api/connection/ConnectionProvider
instanceKlass com/mulesoft/connector/snowflake/internal/operation/ExecuteScriptOperation
instanceKlass com/mulesoft/connector/snowflake/internal/operation/CreateStageOperation
instanceKlass org/mule/extension/email/api/attributes/BaseEmailAttributes
instanceKlass org/mule/runtime/extension/api/annotation/connectivity/ConnectionProviders
instanceKlass org/mule/runtime/extension/api/annotation/Configuration
instanceKlass org/mule/sdk/api/connectivity/oauth/AuthCodeRequest
instanceKlass org/mule/runtime/extension/api/runtime/parameter/Literal
instanceKlass org/mule/runtime/extension/api/runtime/parameter/ParameterResolver
instanceKlass org/mule/runtime/module/extension/api/loader/java/type/OperationContainerElement
instanceKlass org/mule/runtime/api/retry/policy/RetryPolicyTemplate
instanceKlass org/mule/sdk/api/client/ExtensionsClient
instanceKlass org/mule/runtime/extension/api/client/ExtensionsClient
instanceKlass org/mule/sdk/api/notification/NotificationEmitter
instanceKlass org/mule/runtime/extension/api/notification/NotificationEmitter
instanceKlass org/mule/sdk/api/runtime/source/DistributedTraceContextManager
instanceKlass org/mule/runtime/extension/api/runtime/parameter/CorrelationInfo
instanceKlass org/mule/sdk/api/runtime/parameter/CorrelationInfo
instanceKlass org/mule/sdk/api/annotation/Operations
instanceKlass org/mule/sdk/api/runtime/route/Chain
instanceKlass org/mule/sdk/api/runtime/source/SourceResult
instanceKlass org/mule/runtime/extension/api/annotation/Operations
instanceKlass org/mule/runtime/extension/api/runtime/streaming/StreamingHelper
instanceKlass org/mule/runtime/extension/api/runtime/config/ConfigurationFactory
instanceKlass org/mule/sdk/api/runtime/streaming/StreamingHelper
instanceKlass org/mule/runtime/extension/api/runtime/operation/FlowListener
instanceKlass org/mule/sdk/api/runtime/operation/FlowListener
instanceKlass org/mule/runtime/extension/api/loader/parser/ConfigurationModelParser
instanceKlass org/mule/sdk/api/security/AuthenticationHandler
instanceKlass org/mule/runtime/extension/api/security/AuthenticationHandler
instanceKlass org/mule/runtime/api/metadata/MediaType
instanceKlass org/mule/runtime/extension/api/runtime/source/SourceCompletionCallback
instanceKlass org/mule/sdk/api/runtime/source/SourceCompletionCallback
instanceKlass org/mule/runtime/extension/api/runtime/process/VoidCompletionCallback
instanceKlass org/mule/sdk/api/runtime/process/VoidCompletionCallback
instanceKlass org/mule/runtime/internal/util/collection/ImmutableListCollector
instanceKlass org/mule/sdk/api/runtime/process/CompletionCallback
instanceKlass org/mule/runtime/extension/api/runtime/process/CompletionCallback
instanceKlass org/mule/runtime/api/util/collection/Collectors
instanceKlass org/mule/sdk/api/runtime/source/SourceCallbackContext
instanceKlass org/mule/runtime/module/extension/internal/loader/java/type/runtime/FieldWrapper
instanceKlass org/mule/runtime/module/extension/api/loader/java/type/FieldElement
instanceKlass org/mule/runtime/module/extension/api/loader/java/type/ExtensionParameter
instanceKlass org/mule/runtime/module/extension/api/loader/java/type/WithOwner
instanceKlass org/mule/runtime/module/extension/api/loader/java/type/WithType
instanceKlass org/mule/db/commons/internal/domain/type/DbTypeManager
instanceKlass java/util/AbstractList$RandomAccessSpliterator
instanceKlass java/util/stream/AbstractSpinedBuffer
instanceKlass java/util/ImmutableCollections$Access$1
instanceKlass jdk/internal/access/JavaUtilCollectionAccess
instanceKlass java/util/ImmutableCollections$Access
instanceKlass net/bytebuddy/dynamic/loading/ClassInjector$UsingReflection$System
instanceKlass java/lang/ClassLoader$ByteBuddyAccessor$V1
instanceKlass net/bytebuddy/dynamic/ClassFileLocator$Simple
instanceKlass net/bytebuddy/dynamic/loading/ClassLoadingStrategy$ForUnsafeInjection
instanceKlass sun/reflect/generics/tree/ByteSignature
instanceKlass jdk/internal/loader/BootLoader$PackageHelper
instanceKlass net/bytebuddy/implementation/MethodCall$ArgumentLoader$ForMethodParameter
instanceKlass net/bytebuddy/implementation/MethodCall$ArgumentLoader
instanceKlass net/bytebuddy/implementation/MethodCall$TargetHandler$ForMethodParameter$Resolved
instanceKlass net/bytebuddy/implementation/attribute/AnnotationAppender$Target$OnMethodParameter
instanceKlass net/bytebuddy/implementation/attribute/AnnotationAppender$Target$OnMethod
instanceKlass net/bytebuddy/dynamic/scaffold/TypeWriter$MethodPool$Record$AccessBridgeWrapper
instanceKlass net/bytebuddy/jar/asm/TypeReference
instanceKlass net/bytebuddy/dynamic/scaffold/MethodRegistry$Default$Compiled$Entry
instanceKlass net/bytebuddy/implementation/MethodCall$Appender
instanceKlass net/bytebuddy/dynamic/scaffold/MethodRegistry$Handler$ForImplementation$Compiled
instanceKlass net/bytebuddy/dynamic/scaffold/MethodRegistry$Default$Prepared$Entry
instanceKlass net/bytebuddy/dynamic/scaffold/subclass/SubclassDynamicTypeBuilder$InstrumentableMatcher
instanceKlass net/bytebuddy/dynamic/scaffold/MethodRegistry$Default$Entry
instanceKlass net/bytebuddy/matcher/LatentMatcher$ForMethodToken
instanceKlass net/bytebuddy/implementation/attribute/MethodAttributeAppender
instanceKlass net/bytebuddy/dynamic/Transformer
instanceKlass net/bytebuddy/dynamic/scaffold/MethodRegistry$Handler$Compiled
instanceKlass net/bytebuddy/dynamic/scaffold/MethodRegistry$Handler$ForImplementation
instanceKlass net/bytebuddy/implementation/MethodCall$ArgumentLoader$ForMethodParameter$Factory
instanceKlass net/bytebuddy/implementation/MethodCall$ArgumentLoader$ArgumentProvider
instanceKlass net/bytebuddy/implementation/MethodCall$TargetHandler$Resolved
instanceKlass net/bytebuddy/implementation/MethodCall$TargetHandler$ForMethodParameter
instanceKlass net/bytebuddy/implementation/MethodCall$TerminationHandler
instanceKlass net/bytebuddy/implementation/MethodCall$MethodInvoker
instanceKlass net/bytebuddy/implementation/MethodCall$TargetHandler
instanceKlass net/bytebuddy/implementation/MethodCall$TargetHandler$ForField$Location
instanceKlass net/bytebuddy/implementation/MethodCall$MethodLocator$ForExplicitMethod
instanceKlass net/bytebuddy/implementation/MethodCall$MethodLocator
instanceKlass net/bytebuddy/dynamic/scaffold/FieldLocator$Factory
instanceKlass net/bytebuddy/implementation/MethodCall$ArgumentLoader$Factory
instanceKlass net/bytebuddy/implementation/MethodCall$TargetHandler$Factory
instanceKlass net/bytebuddy/implementation/MethodCall$MethodInvoker$Factory
instanceKlass net/bytebuddy/implementation/MethodCall$TerminationHandler$Factory
instanceKlass net/bytebuddy/implementation/MethodCall$MethodLocator$Factory
instanceKlass net/bytebuddy/implementation/MethodCall
instanceKlass net/bytebuddy/dynamic/DynamicType$Builder$MethodDefinition$ParameterDefinition$Simple$Annotatable
instanceKlass net/bytebuddy/dynamic/DynamicType$Builder$MethodDefinition$ParameterDefinition$Annotatable
instanceKlass net/bytebuddy/dynamic/DynamicType$Builder$MethodDefinition$TypeVariableDefinition$Annotatable
instanceKlass net/bytebuddy/dynamic/DynamicType$Builder$MethodDefinition$ReceiverTypeDefinition
instanceKlass net/bytebuddy/dynamic/DynamicType$Builder$MethodDefinition
instanceKlass net/bytebuddy/dynamic/DynamicType$Builder$MethodDefinition$ImplementationDefinition$AbstractBase
instanceKlass net/bytebuddy/description/modifier/ModifierContributor$Resolver
instanceKlass net/bytebuddy/dynamic/scaffold/MethodRegistry$Handler
instanceKlass net/bytebuddy/implementation/attribute/MethodAttributeAppender$Factory
instanceKlass net/bytebuddy/dynamic/loading/ClassInjector$UsingReflection$Dispatcher$UsingUnsafeInjection
instanceKlass net/bytebuddy/dynamic/loading/ClassInjector$UsingReflection$Dispatcher
instanceKlass net/bytebuddy/utility/privilege/GetMethodAction
instanceKlass net/bytebuddy/utility/dispatcher/JavaDispatcher$Dispatcher$ForStaticMethod
instanceKlass net/bytebuddy/dynamic/loading/ClassInjector$UsingUnsafe$System
instanceKlass net/bytebuddy/dynamic/loading/ClassInjector$UsingUnsafe$Dispatcher$Enabled
instanceKlass net/bytebuddy/dynamic/loading/ClassInjector$UsingUnsafe$Dispatcher
instanceKlass net/bytebuddy/mirror/AccessibleObject
instanceKlass net/bytebuddy/dynamic/loading/ByteArrayClassLoader$ClassDefinitionAction
instanceKlass net/bytebuddy/dynamic/loading/ClassLoaderDecorator$NoOp
instanceKlass jdk/internal/vm/annotation/ForceInline
instanceKlass net/bytebuddy/dynamic/loading/ByteArrayClassLoader$SynchronizationStrategy$ForJava8CapableVm
instanceKlass net/bytebuddy/dynamic/loading/ByteArrayClassLoader$SynchronizationStrategy
instanceKlass net/bytebuddy/dynamic/loading/ByteArrayClassLoader$SynchronizationStrategy$Initializable
instanceKlass net/bytebuddy/dynamic/loading/ByteArrayClassLoader$PackageLookupStrategy$ForJava9CapableVm
instanceKlass net/bytebuddy/dynamic/loading/ByteArrayClassLoader$PackageLookupStrategy
instanceKlass net/bytebuddy/dynamic/loading/ClassFilePostProcessor
instanceKlass java/lang/reflect/AnnotatedTypeVariable
instanceKlass net/bytebuddy/description/type/TypeDescription$Generic$AnnotationReader$ForTypeVariableBoundType$AnnotatedTypeVariable
instanceKlass net/bytebuddy/asm/AsmVisitorWrapper$AbstractBase
instanceKlass java/lang/reflect/AccessibleObject$Cache
instanceKlass net/bytebuddy/description/type/RecordComponentDescription$Token
instanceKlass java/lang/Class$EnclosingMethodInfo
instanceKlass net/bytebuddy/description/type/TypeDescription$Generic$AnnotationReader$Delegator$ForLoadedExecutableExceptionType$Dispatcher
instanceKlass sun/reflect/generics/tree/IntSignature
instanceKlass net/bytebuddy/description/type/TypeDescription$Generic$AnnotationReader$ForTypeVariableBoundType$OfFormalTypeVariable$FormalTypeVariable
instanceKlass java/lang/reflect/AnnotatedWildcardType
instanceKlass net/bytebuddy/description/type/TypeDescription$Generic$AnnotationReader$ForWildcardUpperBoundType$AnnotatedWildcardType
instanceKlass net/bytebuddy/description/type/TypeDescription$Generic$AnnotationReader$ForTypeArgument$AnnotatedParameterizedType
instanceKlass net/bytebuddy/dynamic/loading/ClassInjector$UsingUnsafe$Dispatcher$Initializable
instanceKlass net/bytebuddy/utility/JavaModule$Module
instanceKlass net/bytebuddy/utility/JavaModule$Resolver
instanceKlass net/bytebuddy/utility/JavaModule
instanceKlass net/bytebuddy/dynamic/loading/ClassInjector$UsingReflection$Dispatcher$Initializable
instanceKlass net/bytebuddy/dynamic/loading/ClassInjector$AbstractBase
instanceKlass net/bytebuddy/dynamic/loading/ClassInjector
instanceKlass net/bytebuddy/dynamic/loading/ClassLoadingStrategy$Default$InjectionDispatcher
instanceKlass net/bytebuddy/dynamic/loading/ClassLoaderDecorator
instanceKlass net/bytebuddy/dynamic/loading/PackageDefinitionStrategy$Definition
instanceKlass net/bytebuddy/dynamic/loading/PackageDefinitionStrategy
instanceKlass net/bytebuddy/dynamic/loading/ClassLoaderDecorator$Factory
instanceKlass net/bytebuddy/dynamic/loading/ClassLoadingStrategy$Default$WrappingDispatcher
instanceKlass net/bytebuddy/dynamic/loading/ClassLoadingStrategy$Configurable
instanceKlass net/bytebuddy/dynamic/DynamicType$Loaded
instanceKlass net/bytebuddy/dynamic/DynamicType$AbstractBase
instanceKlass net/bytebuddy/dynamic/DynamicType$Unloaded
instanceKlass net/bytebuddy/dynamic/DynamicType
instanceKlass net/bytebuddy/dynamic/scaffold/TypeWriter$Default$UnresolvedType
instanceKlass net/bytebuddy/implementation/bytecode/ByteCodeAppender$Size
instanceKlass net/bytebuddy/dynamic/scaffold/TypeWriter$Default$ForInlining$WithFullProcessing$InitializationHandler$Appending$FrameWriter$Active
instanceKlass net/bytebuddy/dynamic/scaffold/TypeWriter$MethodPool$Record$ForNonImplementedMethod
instanceKlass net/bytebuddy/dynamic/scaffold/TypeWriter$Default$ForInlining$WithFullProcessing$InitializationHandler$Appending$FrameWriter
instanceKlass net/bytebuddy/implementation/bytecode/StackSize$1
instanceKlass net/bytebuddy/implementation/bytecode/member/MethodInvocation$WithImplicitInvocationTargetType
instanceKlass net/bytebuddy/implementation/bytecode/StackManipulation$AbstractBase
instanceKlass net/bytebuddy/implementation/bytecode/member/MethodVariableAccess$MethodLoading$TypeCastingHandler
instanceKlass net/bytebuddy/implementation/bytecode/StackManipulation$Compound
instanceKlass net/bytebuddy/jar/asm/ConstantDynamic
instanceKlass net/bytebuddy/jar/asm/Handle
instanceKlass net/bytebuddy/jar/asm/Opcodes
instanceKlass net/bytebuddy/asm/Advice$Dispatcher$Delegating$Resolved$AdviceMethodWriter
instanceKlass net/bytebuddy/asm/Advice$OffsetMapping$Target$ForVariable
instanceKlass net/bytebuddy/description/type/TypeDescription$Generic$AnnotationReader$Delegator$ForLoadedExecutableParameterType$Dispatcher
instanceKlass net/bytebuddy/asm/Advice$StackMapFrameHandler$Default$ForAdvice
instanceKlass net/bytebuddy/asm/Advice$MethodSizeHandler$Default$ForAdvice
instanceKlass net/bytebuddy/asm/Advice$ArgumentHandler$ForAdvice$Default
instanceKlass net/bytebuddy/asm/Advice$Dispatcher$RelocationHandler$Relocation$ForLabel
instanceKlass net/bytebuddy/asm/Advice$StackMapFrameHandler$ForAdvice
instanceKlass net/bytebuddy/asm/Advice$StackMapFrameHandler$ForPostProcessor
instanceKlass net/bytebuddy/asm/Advice$StackMapFrameHandler$Default
instanceKlass net/bytebuddy/asm/Advice$StackMapFrameHandler$ForInstrumentedMethod
instanceKlass net/bytebuddy/asm/Advice$StackMapFrameHandler
instanceKlass net/bytebuddy/asm/Advice$MethodSizeHandler$ForAdvice
instanceKlass net/bytebuddy/asm/Advice$MethodSizeHandler$Default
instanceKlass net/bytebuddy/asm/Advice$MethodSizeHandler$ForInstrumentedMethod
instanceKlass net/bytebuddy/asm/Advice$MethodSizeHandler
instanceKlass net/bytebuddy/asm/Advice$ArgumentHandler$ForAdvice
instanceKlass net/bytebuddy/asm/Advice$ArgumentHandler$ForInstrumentedMethod$Default
instanceKlass net/bytebuddy/asm/Advice$ArgumentHandler$ForInstrumentedMethod
instanceKlass net/bytebuddy/jar/asm/Label
instanceKlass net/bytebuddy/implementation/bytecode/StackManipulation$Size
instanceKlass net/bytebuddy/dynamic/scaffold/TypeWriter$FieldPool$Record$ForImplicitField
instanceKlass net/bytebuddy/implementation/attribute/AnnotationAppender$ForTypeAnnotations
instanceKlass net/bytebuddy/implementation/attribute/AnnotationAppender$Target$OnType
instanceKlass net/bytebuddy/implementation/attribute/AnnotationAppender$Default
instanceKlass net/bytebuddy/dynamic/scaffold/TypeWriter$Default$ValidatingClassVisitor$Constraint$Compound
instanceKlass net/bytebuddy/dynamic/scaffold/TypeWriter$Default$ValidatingClassVisitor$Constraint$ForClassFileVersion
instanceKlass net/bytebuddy/description/type/TypeDescription$Generic$Visitor$ForSignatureVisitor
instanceKlass net/bytebuddy/dynamic/scaffold/TypeWriter$MethodPool$Record$ForDefinedMethod
instanceKlass net/bytebuddy/implementation/Implementation$Context$ExtractableView$AbstractBase
instanceKlass net/bytebuddy/dynamic/scaffold/TypeInitializer$Drain$Default
instanceKlass net/bytebuddy/dynamic/scaffold/TypeInitializer$Drain
instanceKlass net/bytebuddy/dynamic/scaffold/TypeWriter$MethodPool$Record
instanceKlass net/bytebuddy/dynamic/scaffold/MethodRegistry$Default$Compiled
instanceKlass net/bytebuddy/implementation/Implementation$SpecialMethodInvocation
instanceKlass net/bytebuddy/implementation/Implementation$Target$AbstractBase
instanceKlass net/bytebuddy/implementation/Implementation$Target
instanceKlass net/bytebuddy/dynamic/scaffold/TypeWriter$Default$SignatureKey
instanceKlass net/bytebuddy/dynamic/scaffold/TypeWriter$Default$ForInlining$WithFullProcessing$InitializationHandler
instanceKlass net/bytebuddy/dynamic/scaffold/TypeWriter$Default$ValidatingClassVisitor$Constraint
instanceKlass net/bytebuddy/dynamic/scaffold/TypeWriter$Default$ForInlining$ContextRegistry
instanceKlass net/bytebuddy/utility/AsmClassWriter$ForAsm
instanceKlass net/bytebuddy/dynamic/scaffold/inline/RebaseImplementationTarget$Factory
instanceKlass net/bytebuddy/description/type/RecordComponentDescription$InDefinedShape
instanceKlass net/bytebuddy/description/type/RecordComponentDescription
instanceKlass net/bytebuddy/jar/asm/commons/Remapper
instanceKlass net/bytebuddy/implementation/Implementation$Target$Factory
instanceKlass net/bytebuddy/dynamic/scaffold/TypeWriter$Default$ClassDumpAction$Dispatcher
instanceKlass net/bytebuddy/dynamic/scaffold/TypeWriter$Default
instanceKlass net/bytebuddy/dynamic/scaffold/TypeWriter
instanceKlass net/bytebuddy/dynamic/scaffold/TypeWriter$RecordComponentPool$Record
instanceKlass net/bytebuddy/dynamic/scaffold/RecordComponentRegistry$Default$Compiled
instanceKlass net/bytebuddy/dynamic/scaffold/TypeWriter$FieldPool$Record
instanceKlass net/bytebuddy/dynamic/scaffold/FieldRegistry$Default$Compiled
instanceKlass net/bytebuddy/dynamic/scaffold/inline/MethodRebaseResolver$Resolution
instanceKlass net/bytebuddy/implementation/auxiliary/AuxiliaryType
instanceKlass net/bytebuddy/dynamic/scaffold/inline/MethodRebaseResolver$Default
instanceKlass net/bytebuddy/dynamic/scaffold/inline/MethodRebaseResolver
instanceKlass net/bytebuddy/description/type/TypeDescription$Generic$Visitor$Reducing
instanceKlass net/bytebuddy/description/method/MethodDescription$SignatureToken
instanceKlass java/lang/reflect/AnnotatedArrayType
instanceKlass net/bytebuddy/description/type/TypeDescription$Generic$AnnotationReader$ForComponentType$AnnotatedParameterizedType
instanceKlass net/bytebuddy/description/field/FieldDescription$SignatureToken
instanceKlass net/bytebuddy/dynamic/scaffold/MethodRegistry$Compiled
instanceKlass net/bytebuddy/dynamic/scaffold/TypeWriter$MethodPool
instanceKlass net/bytebuddy/dynamic/scaffold/MethodRegistry$Default$Prepared
instanceKlass net/bytebuddy/description/type/PackageDescription$AbstractBase
instanceKlass net/bytebuddy/dynamic/scaffold/MethodGraph$Linked$Delegation
instanceKlass net/bytebuddy/dynamic/scaffold/MethodGraph$Compiler$Default$Key$Store$Graph
instanceKlass net/bytebuddy/dynamic/scaffold/MethodGraph$Compiler$Default$Key$Store$Entry$Resolved$Node
instanceKlass net/bytebuddy/description/modifier/Visibility$1
instanceKlass net/bytebuddy/description/type/TypeDescription$Generic$Visitor$Substitutor$ForTypeVariableBinding$TypeVariableSubstitutor
instanceKlass net/bytebuddy/dynamic/scaffold/MethodGraph$Node
instanceKlass net/bytebuddy/dynamic/scaffold/MethodGraph$Compiler$Default$Key$Store$Entry$Resolved
instanceKlass net/bytebuddy/dynamic/scaffold/MethodGraph$Compiler$Default$Key$Store$Entry$Initial
instanceKlass net/bytebuddy/dynamic/scaffold/MethodGraph$Compiler$Default$Harmonizer$ForJavaMethod$Token
instanceKlass net/bytebuddy/description/method/ParameterDescription$InGenericShape
instanceKlass net/bytebuddy/dynamic/scaffold/MethodGraph$Compiler$Default$Key
instanceKlass net/bytebuddy/description/method/MethodDescription$InGenericShape
instanceKlass net/bytebuddy/description/type/TypeDescription$Generic$Visitor$ForRawType
instanceKlass net/bytebuddy/dynamic/scaffold/MethodGraph$Compiler$Default$Key$Store$Entry
instanceKlass net/bytebuddy/dynamic/scaffold/MethodGraph$Compiler$Default$Key$Store
instanceKlass net/bytebuddy/dynamic/scaffold/inline/InliningImplementationMatcher
instanceKlass net/bytebuddy/dynamic/TypeResolutionStrategy$Resolved
instanceKlass net/bytebuddy/asm/AsmVisitorWrapper$Compound
instanceKlass net/bytebuddy/asm/AsmVisitorWrapper$ForDeclaredMethods$Entry
instanceKlass net/bytebuddy/asm/AsmVisitorWrapper$ForDeclaredMethods
instanceKlass net/bytebuddy/implementation/Implementation$Composable
instanceKlass net/bytebuddy/implementation/bytecode/assign/primitive/PrimitiveTypeAwareAssigner
instanceKlass net/bytebuddy/implementation/bytecode/assign/primitive/VoidAwareAssigner
instanceKlass net/bytebuddy/implementation/bytecode/assign/Assigner
instanceKlass net/bytebuddy/asm/Advice$Dispatcher$RelocationHandler$Bound
instanceKlass net/bytebuddy/asm/Advice$Dispatcher$RelocationHandler$ForType
instanceKlass net/bytebuddy/asm/Advice$Dispatcher$RelocationHandler
instanceKlass net/bytebuddy/asm/Advice$Dispatcher$SuppressionHandler$Bound
instanceKlass net/bytebuddy/asm/Advice$Dispatcher$SuppressionHandler$Suppressing
instanceKlass net/bytebuddy/asm/Advice$Dispatcher$SuppressionHandler
instanceKlass net/bytebuddy/description/enumeration/EnumerationDescription$AbstractBase
instanceKlass net/bytebuddy/asm/Advice$OffsetMapping$Target$ForDefaultValue
instanceKlass net/bytebuddy/asm/Advice$OffsetMapping$ForThisReference
instanceKlass net/bytebuddy/asm/Advice$StubValue
instanceKlass net/bytebuddy/asm/Advice$Unused
instanceKlass net/bytebuddy/asm/Advice$FieldValue
instanceKlass net/bytebuddy/utility/CompoundList
instanceKlass net/bytebuddy/asm/Advice$Thrown
instanceKlass net/bytebuddy/asm/Advice$Return
instanceKlass net/bytebuddy/asm/Advice$OffsetMapping$ForLocalValue$Factory
instanceKlass net/bytebuddy/description/type/TypeDescription$Generic$AnnotationReader$Delegator$ForLoadedMethodReturnType$Dispatcher
instanceKlass net/bytebuddy/description/type/TypeDescription$Generic$AnnotationReader$Delegator
instanceKlass net/bytebuddy/asm/Advice$Exit
instanceKlass net/bytebuddy/asm/Advice$OffsetMapping$ForExitValue$Factory
instanceKlass net/bytebuddy/asm/Advice$OffsetMapping$Factory$Illegal
instanceKlass net/bytebuddy/asm/Advice$Enter
instanceKlass net/bytebuddy/asm/Advice$OffsetMapping$ForEnterValue$Factory
instanceKlass net/bytebuddy/asm/Advice$OffsetMapping$Target
instanceKlass net/bytebuddy/asm/Advice$DynamicConstant
instanceKlass net/bytebuddy/asm/Advice$Handle
instanceKlass net/bytebuddy/asm/Advice$SelfCallHandle
instanceKlass net/bytebuddy/asm/Advice$Origin
instanceKlass net/bytebuddy/asm/Advice$FieldSetterHandle
instanceKlass net/bytebuddy/asm/Advice$FieldGetterHandle
instanceKlass net/bytebuddy/asm/Advice$OffsetMapping$ForFieldHandle
instanceKlass net/bytebuddy/asm/Advice$OffsetMapping$ForField
instanceKlass net/bytebuddy/asm/Advice$AllArguments
instanceKlass net/bytebuddy/asm/Advice$Argument
instanceKlass net/bytebuddy/asm/Advice$OffsetMapping$Factory
instanceKlass net/bytebuddy/asm/Advice$ArgumentHandler
instanceKlass net/bytebuddy/asm/Advice$OffsetMapping
instanceKlass net/bytebuddy/asm/Advice$Dispatcher$Resolved$AbstractBase
instanceKlass net/bytebuddy/description/method/MethodDescription$TypeToken
instanceKlass net/bytebuddy/asm/Advice$Delegator$ForRegularInvocation
instanceKlass net/bytebuddy/asm/Advice$Local
instanceKlass net/bytebuddy/asm/Advice$This
instanceKlass net/bytebuddy/description/method/ParameterDescription$ForLoadedParameter$Parameter
instanceKlass net/bytebuddy/description/method/ParameterList$ForLoadedExecutable$Executable
instanceKlass net/bytebuddy/asm/Advice$Dispatcher$Delegating
instanceKlass net/bytebuddy/asm/Advice$Dispatcher$Bound
instanceKlass net/bytebuddy/asm/Advice$Dispatcher$Resolved$ForMethodExit
instanceKlass net/bytebuddy/asm/Advice$Dispatcher$Resolved$ForMethodEnter
instanceKlass net/bytebuddy/asm/Advice$Dispatcher$Resolved
instanceKlass net/bytebuddy/asm/Advice$Delegator
instanceKlass net/bytebuddy/implementation/bytecode/StackManipulation
instanceKlass net/bytebuddy/asm/Advice$PostProcessor
instanceKlass net/bytebuddy/asm/Advice$OnMethodExit
instanceKlass net/bytebuddy/asm/Advice$OnMethodEnter
instanceKlass net/bytebuddy/asm/Advice$Dispatcher$RelocationHandler$Relocation
instanceKlass net/bytebuddy/asm/Advice$PostProcessor$Factory
instanceKlass net/bytebuddy/asm/Advice$Delegator$Factory
instanceKlass net/bytebuddy/asm/Advice$Dispatcher$Unresolved
instanceKlass net/bytebuddy/asm/Advice$Dispatcher
instanceKlass net/bytebuddy/asm/Advice$ExceptionHandler
instanceKlass net/bytebuddy/asm/Advice
instanceKlass net/bytebuddy/asm/AsmVisitorWrapper$ForDeclaredMethods$MethodVisitorWrapper
instanceKlass net/bytebuddy/implementation/attribute/AnnotationAppender
instanceKlass net/bytebuddy/implementation/attribute/AnnotationAppender$Target
instanceKlass net/bytebuddy/implementation/attribute/TypeAttributeAppender$ForInstrumentedType$Differentiating
instanceKlass net/bytebuddy/dynamic/scaffold/RecordComponentRegistry$Compiled
instanceKlass net/bytebuddy/dynamic/scaffold/RecordComponentRegistry$Default
instanceKlass net/bytebuddy/dynamic/scaffold/MethodRegistry$Prepared
instanceKlass net/bytebuddy/dynamic/scaffold/MethodRegistry$Default
instanceKlass net/bytebuddy/dynamic/scaffold/FieldRegistry$Compiled
instanceKlass net/bytebuddy/dynamic/scaffold/FieldRegistry$Default
instanceKlass net/bytebuddy/pool/TypePool$Default$LazyTypeDescription$TypeContainment$WithinMethod
instanceKlass net/bytebuddy/description/method/ParameterDescription$Token
instanceKlass net/bytebuddy/description/method/ParameterDescription$InDefinedShape
instanceKlass net/bytebuddy/description/method/ParameterDescription
instanceKlass net/bytebuddy/description/NamedElement$WithOptionalName
instanceKlass net/bytebuddy/description/method/MethodDescription$Token
instanceKlass net/bytebuddy/description/method/ParameterList
instanceKlass net/bytebuddy/pool/TypePool$Default$LazyTypeDescription$AnnotationToken$Resolution$Simple
instanceKlass net/bytebuddy/description/enumeration/EnumerationDescription
instanceKlass net/bytebuddy/pool/TypePool$Default$ComponentTypeLocator$ForAnnotationProperty$Bound
instanceKlass net/bytebuddy/pool/TypePool$Default$TypeExtractor$AnnotationExtractor$ArrayLookup
instanceKlass net/bytebuddy/pool/TypePool$Default$LazyTypeDescription$TypeContainment$WithinType
instanceKlass net/bytebuddy/description/field/FieldDescription$Token
instanceKlass net/bytebuddy/description/type/TypeDescription$Generic$LazyProxy
instanceKlass net/bytebuddy/description/TypeVariableSource$Visitor
instanceKlass net/bytebuddy/description/modifier/ModifierContributor$ForParameter
instanceKlass net/bytebuddy/description/modifier/ModifierContributor$ForModule$OfOpen
instanceKlass net/bytebuddy/description/modifier/ModifierContributor$ForModule$OfExport
instanceKlass net/bytebuddy/description/modifier/ModifierContributor$ForModule$OfRequire
instanceKlass net/bytebuddy/description/modifier/ModifierContributor$ForModule
instanceKlass net/bytebuddy/description/modifier/ModifierContributor$ForField
instanceKlass net/bytebuddy/description/modifier/ModifierContributor$ForMethod
instanceKlass net/bytebuddy/description/modifier/ModifierContributor$ForType
instanceKlass net/bytebuddy/description/modifier/ModifierContributor
instanceKlass net/bytebuddy/description/type/TypeDescription$LazyProxy
instanceKlass net/bytebuddy/description/method/MethodDescription$InDefinedShape$AbstractBase$Executable
instanceKlass net/bytebuddy/description/method/ParameterDescription$ForLoadedParameter$ParameterAnnotationSource
instanceKlass net/bytebuddy/description/annotation/AnnotationDescription$Loadable
instanceKlass net/bytebuddy/description/annotation/AnnotationDescription$AbstractBase
instanceKlass net/bytebuddy/utility/dispatcher/JavaDispatcher$Dispatcher$ForInstanceCheck
instanceKlass net/bytebuddy/description/type/TypeDefinition$Sort$AnnotatedType
instanceKlass net/bytebuddy/description/type/TypeDescription$Generic$AnnotationReader
instanceKlass net/bytebuddy/description/annotation/AnnotationValue$ForConstant$PropertyDelegate
instanceKlass net/bytebuddy/description/annotation/AnnotationValue$Loaded
instanceKlass net/bytebuddy/description/annotation/AnnotationValue$AbstractBase
instanceKlass java/util/AbstractMap$SimpleEntry
instanceKlass jdk/internal/jimage/ImageBufferCache$2
instanceKlass jdk/internal/jimage/ImageBufferCache
instanceKlass net/bytebuddy/description/type/TypeDescription$Generic$Visitor$Substitutor
instanceKlass net/bytebuddy/description/type/TypeVariableToken
instanceKlass net/bytebuddy/description/ByteCodeElement$Token
instanceKlass net/bytebuddy/dynamic/scaffold/TypeWriter$FieldPool
instanceKlass net/bytebuddy/dynamic/scaffold/TypeWriter$RecordComponentPool
instanceKlass net/bytebuddy/dynamic/scaffold/FieldRegistry
instanceKlass net/bytebuddy/dynamic/scaffold/MethodRegistry
instanceKlass net/bytebuddy/dynamic/scaffold/RecordComponentRegistry
instanceKlass net/bytebuddy/dynamic/DynamicType$Builder$FieldDefinition$Optional$Valuable
instanceKlass net/bytebuddy/dynamic/DynamicType$Builder$InnerTypeDefinition$ForType
instanceKlass net/bytebuddy/dynamic/DynamicType$Builder$InnerTypeDefinition
instanceKlass net/bytebuddy/dynamic/DynamicType$Builder$MethodDefinition$ImplementationDefinition$Optional
instanceKlass net/bytebuddy/dynamic/DynamicType$Builder$RecordComponentDefinition$Optional
instanceKlass net/bytebuddy/dynamic/DynamicType$Builder$RecordComponentDefinition
instanceKlass net/bytebuddy/dynamic/DynamicType$Builder$TypeVariableDefinition
instanceKlass net/bytebuddy/dynamic/DynamicType$Builder$MethodDefinition$ParameterDefinition$Initial
instanceKlass net/bytebuddy/dynamic/DynamicType$Builder$MethodDefinition$ParameterDefinition$Simple
instanceKlass net/bytebuddy/implementation/attribute/TypeAttributeAppender
instanceKlass net/bytebuddy/dynamic/DynamicType$Builder$FieldDefinition$Valuable
instanceKlass net/bytebuddy/dynamic/DynamicType$Builder$ModuleDefinition
instanceKlass net/bytebuddy/dynamic/DynamicType$Builder$FieldDefinition$Optional
instanceKlass net/bytebuddy/dynamic/DynamicType$Builder$FieldDefinition
instanceKlass net/bytebuddy/dynamic/DynamicType$Builder$MethodDefinition$ParameterDefinition
instanceKlass net/bytebuddy/dynamic/DynamicType$Builder$MethodDefinition$ExceptionDefinition
instanceKlass net/bytebuddy/dynamic/DynamicType$Builder$MethodDefinition$TypeVariableDefinition
instanceKlass net/bytebuddy/dynamic/DynamicType$Builder$MethodDefinition$ImplementationDefinition
instanceKlass net/bytebuddy/dynamic/TypeResolutionStrategy
instanceKlass net/bytebuddy/dynamic/DynamicType$Builder$AbstractBase
instanceKlass net/bytebuddy/dynamic/scaffold/inline/MethodNameTransformer$Suffixing
instanceKlass net/bytebuddy/dynamic/scaffold/inline/MethodNameTransformer
instanceKlass net/bytebuddy/pool/TypePool$AbstractBase$ArrayTypeResolution
instanceKlass net/bytebuddy/pool/TypePool$Default$LazyTypeDescription$GenericTypeToken$Resolution$ForType$Tokenized
instanceKlass net/bytebuddy/pool/TypePool$Default$GenericTypeExtractor$ForSignature$OfType$InterfaceTypeRegistrant
instanceKlass net/bytebuddy/pool/TypePool$Default$GenericTypeExtractor$ForSignature$OfType$SuperClassRegistrant
instanceKlass net/bytebuddy/description/module/ModuleDescription
instanceKlass net/bytebuddy/pool/TypePool$Default$LazyTypeDescription$GenericTypeToken$ForTypeVariable$Formal
instanceKlass net/bytebuddy/pool/TypePool$Default$LazyTypeDescription$GenericTypeToken$OfFormalTypeVariable
instanceKlass net/bytebuddy/pool/TypePool$Default$LazyTypeDescription$GenericTypeToken$ForUpperBoundWildcard
instanceKlass net/bytebuddy/pool/TypePool$Default$GenericTypeExtractor$IncompleteToken$AbstractBase$ForUpperBound
instanceKlass net/bytebuddy/pool/TypePool$Default$LazyTypeDescription$GenericTypeToken$ForLowerBoundWildcard
instanceKlass net/bytebuddy/pool/TypePool$Default$GenericTypeExtractor$IncompleteToken$AbstractBase$ForLowerBound
instanceKlass net/bytebuddy/pool/TypePool$Default$LazyTypeDescription$GenericTypeToken$ForRawType
instanceKlass net/bytebuddy/pool/TypePool$Default$LazyTypeDescription$GenericTypeToken$Resolution$ForMethod$Tokenized
instanceKlass net/bytebuddy/pool/TypePool$Default$GenericTypeExtractor$ForSignature$OfMethod$ReturnTypeTypeRegistrant
instanceKlass net/bytebuddy/pool/TypePool$Default$GenericTypeExtractor$ForSignature$OfMethod$ParameterTypeRegistrant
instanceKlass net/bytebuddy/pool/TypePool$Default$LazyTypeDescription$MethodToken$ParameterToken
instanceKlass net/bytebuddy/pool/TypePool$Default$LazyTypeDescription$MethodToken
instanceKlass net/bytebuddy/pool/TypePool$Default$ParameterBag
instanceKlass net/bytebuddy/pool/TypePool$Default$LazyTypeDescription$AnnotationToken$Resolution
instanceKlass net/bytebuddy/description/annotation/AnnotationDescription
instanceKlass net/bytebuddy/pool/TypePool$Default$LazyTypeDescription$AnnotationToken
instanceKlass net/bytebuddy/pool/TypePool$Default$AnnotationRegistrant$AbstractBase
instanceKlass net/bytebuddy/pool/TypePool$AbstractBase$ComponentTypeReference
instanceKlass net/bytebuddy/pool/TypePool$Default$ComponentTypeLocator$ForAnnotationProperty
instanceKlass net/bytebuddy/description/annotation/AnnotationValue
instanceKlass net/bytebuddy/pool/TypePool$Default$LazyTypeDescription$GenericTypeToken$Resolution$ForField$Tokenized
instanceKlass net/bytebuddy/pool/TypePool$Default$LazyTypeDescription$GenericTypeToken$ForGenericArray
instanceKlass net/bytebuddy/pool/TypePool$Default$LazyTypeDescription$GenericTypeToken$ForParameterizedType
instanceKlass net/bytebuddy/pool/TypePool$Default$LazyTypeDescription$GenericTypeToken$ForParameterizedType$Nested
instanceKlass net/bytebuddy/pool/TypePool$Default$LazyTypeDescription$GenericTypeToken$ForTypeVariable
instanceKlass net/bytebuddy/pool/TypePool$Default$GenericTypeExtractor$IncompleteToken$AbstractBase$ForDirectBound
instanceKlass net/bytebuddy/pool/TypePool$Default$GenericTypeExtractor$IncompleteToken$AbstractBase
instanceKlass net/bytebuddy/pool/TypePool$Default$GenericTypeExtractor$IncompleteToken
instanceKlass net/bytebuddy/pool/TypePool$Default$LazyTypeDescription$GenericTypeToken
instanceKlass net/bytebuddy/jar/asm/signature/SignatureReader
instanceKlass net/bytebuddy/pool/TypePool$Default$LazyTypeDescription$GenericTypeToken$Resolution$ForRecordComponent
instanceKlass net/bytebuddy/pool/TypePool$Default$LazyTypeDescription$GenericTypeToken$Resolution$ForMethod
instanceKlass net/bytebuddy/pool/TypePool$Default$LazyTypeDescription$GenericTypeToken$Resolution$ForType
instanceKlass net/bytebuddy/pool/TypePool$Default$LazyTypeDescription$GenericTypeToken$Resolution
instanceKlass net/bytebuddy/jar/asm/signature/SignatureVisitor
instanceKlass net/bytebuddy/pool/TypePool$Default$GenericTypeExtractor$ForSignature$OfField
instanceKlass net/bytebuddy/pool/TypePool$Default$GenericTypeRegistrant
instanceKlass net/bytebuddy/pool/TypePool$Default$LazyTypeDescription$GenericTypeToken$Resolution$ForField
instanceKlass net/bytebuddy/pool/TypePool$Default$LazyTypeDescription$FieldToken
instanceKlass net/bytebuddy/jar/asm/Context
instanceKlass net/bytebuddy/pool/TypePool$Default$AnnotationRegistrant
instanceKlass net/bytebuddy/pool/TypePool$Default$ComponentTypeLocator
instanceKlass net/bytebuddy/pool/TypePool$Default$LazyTypeDescription$TypeContainment
instanceKlass net/bytebuddy/jar/asm/ClassReader
instanceKlass net/bytebuddy/utility/AsmClassReader$ForAsm
instanceKlass net/bytebuddy/utility/OpenedClassReader
instanceKlass net/bytebuddy/pool/TypePool$Resolution$Simple
instanceKlass net/bytebuddy/utility/StreamDrainer
instanceKlass net/bytebuddy/dynamic/ClassFileLocator$Resolution$Explicit
instanceKlass net/bytebuddy/pool/TypePool$Resolution$Illegal
instanceKlass org/mule/runtime/module/extension/internal/spring/ByteBuddySpringCachesManager
instanceKlass net/bytebuddy/pool/TypePool$CacheProvider$Simple
instanceKlass net/bytebuddy/pool/TypePool$CacheProvider
instanceKlass net/bytebuddy/pool/TypePool$Resolution
instanceKlass net/bytebuddy/pool/TypePool$AbstractBase
instanceKlass net/bytebuddy/dynamic/ClassFileLocator$Compound
instanceKlass org/mule/springframework/core/SpringVersion
instanceKlass net/bytebuddy/dynamic/ClassFileLocator$Resolution
instanceKlass net/bytebuddy/dynamic/ClassFileLocator$ForClassLoader
instanceKlass net/bytebuddy/dynamic/TargetType
instanceKlass net/bytebuddy/utility/dispatcher/JavaDispatcher$ProxiedInvocationHandler
instanceKlass net/bytebuddy/utility/nullability/MaybeNull
instanceKlass net/bytebuddy/utility/dispatcher/JavaDispatcher$Dispatcher$ForNonStaticMethod
instanceKlass net/bytebuddy/utility/dispatcher/JavaDispatcher$IsConstructor
instanceKlass net/bytebuddy/utility/dispatcher/JavaDispatcher$IsStatic
instanceKlass net/bytebuddy/utility/dispatcher/JavaDispatcher$Container
instanceKlass net/bytebuddy/utility/dispatcher/JavaDispatcher$Instance
instanceKlass java/io/Console
instanceKlass net/bytebuddy/utility/dispatcher/JavaDispatcher$Defaults
instanceKlass net/bytebuddy/utility/dispatcher/JavaDispatcher$Proxied
instanceKlass net/bytebuddy/utility/Invoker$Dispatcher
instanceKlass net/bytebuddy/jar/asm/Attribute
instanceKlass net/bytebuddy/jar/asm/Handler
instanceKlass net/bytebuddy/jar/asm/Frame
instanceKlass net/bytebuddy/jar/asm/Type
instanceKlass net/bytebuddy/jar/asm/ByteVector
instanceKlass net/bytebuddy/jar/asm/Symbol
instanceKlass net/bytebuddy/jar/asm/SymbolTable
instanceKlass net/bytebuddy/jar/asm/RecordComponentVisitor
instanceKlass net/bytebuddy/jar/asm/ModuleVisitor
instanceKlass net/bytebuddy/jar/asm/MethodVisitor
instanceKlass net/bytebuddy/jar/asm/AnnotationVisitor
instanceKlass net/bytebuddy/jar/asm/FieldVisitor
instanceKlass net/bytebuddy/utility/Invoker
instanceKlass net/bytebuddy/utility/dispatcher/JavaDispatcher$InvokerCreationAction
instanceKlass net/bytebuddy/utility/dispatcher/JavaDispatcher$DynamicClassLoader$Resolver$ForModuleSystem
instanceKlass net/bytebuddy/utility/dispatcher/JavaDispatcher$DynamicClassLoader$Resolver
instanceKlass net/bytebuddy/utility/dispatcher/JavaDispatcher$Dispatcher
instanceKlass net/bytebuddy/utility/dispatcher/JavaDispatcher
instanceKlass net/bytebuddy/description/type/TypeDescription$ForLoadedType$Dispatcher
instanceKlass net/bytebuddy/description/type/TypeList
instanceKlass net/bytebuddy/description/method/MethodList
instanceKlass net/bytebuddy/description/type/RecordComponentList
instanceKlass net/bytebuddy/description/field/FieldList
instanceKlass net/bytebuddy/description/annotation/AnnotationList
instanceKlass net/bytebuddy/description/ModifierReviewable$AbstractBase
instanceKlass net/bytebuddy/description/ModifierReviewable$ForModuleRequirement
instanceKlass net/bytebuddy/description/ModifierReviewable$ForModuleDescription
instanceKlass net/bytebuddy/description/ModifierReviewable$ForParameterDescription
instanceKlass net/bytebuddy/description/ModifierReviewable$OfMandatable
instanceKlass net/bytebuddy/matcher/LatentMatcher$Resolved
instanceKlass net/bytebuddy/utility/AsmClassWriter
instanceKlass net/bytebuddy/jar/asm/ClassVisitor
instanceKlass net/bytebuddy/pool/TypePool
instanceKlass net/bytebuddy/utility/AsmClassReader
instanceKlass net/bytebuddy/dynamic/scaffold/InstrumentedType$WithFlexibleName
instanceKlass net/bytebuddy/dynamic/scaffold/InstrumentedType
instanceKlass net/bytebuddy/dynamic/scaffold/TypeInitializer
instanceKlass net/bytebuddy/implementation/bytecode/ByteCodeAppender
instanceKlass net/bytebuddy/implementation/LoadedTypeInitializer
instanceKlass net/bytebuddy/matcher/ElementMatcher$Junction$AbstractBase
instanceKlass net/bytebuddy/description/field/FieldDescription$InDefinedShape
instanceKlass net/bytebuddy/description/field/FieldDescription
instanceKlass net/bytebuddy/description/ModifierReviewable$ForFieldDescription
instanceKlass net/bytebuddy/description/method/MethodDescription$InDefinedShape
instanceKlass net/bytebuddy/description/method/MethodDescription
instanceKlass net/bytebuddy/description/ByteCodeElement$TypeDependant
instanceKlass net/bytebuddy/description/ByteCodeElement$Member
instanceKlass net/bytebuddy/description/NamedElement$WithGenericName
instanceKlass net/bytebuddy/description/DeclaredByType$WithMandatoryDeclaration
instanceKlass net/bytebuddy/description/ModifierReviewable$ForMethodDescription
instanceKlass net/bytebuddy/matcher/ElementMatcher$Junction
instanceKlass net/bytebuddy/matcher/ElementMatchers
instanceKlass net/bytebuddy/description/type/TypeDescription$Generic
instanceKlass net/bytebuddy/dynamic/scaffold/MethodGraph$Compiler$Default$Harmonizer
instanceKlass net/bytebuddy/dynamic/scaffold/MethodGraph$Compiler$Default$Merger
instanceKlass net/bytebuddy/description/type/TypeDescription$Generic$Visitor
instanceKlass net/bytebuddy/dynamic/scaffold/MethodGraph$Linked
instanceKlass net/bytebuddy/dynamic/scaffold/MethodGraph
instanceKlass net/bytebuddy/dynamic/scaffold/MethodGraph$Compiler$AbstractBase
instanceKlass net/bytebuddy/dynamic/scaffold/MethodGraph$Compiler
instanceKlass net/bytebuddy/implementation/Implementation$Context$ExtractableView
instanceKlass net/bytebuddy/implementation/Implementation$Context
instanceKlass net/bytebuddy/implementation/MethodAccessorFactory
instanceKlass net/bytebuddy/implementation/attribute/AnnotationValueFilter
instanceKlass net/bytebuddy/implementation/auxiliary/AuxiliaryType$NamingStrategy$SuffixingRandom
instanceKlass net/bytebuddy/utility/RandomString
instanceKlass net/bytebuddy/NamingStrategy$AbstractBase
instanceKlass java/lang/Process
instanceKlass net/bytebuddy/ClassFileVersion$VersionLocator$Resolved
instanceKlass net/bytebuddy/ClassFileVersion$VersionLocator
instanceKlass net/bytebuddy/ClassFileVersion
instanceKlass net/bytebuddy/utility/privilege/GetSystemPropertyAction
instanceKlass net/bytebuddy/description/type/PackageDescription
instanceKlass net/bytebuddy/description/type/TypeDescription
instanceKlass net/bytebuddy/description/TypeVariableSource
instanceKlass net/bytebuddy/description/ByteCodeElement
instanceKlass net/bytebuddy/description/annotation/AnnotationSource
instanceKlass net/bytebuddy/description/DeclaredByType
instanceKlass net/bytebuddy/description/NamedElement$WithDescriptor
instanceKlass net/bytebuddy/description/NamedElement$WithRuntimeName
instanceKlass net/bytebuddy/dynamic/scaffold/subclass/ConstructorStrategy
instanceKlass net/bytebuddy/dynamic/DynamicType$Builder
instanceKlass net/bytebuddy/description/type/TypeList$Generic
instanceKlass net/bytebuddy/matcher/FilterableList
instanceKlass net/bytebuddy/description/type/TypeDefinition
instanceKlass net/bytebuddy/description/ModifierReviewable$ForTypeDefinition
instanceKlass net/bytebuddy/description/ModifierReviewable$OfEnumeration
instanceKlass net/bytebuddy/description/ModifierReviewable$OfAbstraction
instanceKlass net/bytebuddy/description/ModifierReviewable$OfByteCodeElement
instanceKlass net/bytebuddy/description/ModifierReviewable
instanceKlass net/bytebuddy/description/NamedElement
instanceKlass net/bytebuddy/NamingStrategy$Suffixing$BaseNameResolver
instanceKlass net/bytebuddy/implementation/attribute/AnnotationValueFilter$Factory
instanceKlass net/bytebuddy/dynamic/scaffold/InstrumentedType$Factory
instanceKlass net/bytebuddy/dynamic/VisibilityBridgeStrategy
instanceKlass net/bytebuddy/utility/AsmClassReader$Factory
instanceKlass net/bytebuddy/utility/AsmClassWriter$Factory
instanceKlass net/bytebuddy/matcher/LatentMatcher
instanceKlass net/bytebuddy/implementation/Implementation$Context$Factory
instanceKlass net/bytebuddy/implementation/auxiliary/AuxiliaryType$NamingStrategy
instanceKlass net/bytebuddy/NamingStrategy
instanceKlass net/bytebuddy/ByteBuddy
instanceKlass net/bytebuddy/asm/AsmVisitorWrapper
instanceKlass net/bytebuddy/matcher/ElementMatcher
instanceKlass net/bytebuddy/dynamic/ClassFileLocator
instanceKlass org/mule/runtime/module/extension/internal/spring/ByteBuddySpringCacheInstrumentator
instanceKlass org/mule/runtime/module/extension/internal/loader/enricher/MetadataTypeEnricher
instanceKlass org/mule/runtime/module/extension/internal/util/IntrospectionUtils
instanceKlass org/mule/runtime/module/extension/internal/loader/utils/ParameterUtils
instanceKlass org/mule/sdk/api/annotation/Configurations
instanceKlass jdk/internal/vm/annotation/Stable
instanceKlass com/sun/beans/WildcardTypeImpl
instanceKlass sun/reflect/generics/tree/BooleanSignature
instanceKlass sun/reflect/generics/reflectiveObjects/GenericArrayTypeImpl
instanceKlass org/jgrapht/Graphs
instanceKlass sun/reflect/generics/tree/ArrayTypeSignature
instanceKlass org/jgrapht/traverse/AbstractGraphIterator
instanceKlass org/jgrapht/traverse/GraphIterator
instanceKlass org/jgrapht/alg/interfaces/StrongConnectivityAlgorithm
instanceKlass org/jgrapht/alg/cycle/CycleDetector
instanceKlass java/io/ObjectStreamConstants
instanceKlass java/io/ObjectInput
instanceKlass com/mulesoft/connector/snowflake/api/params/ConditionStatement
instanceKlass org/mule/runtime/module/extension/internal/error/ErrorsModelFactory
instanceKlass org/mule/runtime/extension/api/annotation/param/DefaultEncoding
instanceKlass org/mule/runtime/module/extension/internal/loader/java/property/ExceptionHandlerModelProperty
instanceKlass org/mule/sdk/api/annotation/OnException
instanceKlass org/mule/runtime/extension/api/annotation/OnException
instanceKlass org/mule/sdk/api/annotation/ExternalLibs
instanceKlass org/mule/runtime/extension/api/annotation/ExternalLibs
instanceKlass org/mule/sdk/api/annotation/ExternalLib
instanceKlass org/mule/runtime/extension/api/annotation/ExternalLib
instanceKlass org/mule/runtime/module/extension/internal/loader/parser/java/lib/JavaExternalLibModelParserUtils
instanceKlass org/mule/sdk/api/annotation/deprecated/Deprecated
instanceKlass org/mule/runtime/extension/api/annotation/deprecated/Deprecated
instanceKlass org/mule/runtime/module/extension/internal/loader/java/property/ArtifactLifecycleListenerModelProperty
instanceKlass org/mule/sdk/api/annotation/OnArtifactLifecycle
instanceKlass org/mule/runtime/module/extension/internal/loader/java/property/TypeLoaderModelProperty
instanceKlass org/mule/runtime/module/extension/internal/loader/java/property/DevelopmentFrameworkModelProperty
instanceKlass org/mule/runtime/module/extension/internal/loader/java/property/LicenseModelProperty
instanceKlass org/mule/runtime/module/extension/internal/loader/parser/java/JavaExtensionModelParser$JavaLicenseModelParser
instanceKlass org/mule/runtime/module/extension/internal/loader/parser/java/info/RequiresEnterpriseLicenseInfo
instanceKlass org/mule/sdk/api/annotation/license/RequiresEnterpriseLicense
instanceKlass org/mule/runtime/module/extension/internal/loader/parser/java/info/RequiresEntitlementInfo
instanceKlass org/mule/sdk/api/annotation/license/RequiresEntitlement
instanceKlass org/mule/runtime/extension/api/annotation/license/RequiresEntitlement
instanceKlass org/mule/runtime/extension/api/loader/parser/SourceModelParser
instanceKlass org/mule/runtime/extension/api/declaration/type/annotation/NullSafeTypeAnnotation
instanceKlass org/mule/runtime/extension/api/loader/parser/ComponentVisibilityParser
instanceKlass org/mule/runtime/extension/api/loader/parser/ParameterModelParser
instanceKlass org/mule/runtime/module/extension/internal/loader/parser/java/JavaExtensionModelParserUtils
instanceKlass org/apache/commons/lang3/Validate
instanceKlass org/mule/sdk/api/annotation/notification/NotificationActions
instanceKlass org/mule/runtime/extension/api/annotation/notification/NotificationActions
instanceKlass org/mule/sdk/api/annotation/SubTypesMapping
instanceKlass org/mule/sdk/api/annotation/SubTypeMapping
instanceKlass org/mule/sdk/api/annotation/ImportedTypes
instanceKlass org/mule/runtime/extension/api/annotation/ImportedTypes
instanceKlass org/mule/sdk/api/annotation/Import
instanceKlass org/mule/runtime/extension/api/annotation/Import
instanceKlass org/mule/sdk/api/annotation/PrivilegedExport
instanceKlass org/mule/runtime/extension/api/annotation/PrivilegedExport
instanceKlass org/mule/runtime/module/extension/internal/loader/java/property/ExportedClassNamesModelProperty
instanceKlass org/mule/runtime/extension/api/stereotype/ImplicitStereotypeDefinition
instanceKlass com/mulesoft/connector/snowflake/api/params/MergeIntoMatchClause
instanceKlass com/mulesoft/connector/snowflake/api/params/QueryFragment
instanceKlass com/mulesoft/connector/snowflake/api/params/InsertIntoMultiTableParameters
instanceKlass com/mulesoft/connector/snowflake/api/params/copyintotable/FileFormatOptionsXmlForCopyIntoTable
instanceKlass com/mulesoft/connector/snowflake/api/params/copyintotable/FileFormatOptionsParquetForCopyIntoTable
instanceKlass com/mulesoft/connector/snowflake/api/params/copyintotable/FileFormatOptionsOrcForCopyIntoTable
instanceKlass org/mule/runtime/extension/api/annotation/param/RefName
instanceKlass com/mulesoft/connector/snowflake/api/params/copyintotable/FileFormatOptionsJsonForCopyIntoTable
instanceKlass com/mulesoft/connector/snowflake/api/params/copyintotable/FileFormatOptionsCsvForCopyIntoTable
instanceKlass org/mule/sdk/api/annotation/DoNotEnforceMinMuleVersion
instanceKlass org/mule/sdk/api/annotation/semantics/connectivity/ExcludeFromConnectivitySchema
instanceKlass com/mulesoft/connector/snowflake/api/params/copyintotable/FileFormatOptionsAvroForCopyIntoTable
instanceKlass com/mulesoft/connector/snowflake/api/params/copyintotable/FileFormatOptionsForCopyIntoTable
instanceKlass com/mulesoft/connector/snowflake/api/params/copyintotable/FileFormatDefinitionByTypeOptionsForCopyIntoTable
instanceKlass com/mulesoft/connector/snowflake/api/params/copyintotable/FileFormatDefinitionByNameForCopyIntoTable
instanceKlass com/mulesoft/connector/snowflake/api/params/copyintotable/FileFormatForCopyIntoTable
instanceKlass com/mulesoft/connector/snowflake/api/params/copyintolocation/FileFormatOptionsParquetForCopyIntoLocation
instanceKlass com/mulesoft/connector/snowflake/api/params/copyintolocation/FileFormatOptionsJsonForCopyIntoLocation
instanceKlass com/mulesoft/connector/snowflake/api/params/copyintolocation/FileFormatOptionsCsvForCopyIntoLocation
instanceKlass com/mulesoft/connector/snowflake/api/params/copyintolocation/FileFormatOptionsForCopyIntoLocation
instanceKlass com/mulesoft/connector/snowflake/api/params/copyintolocation/FileFormatDefinitionByTypeOptionsForCopyIntoLocation
instanceKlass com/mulesoft/connector/snowflake/api/params/copyintolocation/FileFormatDefinitionByNameForCopyIntoLocation
instanceKlass org/mule/springframework/core/SerializableTypeWrapper$TypeProvider
instanceKlass com/mulesoft/connector/snowflake/api/params/copyintolocation/FileFormatForCopyIntoLocation
instanceKlass com/mulesoft/connector/snowflake/api/params/QuerySource
instanceKlass com/mulesoft/connector/snowflake/api/params/TableSource
instanceKlass com/mulesoft/connector/snowflake/api/params/TableQuerySource
instanceKlass com/mulesoft/connector/snowflake/api/params/MicrosoftAzureNoCredentials
instanceKlass com/mulesoft/connector/snowflake/api/params/MicrosoftAzureKeyCredentials
instanceKlass org/mule/springframework/core/ResolvableType$VariableResolver
instanceKlass com/mulesoft/connector/snowflake/api/params/copyintotable/MicrosoftAzureStorageIntegrationCredentials
instanceKlass com/mulesoft/connector/snowflake/api/params/AmazonS3NoCredentials
instanceKlass com/mulesoft/connector/snowflake/api/params/AmazonS3RoleCredentials
instanceKlass com/mulesoft/connector/snowflake/api/params/AmazonS3KeyCredentials
instanceKlass com/mulesoft/connector/snowflake/api/params/copyintotable/StorageIntegration
instanceKlass com/mulesoft/connector/snowflake/api/params/copyintotable/AmazonS3StorageIntegrationCredentials
instanceKlass com/mulesoft/connector/snowflake/api/params/encryption/AzureCseMicrosoftAzureEncryption
instanceKlass com/mulesoft/connector/snowflake/api/params/encryption/MicrosoftAzureEncryption
instanceKlass com/mulesoft/connector/snowflake/api/params/encryption/GcsSseMksGoogleCloudEncryption
instanceKlass com/mulesoft/connector/snowflake/api/params/encryption/GoogleCloudEncryption
instanceKlass com/mulesoft/connector/snowflake/api/params/encryption/AwsSseKmsAmazonS3Encryption
instanceKlass com/mulesoft/connector/snowflake/api/params/encryption/AwsSseS3AmazonS3Encryption
instanceKlass com/mulesoft/connector/snowflake/api/params/encryption/AwsCseAmazonS3Encryption
instanceKlass org/mule/runtime/module/extension/internal/loader/parser/java/info/ExportInfo
instanceKlass com/mulesoft/connector/snowflake/api/params/encryption/AmazonS3Encryption
instanceKlass com/mulesoft/connector/snowflake/api/params/copyintotable/AmazonS3ExternalLocation
instanceKlass com/mulesoft/connector/snowflake/api/params/GoogleCloudStorageExternalLocation
instanceKlass org/mule/sdk/api/annotation/Export
instanceKlass com/mulesoft/connector/snowflake/api/params/MicrosoftAzureExternalLocation
instanceKlass com/mulesoft/connector/snowflake/api/params/ExternalLocationProvider
instanceKlass org/mule/runtime/module/extension/internal/loader/java/property/ImplementingTypeModelProperty
instanceKlass com/mulesoft/connector/snowflake/api/params/ExternalStageLocation
instanceKlass com/mulesoft/connector/snowflake/api/params/InternalStageLocation
instanceKlass com/mulesoft/connector/snowflake/api/params/StageLocation
instanceKlass com/mulesoft/connector/snowflake/api/params/ExternalLocation
instanceKlass com/mulesoft/connector/snowflake/api/params/SnowflakeLocation
instanceKlass com/mulesoft/connector/snowflake/api/params/Location
instanceKlass com/mulesoft/connector/snowflake/api/params/ValidationModeReturnMaxRows
instanceKlass com/mulesoft/connector/snowflake/api/params/ValidationModeReturnErrors
instanceKlass org/mule/runtime/module/extension/internal/error/ErrorModelUtils
instanceKlass com/mulesoft/connector/snowflake/api/params/ValidationMode
instanceKlass com/mulesoft/connector/snowflake/api/params/DoNotUseAutoIngest
instanceKlass com/mulesoft/connector/snowflake/api/params/UseAutoIngest
instanceKlass com/mulesoft/connector/snowflake/api/params/AutoIngest
instanceKlass org/mule/runtime/module/extension/internal/loader/parser/BaseErrorModelParser
instanceKlass com/mulesoft/connector/snowflake/api/params/FileFormatDefinitionByTypeOptions
instanceKlass com/mulesoft/connector/snowflake/api/params/FileFormatDefinitionByName
instanceKlass com/mulesoft/connector/snowflake/api/params/FileFormat
instanceKlass com/mulesoft/connector/snowflake/api/params/FileFormatOptionsXml
instanceKlass com/mulesoft/connector/snowflake/api/params/FileFormatOptionsParquet
instanceKlass com/mulesoft/connector/snowflake/api/params/FileFormatOptionsOrc
instanceKlass org/mule/runtime/module/extension/internal/error/SdkErrorTypeDefinitionAdapter
instanceKlass com/mulesoft/connector/snowflake/api/params/FileFormatOptionsJson
instanceKlass com/mulesoft/connector/snowflake/api/params/FileFormatOptionsCsv
instanceKlass org/mule/runtime/module/extension/internal/loader/java/type/runtime/ClassBasedAnnotationValueFetcher
instanceKlass org/mule/extension/socket/api/socket/AbstractSocketProperties
instanceKlass com/mulesoft/connector/snowflake/api/params/FileFormatOptionsAvro
instanceKlass org/mule/extension/socket/api/socket/tcp/TcpSocketProperties
instanceKlass com/mulesoft/connector/snowflake/api/params/FileFormatOptions
instanceKlass org/mule/extension/socket/api/socket/SocketProperties
instanceKlass org/mule/sdk/api/annotation/error/ErrorTypes
instanceKlass org/mule/runtime/extension/api/loader/parser/ErrorModelParser
instanceKlass org/mule/runtime/extension/api/annotation/SubTypesMapping
instanceKlass org/mule/runtime/extension/api/runtime/exception/SdkExceptionHandlerFactory
instanceKlass org/mule/runtime/module/extension/internal/loader/parser/java/error/JavaErrorModelParserUtils
instanceKlass org/mule/extension/socket/api/connection/tcp/protocol/CustomProtocol
instanceKlass org/mule/runtime/module/extension/internal/loader/utils/ExtensionNamespaceUtils
instanceKlass org/mule/runtime/extension/api/annotation/license/RequiresEnterpriseLicense
instanceKlass org/mule/db/commons/AbstractDbConnector
instanceKlass org/mule/extension/socket/api/connection/tcp/protocol/AbstractByteProtocol
instanceKlass org/mule/extension/socket/api/socket/tcp/TcpProtocol
instanceKlass java/lang/annotation/Repeatable
instanceKlass org/mule/runtime/extension/api/annotation/SubTypeMapping
instanceKlass org/mule/runtime/extension/api/annotation/Export
instanceKlass org/mule/extension/socket/api/config/RequesterConfig
instanceKlass org/mule/extension/socket/api/config/ListenerConfig
instanceKlass org/mule/sdk/api/annotation/JavaVersionSupport
instanceKlass org/mule/runtime/extension/api/annotation/error/ErrorTypes
instanceKlass org/mule/extension/email/internal/mailbox/imap/IMAPConfiguration
instanceKlass org/mule/extension/email/internal/mailbox/pop3/POP3Configuration
instanceKlass org/mule/extension/email/internal/mailbox/MailboxAccessConfiguration
instanceKlass org/mule/runtime/extension/api/annotation/Extension
instanceKlass org/mule/extension/email/internal/sender/SMTPConfiguration
instanceKlass org/mule/runtime/extension/api/annotation/Configurations
instanceKlass org/mule/runtime/module/extension/internal/loader/parser/java/MuleExtensionAnnotationParser
instanceKlass org/mule/runtime/extension/api/loader/parser/XmlDslConfiguration
instanceKlass org/mule/runtime/module/extension/api/loader/java/type/AnnotationValueFetcher
instanceKlass org/mule/sdk/api/annotation/dsl/xml/Xml
instanceKlass org/mule/runtime/extension/api/annotation/dsl/xml/Xml
instanceKlass org/mule/runtime/module/extension/internal/loader/parser/java/stereotypes/DefaultStereotypeModelFactory
instanceKlass org/mule/runtime/extension/api/loader/parser/StereotypeModelFactory
instanceKlass org/mule/runtime/extension/api/loader/parser/LicenseModelParser
instanceKlass org/objectweb/asm/ClassVisitor
instanceKlass org/mule/runtime/module/extension/internal/loader/parser/java/AbstractJavaModelParser
instanceKlass org/mule/runtime/module/extension/internal/loader/delegate/StereotypeModelLoaderDelegate
instanceKlass org/mule/runtime/api/meta/model/parameter/ActingParameterModel
instanceKlass org/mule/runtime/extension/api/loader/parser/ValueProviderModelParser
instanceKlass org/mule/runtime/module/extension/internal/loader/delegate/ParameterModelsLoaderDelegate
instanceKlass org/mule/runtime/extension/api/loader/parser/AllowedStereotypesModelParser
instanceKlass org/mule/runtime/extension/api/loader/parser/NotificationEmitterParser
instanceKlass org/mule/runtime/extension/api/loader/parser/SemanticTermsParser
instanceKlass org/mule/runtime/extension/api/loader/parser/StereotypeModelParser
instanceKlass org/mule/runtime/module/extension/internal/loader/delegate/AbstractComponentModelLoaderDelegate
instanceKlass org/mule/runtime/module/extension/internal/loader/enricher/PollingSourceDeclarationEnricher
instanceKlass org/mule/runtime/module/extension/internal/loader/validator/ParameterPluralNameModelValidator
instanceKlass org/mule/runtime/module/extension/internal/loader/delegate/DefaultExtensionModelLoaderDelegate
instanceKlass org/mule/runtime/extension/api/annotation/privileged/DeclarationEnrichers
instanceKlass org/mule/runtime/module/extension/internal/loader/java/info/ExtensionInfo
instanceKlass org/mule/springframework/core/ResolvableType
instanceKlass com/mulesoft/connector/snowflake/internal/extension/SnowflakeConnector
instanceKlass org/mule/extension/socket/api/SocketsExtension
instanceKlass org/mule/extension/email/internal/EmailConnector
instanceKlass java/sql/Driver
instanceKlass org/mule/runtime/module/extension/api/loader/java/type/OperationElement
instanceKlass org/mule/runtime/module/extension/api/loader/java/type/FunctionElement
instanceKlass org/mule/runtime/module/extension/api/loader/java/type/ConfigurationElement
instanceKlass org/mule/runtime/module/extension/internal/loader/java/type/runtime/TypeWrapper
instanceKlass org/mule/runtime/module/extension/internal/loader/java/type/property/ExtensionTypeDescriptorModelProperty
instanceKlass org/mule/runtime/extension/api/loader/parser/ExtensionModelParser
instanceKlass org/mule/runtime/extension/api/loader/parser/AdditionalPropertiesModelParser
instanceKlass org/mule/runtime/module/extension/api/loader/java/type/ExtensionElement
instanceKlass org/mule/runtime/module/extension/api/loader/java/type/WithFunctions
instanceKlass org/mule/runtime/module/extension/api/loader/java/type/WithOperations
instanceKlass org/mule/runtime/module/extension/api/loader/java/type/ComponentElement
instanceKlass org/mule/runtime/module/extension/api/loader/java/type/WithConnectionProviders
instanceKlass org/mule/runtime/module/extension/api/loader/java/type/WithFunctionContainers
instanceKlass org/mule/runtime/module/extension/api/loader/java/type/WithOperationContainers
instanceKlass org/mule/runtime/module/extension/api/loader/java/type/WithMessageSources
instanceKlass org/mule/runtime/module/extension/api/loader/java/type/ParameterizableTypeElement
instanceKlass org/mule/runtime/module/extension/api/loader/java/type/Type
instanceKlass org/mule/runtime/module/extension/internal/loader/parser/java/JavaExtensionModelParserFactory
instanceKlass org/mule/runtime/internal/meta/type/DefaultTypeCatalog$SubTypesMappingContainer
instanceKlass org/mule/runtime/internal/meta/type/DefaultTypeCatalog
instanceKlass org/mule/runtime/internal/dsl/DefaultDslResolvingContext
instanceKlass org/mule/runtime/extension/api/property/SourceClusterSupportModelProperty
instanceKlass org/mule/runtime/extension/api/property/BackPressureStrategyModelProperty
instanceKlass org/mule/runtime/extension/internal/property/TransactionalTypeModelProperty
instanceKlass org/mule/runtime/core/api/error/Errors$ComponentIdentifiers$Unhandleable
instanceKlass org/mule/runtime/api/source/CronSchedulerConfiguration
instanceKlass org/mule/runtime/extension/api/annotation/param/reference/ObjectStoreReference
instanceKlass org/mule/runtime/extension/api/annotation/param/reference/FlowReference
instanceKlass org/mule/runtime/extension/api/annotation/param/reference/ConfigReference
instanceKlass org/mule/runtime/extension/api/annotation/ConfigReferences
instanceKlass org/mule/sdk/api/annotation/param/ConfigOverride
instanceKlass org/mule/runtime/extension/api/annotation/param/ConfigOverride
instanceKlass org/mule/sdk/api/annotation/param/display/ClassValue
instanceKlass org/mule/runtime/extension/api/annotation/param/display/ClassValue
instanceKlass org/mule/sdk/api/annotation/semantics/file/FilePath
instanceKlass org/mule/runtime/extension/api/annotation/param/display/Path
instanceKlass org/mule/sdk/api/annotation/param/display/Example
instanceKlass org/mule/runtime/extension/api/annotation/param/display/Example
instanceKlass org/mule/sdk/api/annotation/param/display/Summary
instanceKlass org/mule/runtime/extension/api/annotation/param/display/Summary
instanceKlass org/mule/sdk/api/annotation/param/display/DisplayName
instanceKlass org/mule/runtime/extension/api/annotation/param/display/DisplayName
instanceKlass org/mule/runtime/extension/api/annotation/param/Query
instanceKlass org/mule/sdk/api/annotation/param/display/Text
instanceKlass org/mule/runtime/extension/api/annotation/param/display/Text
instanceKlass org/mule/runtime/api/util/Pair
instanceKlass org/mule/sdk/api/annotation/param/display/Placement
instanceKlass org/mule/runtime/extension/api/annotation/param/display/Placement
instanceKlass org/mule/sdk/api/annotation/dsl/xml/ParameterDsl
instanceKlass org/mule/runtime/extension/api/annotation/dsl/xml/ParameterDsl
instanceKlass org/mule/sdk/api/annotation/param/NullSafe
instanceKlass org/mule/runtime/extension/api/annotation/param/NullSafe
instanceKlass org/mule/sdk/api/annotation/Expression
instanceKlass org/mule/sdk/api/annotation/param/Optional
instanceKlass org/mule/runtime/extension/api/annotation/param/Content
instanceKlass org/mule/runtime/extension/api/annotation/param/Optional
instanceKlass org/mule/runtime/extension/api/annotation/Expression
instanceKlass org/mule/sdk/api/annotation/MinMuleVersion
instanceKlass org/mule/runtime/api/component/location/Location
instanceKlass org/mule/runtime/api/component/location/ComponentLocation
instanceKlass org/mule/runtime/core/api/source/scheduler/Scheduler
instanceKlass org/mule/runtime/api/source/FixedFrequencySchedulerConfiguration
instanceKlass org/mule/runtime/api/source/SchedulerConfiguration
instanceKlass org/mule/runtime/extension/api/property/NoRedeliveryPolicyModelProperty
instanceKlass org/mule/runtime/extension/api/runtime/ExpirationPolicy
instanceKlass org/mule/runtime/core/privileged/extension/SingletonModelProperty
instanceKlass org/mule/runtime/core/internal/extension/ForEachChainInputTypeResolver
instanceKlass org/mule/runtime/module/extension/internal/metadata/chain/AllOfRoutesOutputTypeResolver
instanceKlass org/mule/runtime/module/extension/internal/metadata/chain/OneOfRoutesOutputTypeResolver
instanceKlass org/mule/runtime/api/notification/NotificationListener
instanceKlass org/mule/runtime/api/meta/model/display/ClassValueModel
instanceKlass org/mule/runtime/core/api/extension/provider/CoreRuntimeExtensionModelProvider
instanceKlass com/mulesoft/mule/runtime/tracking/api/extension/provider/TrackingEeExtensionModelDeclarer
instanceKlass com/mulesoft/mule/runtime/tracking/api/extension/TrackingEeRuntimeExtensionModelProvider
instanceKlass org/mule/runtime/core/api/extension/provider/TlsExtensionModelDeclarer
instanceKlass org/mule/runtime/module/tls/api/extension/TlsRuntimeExtensionModelProvider
instanceKlass com/mulesoft/mule/runtime/module/serialization/kryo/api/extension/provider/KryoSerializerEeExtensionModelDeclarer
instanceKlass com/mulesoft/mule/runtime/module/serialization/kryo/api/extension/KryoSerializerEeRuntimeExtensionModelProvider
instanceKlass com/mulesoft/mule/runtime/http/policy/api/extension/provider/HttpPolicyEeExtensionModelDeclarer
instanceKlass com/mulesoft/mule/runtime/http/policy/api/extension/HttpPolicyEeRuntimeExtensionModelProvider
instanceKlass org/mule/runtime/module/extension/internal/loader/java/property/ValueProviderFactoryModelProperty
instanceKlass org/mule/runtime/api/meta/model/parameter/ValueProviderModel
instanceKlass org/mule/runtime/extension/api/extension/XmlSdkTypesValueProvider
instanceKlass org/mule/runtime/extension/api/extension/XmlSdk1ExtensionModelDeclarer$StaticValueProviderFactory
instanceKlass org/mule/runtime/extension/api/loader/parser/ValueProviderFactory
instanceKlass org/mule/runtime/extension/api/values/ValueProvider
instanceKlass org/mule/runtime/extension/api/extension/XmlSdk1ExtensionModelDeclarer
instanceKlass org/mule/runtime/extension/api/extension/XmlSdk1RuntimeExtensionModelProvider
instanceKlass org/mule/runtime/module/extension/mule/api/extension/OperationDslExtensionModelProvider
instanceKlass org/mule/runtime/module/extension/mule/api/extension/MuleSdkExtensionRuntimeExtensionModelProvider
instanceKlass com/mulesoft/mule/runtime/module/cluster/internal/config/ClusterQueueConfiguration
instanceKlass org/mule/runtime/api/component/AbstractComponent
instanceKlass org/mule/runtime/api/component/Component
instanceKlass com/mulesoft/mule/runtime/module/cluster/internal/config/ClusterStoreProfile
instanceKlass com/mulesoft/mule/runtime/module/cluster/internal/dsl/ClusterDslConstants
instanceKlass com/mulesoft/mule/runtime/module/cluster/api/extension/ClusterExtensionModelDeclarer
instanceKlass com/mulesoft/mule/runtime/module/cluster/api/extension/ClusterRuntimeExtensionModelProvider
instanceKlass com/mulesoft/mule/runtime/bti/api/extension/provider/BtiExtensionModelDeclarer
instanceKlass com/mulesoft/mule/runtime/bti/api/extension/BtiRuntimeExtensionModelProvider
instanceKlass org/mule/runtime/api/meta/model/nested/NestedRouteModel
instanceKlass com/github/benmanes/caffeine/cache/BBHeader$PadReadCounter
instanceKlass com/mulesoft/mule/runtime/module/batch/api/extension/error/BatchError
instanceKlass org/mule/metadata/api/annotation/AccessibilityAnnotation
instanceKlass java/beans/SimpleBeanInfo
instanceKlass java/beans/Transient
instanceKlass java/beans/BeanProperty
instanceKlass com/sun/beans/introspect/PropertyInfo
instanceKlass com/sun/beans/introspect/EventSetInfo
instanceKlass com/sun/beans/WeakCache
instanceKlass com/sun/beans/TypeResolver
instanceKlass java/beans/MethodRef
instanceKlass com/sun/beans/introspect/MethodInfo$MethodOrder
instanceKlass com/sun/beans/introspect/MethodInfo
instanceKlass com/sun/beans/util/Cache$Ref
instanceKlass com/sun/beans/util/Cache$CacheEntry
instanceKlass com/sun/beans/util/Cache
instanceKlass com/sun/beans/introspect/ClassInfo
instanceKlass javax/swing/SwingContainer
instanceKlass java/beans/JavaBean
instanceKlass com/sun/beans/finder/ClassFinder
instanceKlass java/beans/BeanInfo
instanceKlass com/sun/beans/finder/InstanceFinder
instanceKlass java/beans/WeakIdentityMap
instanceKlass java/beans/ThreadGroupContext
instanceKlass java/beans/Introspector$1
instanceKlass jdk/internal/access/JavaBeansAccess
instanceKlass java/beans/FeatureDescriptor
instanceKlass java/beans/Introspector
instanceKlass org/mule/sdk/api/annotation/param/ParameterGroup
instanceKlass org/mule/runtime/extension/api/annotation/param/ParameterGroup
instanceKlass org/mule/sdk/api/annotation/param/Parameter
instanceKlass com/mulesoft/mule/runtime/module/batch/internal/extension/BatchAggregatorChainInputTypeResolver
instanceKlass com/mulesoft/mule/runtime/module/batch/api/extension/record/RecordWithErrors
instanceKlass org/mule/runtime/extension/api/property/NoWrapperModelProperty
instanceKlass org/mule/runtime/core/internal/extension/CustomLocationPartModelProperty
instanceKlass com/mulesoft/mule/runtime/module/batch/api/extension/stereotype/MuleBatchStereotypes
instanceKlass org/mule/metadata/api/annotation/NumberRangeAnnotation
instanceKlass com/mulesoft/mule/runtime/module/batch/api/extension/structure/BatchJobInstance
instanceKlass com/mulesoft/mule/runtime/module/batch/api/extension/provider/BatchExtensionModelDeclarer
instanceKlass com/mulesoft/mule/runtime/module/batch/api/extension/BatchRuntimeExtensionModelProvider
instanceKlass com/mulesoft/mule/runtime/gw/autodiscovery/internal/AutodiscoveryExtensionModelDeclarer
instanceKlass com/mulesoft/mule/runtime/gw/autodiscovery/api/extension/AutodiscoveryExtensionModelProvider
instanceKlass org/apache/commons/lang3/builder/HashCodeBuilder
instanceKlass org/mule/metadata/internal/utils/IDKey
instanceKlass org/mule/metadata/internal/utils/EfficientHashCode
instanceKlass org/apache/commons/lang3/builder/Builder
instanceKlass org/mule/runtime/api/meta/model/construct/ConstructModel
instanceKlass org/mule/runtime/api/meta/model/function/FunctionModel
instanceKlass org/mule/runtime/api/meta/model/source/SourceModel
instanceKlass org/mule/runtime/api/meta/model/connection/ConnectionProviderModel
instanceKlass org/mule/runtime/extension/api/util/NameUtils$Inflection
instanceKlass org/mule/runtime/api/meta/model/nested/NestedChainModel
instanceKlass org/mule/runtime/api/meta/model/nested/HasChainExecutionOccurrence
instanceKlass org/mule/runtime/api/meta/model/nested/NestedComponentModel
instanceKlass org/mule/runtime/extension/api/model/parameter/ImmutableExclusiveParametersModel
instanceKlass org/mule/runtime/api/meta/model/parameter/ExclusiveParametersModel
instanceKlass org/mule/runtime/extension/api/util/ExtensionModelUtils
instanceKlass org/mule/runtime/extension/api/util/ParameterModelComparator
instanceKlass org/mule/runtime/api/meta/model/operation/OperationModel
instanceKlass org/mule/runtime/api/meta/model/notification/HasNotifications
instanceKlass org/mule/runtime/api/meta/model/ConnectableComponentModel
instanceKlass org/mule/runtime/api/meta/model/HasOutputModel
instanceKlass org/mule/runtime/api/meta/model/config/ConfigurationModel
instanceKlass org/mule/runtime/extension/api/model/AbstractImmutableModel
instanceKlass org/mule/runtime/api/meta/model/source/SourceCallbackModel
instanceKlass org/mule/runtime/api/meta/model/parameter/ParameterGroupModel
instanceKlass org/mule/runtime/api/meta/model/parameter/ParameterModel
instanceKlass org/mule/runtime/api/meta/model/display/HasLayoutModel
instanceKlass org/mule/runtime/api/meta/model/nested/NestableElementModel
instanceKlass org/mule/runtime/api/meta/model/OutputModel
instanceKlass org/mule/runtime/api/meta/Typed
instanceKlass org/mule/runtime/extension/internal/loader/ExtensionModelFactory$FactoryDelegate
instanceKlass org/mule/runtime/extension/api/dsl/syntax/DslSyntaxUtils
instanceKlass org/mule/runtime/internal/dsl/NullDslResolvingContext$1
instanceKlass org/mule/sdk/api/stereotype/ObjectStoreStereotype
instanceKlass org/mule/sdk/api/stereotype/MuleStereotypeDefinition
instanceKlass org/mule/sdk/api/stereotype/StereotypeDefinition
instanceKlass org/mule/sdk/api/stereotype/MuleStereotypes
instanceKlass org/mule/runtime/api/util/MultiMap
instanceKlass org/mule/runtime/extension/internal/util/ExtensionNamespaceUtils
instanceKlass org/mule/metadata/message/api/MessageMetadataType
instanceKlass org/mule/runtime/extension/internal/property/TransactionalActionModelProperty
instanceKlass org/mule/runtime/extension/api/property/InfrastructureParameterModelProperty
instanceKlass org/mule/runtime/extension/api/property/QNameModelProperty
instanceKlass org/mule/runtime/api/message/Error
instanceKlass org/mule/runtime/extension/api/error/ErrorTypeDefinition
instanceKlass org/mule/runtime/extension/api/error/ErrorConstants
instanceKlass org/mule/runtime/extension/internal/loader/util/InfrastructureParameterBuilder
instanceKlass org/mule/runtime/extension/internal/property/TargetModelProperty
instanceKlass org/mule/metadata/java/api/utils/JavaTypeUtils
instanceKlass org/mule/runtime/extension/api/util/ExtensionMetadataTypeUtils
instanceKlass org/mule/runtime/api/meta/model/declaration/fluent/util/DeclarationWalker
instanceKlass org/mule/runtime/extension/internal/ocs/PlatformManagedOAuthUtils
instanceKlass org/mule/runtime/api/util/Reference
instanceKlass org/mule/runtime/extension/internal/property/NoReconnectionStrategyModelProperty
instanceKlass org/mule/runtime/api/meta/model/notification/NotificationModel
instanceKlass org/mule/runtime/api/meta/model/SubTypesModel
instanceKlass org/mule/runtime/extension/api/property/ClassLoaderModelProperty
instanceKlass org/mule/runtime/extension/internal/loader/CachedClassTypeLoader
instanceKlass org/mule/runtime/extension/internal/loader/DefaultExtensionLoadingContext
instanceKlass org/mule/runtime/extension/api/loader/ExtensionModelLoadingRequest$Builder
instanceKlass org/mule/runtime/extension/api/loader/ExtensionModelLoadingRequest
instanceKlass org/mule/runtime/api/meta/type/TypeCatalog
instanceKlass org/mule/runtime/internal/dsl/NullDslResolvingContext
instanceKlass org/mule/runtime/api/dsl/DslResolvingContext
instanceKlass org/mule/runtime/api/meta/model/declaration/fluent/ExclusiveParametersDeclaration
instanceKlass org/mule/runtime/extension/api/property/ResolverInformation
instanceKlass org/apache/commons/lang3/ArrayUtils
instanceKlass org/mule/runtime/extension/api/property/TypeResolversInformationModelProperty
instanceKlass org/mule/runtime/module/extension/internal/loader/utils/ModelLoaderUtils
instanceKlass org/mule/runtime/module/extension/internal/loader/java/property/MetadataResolverFactoryModelProperty
instanceKlass org/mule/runtime/module/extension/internal/metadata/chain/PassThroughChainOutputTypeResolver
instanceKlass org/mule/runtime/module/extension/internal/metadata/chain/PassThroughChainInputTypeResolver
instanceKlass org/mule/runtime/metadata/internal/NullMetadataResolverSupplier
instanceKlass org/mule/runtime/extension/api/metadata/MetadataResolverFactory
instanceKlass org/mule/sdk/api/metadata/resolving/ChainInputTypeResolver
instanceKlass org/mule/sdk/api/metadata/resolving/NamedTypeResolver
instanceKlass org/mule/runtime/module/extension/api/metadata/DefaultComponentMetadataConfigurer
instanceKlass org/mule/runtime/extension/api/metadata/ComponentMetadataConfigurer
instanceKlass org/mule/runtime/module/extension/internal/metadata/DefaultComponentMetadataConfigurerFactoryDelegate
instanceKlass org/mule/runtime/extension/api/model/deprecated/ImmutableDeprecationModel
instanceKlass org/mule/runtime/extension/api/stereotype/ObjectStoreStereotype
instanceKlass org/mule/runtime/extension/api/stereotype/MuleStereotypes
instanceKlass org/mule/runtime/extension/api/stereotype/MuleStereotypeDefinition
instanceKlass org/mule/runtime/extension/api/stereotype/StereotypeDefinition
instanceKlass com/mulesoft/mule/runtime/extension/api/stereotype/MuleEEStereotypes
instanceKlass org/mule/sdk/api/annotation/semantics/security/Username
instanceKlass org/mule/sdk/api/annotation/semantics/security/TokenId
instanceKlass org/mule/sdk/api/annotation/semantics/security/TenantIdentifier
instanceKlass org/mule/sdk/api/annotation/semantics/security/SessionId
instanceKlass org/mule/sdk/api/annotation/semantics/security/SecurityToken
instanceKlass org/mule/sdk/api/annotation/semantics/security/SecretToken
instanceKlass org/mule/sdk/api/annotation/semantics/security/Secret
instanceKlass org/mule/runtime/extension/api/annotation/param/display/Password
instanceKlass org/mule/sdk/api/annotation/semantics/security/Password
instanceKlass org/mule/sdk/api/annotation/semantics/security/ConnectionId
instanceKlass org/mule/sdk/api/annotation/semantics/security/ClientSecret
instanceKlass org/mule/sdk/api/annotation/semantics/security/ClientId
instanceKlass org/mule/sdk/api/annotation/semantics/security/ApiKey
instanceKlass org/mule/sdk/api/annotation/semantics/security/AccountId
instanceKlass org/mule/sdk/api/annotation/semantics/connectivity/UrlPath
instanceKlass org/mule/sdk/api/annotation/semantics/connectivity/Url
instanceKlass org/mule/sdk/api/annotation/semantics/connectivity/Port
instanceKlass org/mule/sdk/api/annotation/semantics/connectivity/NtlmDomain
instanceKlass org/mule/sdk/api/annotation/semantics/connectivity/Host
instanceKlass org/mule/sdk/api/annotation/semantics/connectivity/Endpoint
instanceKlass org/mule/sdk/api/annotation/semantics/connectivity/Domain
instanceKlass org/mule/sdk/api/annotation/semantics/connectivity/ConfiguresProxy
instanceKlass org/mule/sdk/api/annotation/semantics/connectivity/ConfiguresNtlmProxy
instanceKlass org/mule/sdk/api/annotation/semantics/connectivity/Unsecured
instanceKlass org/mule/sdk/api/annotation/semantics/connectivity/KerberosAuth
instanceKlass org/mule/sdk/api/annotation/semantics/connectivity/DigestAuth
instanceKlass org/mule/sdk/api/annotation/semantics/connectivity/BasicAuth
instanceKlass org/mule/sdk/api/annotation/semantics/connectivity/ApiKeyAuth
instanceKlass org/mule/runtime/extension/privileged/semantic/SemanticTermsHelper
instanceKlass org/mule/runtime/extension/internal/semantic/TypeSemanticTermsUtils
instanceKlass org/mule/sdk/api/annotation/param/stereotype/Stereotype
instanceKlass org/mule/runtime/extension/api/annotation/param/stereotype/Stereotype
instanceKlass org/mule/sdk/api/annotation/Alias
instanceKlass org/mule/runtime/extension/api/annotation/Alias
instanceKlass org/mule/runtime/extension/internal/loader/util/JavaParserUtils
instanceKlass org/mule/sdk/api/annotation/dsl/xml/TypeDsl
instanceKlass org/mule/runtime/extension/api/annotation/dsl/xml/TypeDsl
instanceKlass org/mule/sdk/api/annotation/Extensible
instanceKlass org/mule/runtime/extension/api/annotation/Extensible
instanceKlass org/mule/metadata/java/api/handler/DefaultObjectFieldHandler
instanceKlass org/mule/runtime/extension/api/annotation/param/Parameter
instanceKlass org/mule/runtime/extension/api/declaration/type/TypeUtils
instanceKlass org/mule/runtime/extension/api/runtime/route/Chain
instanceKlass org/mule/sdk/api/runtime/parameter/Literal
instanceKlass org/mule/sdk/api/runtime/parameter/ParameterResolver
instanceKlass org/mule/runtime/api/scheduler/SchedulingStrategy
instanceKlass org/mule/sdk/api/store/ObjectStore
instanceKlass org/mule/metadata/java/api/utils/TypeResolver
instanceKlass com/mulesoft/mule/runtime/core/api/extension/provider/MuleEeExtensionModelDeclarer$1
instanceKlass org/mule/runtime/api/metadata/TypedValue
instanceKlass org/mule/metadata/api/model/ArrayType
instanceKlass org/mule/runtime/api/meta/model/ParameterDslConfiguration$Builder
instanceKlass org/mule/runtime/api/meta/model/ParameterDslConfiguration
instanceKlass org/mule/runtime/api/meta/model/declaration/fluent/ParameterDeclarer
instanceKlass org/mule/runtime/internal/meta/model/DefaultTypeAnnotationModelPropertyWrapper
instanceKlass org/mule/runtime/api/meta/model/TypeAnnotationModelPropertyWrapper
instanceKlass org/mule/runtime/core/internal/extension/AllowsExpressionWithoutMarkersModelProperty
instanceKlass org/mule/runtime/api/meta/model/declaration/fluent/HasDisplayModelDeclarer
instanceKlass org/mule/runtime/api/meta/model/declaration/fluent/OutputDeclarer
instanceKlass org/mule/runtime/api/meta/model/declaration/fluent/HasDynamicType
instanceKlass org/mule/runtime/api/meta/model/declaration/fluent/HasType
instanceKlass org/mule/runtime/api/meta/model/declaration/fluent/TypedDeclaration
instanceKlass org/mule/runtime/extension/internal/property/NoErrorMappingModelProperty
instanceKlass org/mule/runtime/extension/privileged/util/ComponentDeclarationUtils
instanceKlass org/mule/runtime/api/meta/model/declaration/fluent/WithAllowedStereotypesDeclaration
instanceKlass org/mule/runtime/api/meta/model/error/ImmutableErrorModel
instanceKlass org/mule/runtime/api/meta/model/error/ErrorModel
instanceKlass org/mule/runtime/api/meta/model/error/ErrorModelBuilder
instanceKlass org/mule/runtime/ast/privileged/error/DefaultErrorType
instanceKlass org/mule/sdk/api/error/ErrorTypeDefinition
instanceKlass org/mule/runtime/api/message/ErrorType
instanceKlass org/mule/runtime/ast/internal/error/DefaultErrorTypeBuilder
instanceKlass org/mule/runtime/ast/api/error/ErrorTypeBuilder
instanceKlass org/mule/runtime/core/api/error/Errors
instanceKlass org/mule/runtime/core/api/error/Errors$ComponentIdentifiers$Handleable
instanceKlass org/mule/runtime/extension/internal/dsl/DslConstants
instanceKlass org/mule/runtime/extension/api/util/XmlModelUtils
instanceKlass org/mule/runtime/config/internal/dsl/utils/DslConstants
instanceKlass org/mule/runtime/api/meta/model/XmlDslModel$XmlDslModelBuilder
instanceKlass org/mule/runtime/api/meta/model/XmlDslModel
instanceKlass org/mule/runtime/core/internal/extension/CustomBuildingDefinitionProviderModelProperty
instanceKlass org/mule/runtime/api/time/Time
instanceKlass org/mule/runtime/extension/api/ExtensionConstants
instanceKlass org/mule/runtime/core/api/extension/provider/MuleExtensionModelDeclarer
instanceKlass org/mule/metadata/api/model/AttributeFieldType
instanceKlass org/mule/metadata/api/model/UnionType
instanceKlass org/mule/runtime/extension/api/declaration/type/annotation/ExpressionSupportAnnotation
instanceKlass org/mule/runtime/extension/api/declaration/type/annotation/ParameterDslAnnotation
instanceKlass org/mule/metadata/api/annotation/DefaultValueAnnotation
instanceKlass org/mule/runtime/api/meta/model/display/LayoutModel$LayoutModelBuilder
instanceKlass org/mule/runtime/api/meta/model/display/LayoutModel
instanceKlass org/mule/runtime/extension/api/declaration/type/annotation/LayoutTypeAnnotation
instanceKlass org/mule/runtime/api/meta/model/display/PathModel
instanceKlass org/mule/runtime/api/meta/model/display/DisplayModel$DisplayModelBuilder
instanceKlass org/mule/runtime/api/meta/model/display/DisplayModel
instanceKlass org/mule/runtime/extension/api/declaration/type/annotation/DisplayTypeAnnotation
instanceKlass org/mule/metadata/api/annotation/DescriptionAnnotation
instanceKlass org/mule/metadata/api/model/ObjectKeyType
instanceKlass org/mule/runtime/api/util/NameUtils
instanceKlass org/mule/runtime/api/meta/model/stereotype/ImmutableStereotypeModel
instanceKlass org/mule/runtime/api/meta/model/stereotype/StereotypeModelBuilder
instanceKlass org/mule/runtime/api/meta/model/stereotype/StereotypeModel
instanceKlass org/mule/runtime/extension/api/declaration/type/annotation/StereotypeTypeAnnotation
instanceKlass org/mule/runtime/extension/internal/util/QNameDTO
instanceKlass org/mule/runtime/extension/api/declaration/type/annotation/QNameTypeAnnotation
instanceKlass org/mule/runtime/extension/api/declaration/type/annotation/PrefixDefinedAnnotation
instanceKlass org/mule/runtime/extension/api/declaration/type/annotation/TypeDslAnnotation
instanceKlass org/mule/metadata/api/model/ObjectFieldType
instanceKlass org/mule/metadata/api/annotation/TypeAliasAnnotation
instanceKlass org/mule/runtime/extension/api/declaration/type/annotation/ExtensibleTypeAnnotation
instanceKlass org/mule/metadata/internal/utils/LazyValue
instanceKlass org/mule/metadata/api/model/ObjectType
instanceKlass org/mule/runtime/api/tls/TlsContextFactory
instanceKlass org/mule/runtime/api/streaming/CursorProvider
instanceKlass org/mule/runtime/api/store/ObjectStore
instanceKlass org/mule/metadata/api/model/NullType
instanceKlass org/mule/metadata/api/annotation/MarkerAnnotation
instanceKlass org/mule/metadata/api/model/RegexType
instanceKlass org/mule/metadata/api/model/AnyType
instanceKlass org/mule/metadata/api/model/BinaryType
instanceKlass org/mule/metadata/api/model/TimeZoneType
instanceKlass org/mule/metadata/api/model/LocalTimeType
instanceKlass org/mule/metadata/api/model/TimeType
instanceKlass org/mule/metadata/api/model/LocalDateTimeType
instanceKlass org/mule/metadata/api/model/DateTimeType
instanceKlass org/mule/metadata/api/model/DateType
instanceKlass org/mule/metadata/api/model/NumberType
instanceKlass org/mule/metadata/api/model/BooleanType
instanceKlass org/mule/metadata/catalog/api/PrimitiveTypesTypeLoader
instanceKlass org/mule/runtime/core/api/extension/provider/MuleExtensionModelProvider
instanceKlass org/mule/runtime/api/meta/model/ExternalLibraryModel
instanceKlass org/mule/runtime/api/meta/model/ImportedTypeModel
instanceKlass org/mule/runtime/api/meta/model/declaration/fluent/SubDeclarationsContainer
instanceKlass org/mule/runtime/api/meta/model/declaration/fluent/WithArtifactCoordinatesDeclaration
instanceKlass org/mule/runtime/api/meta/model/declaration/fluent/HasArtifactCoordinatesDeclarer
instanceKlass org/mule/runtime/api/meta/model/declaration/fluent/HasConstructDeclarer
instanceKlass org/mule/runtime/api/meta/model/declaration/fluent/DeclaresExternalLibraries
instanceKlass org/mule/runtime/api/meta/model/declaration/fluent/HasSourceDeclarer
instanceKlass org/mule/runtime/api/meta/model/declaration/fluent/HasConnectionProviderDeclarer
instanceKlass org/mule/runtime/api/meta/model/declaration/fluent/HasFunctionDeclarer
instanceKlass org/mule/runtime/api/meta/model/declaration/fluent/HasOperationDeclarer
instanceKlass org/mule/runtime/extension/api/declaration/type/annotation/ExclusiveOptionalsTypeAnnotation
instanceKlass org/mule/runtime/api/meta/model/declaration/fluent/HasMinMuleVersionDeclarer
instanceKlass org/mule/runtime/api/meta/model/declaration/fluent/HasVisibility
instanceKlass org/mule/runtime/api/meta/model/declaration/fluent/HasSemanticTermsDeclarer
instanceKlass org/mule/runtime/api/meta/model/declaration/fluent/HasDeprecatedDeclarer
instanceKlass org/mule/runtime/api/meta/model/declaration/fluent/HasStereotypeDeclarer
instanceKlass org/mule/runtime/api/meta/model/declaration/fluent/HasNestedRoutesDeclarer
instanceKlass org/mule/runtime/api/meta/model/declaration/fluent/HasNestedComponentsDeclarer
instanceKlass org/mule/runtime/api/meta/model/declaration/fluent/HasModelProperties
instanceKlass org/mule/runtime/api/meta/model/declaration/fluent/Declarer
instanceKlass org/mule/runtime/api/meta/model/declaration/fluent/HasParametersDeclarer
instanceKlass org/mule/runtime/api/meta/model/deprecated/DeprecationModel
instanceKlass com/mulesoft/mule/runtime/core/api/extension/provider/MuleEeExtensionModelDeclarer
instanceKlass org/mule/runtime/extension/api/metadata/ComponentMetadataConfigurerFactoryDelegate
instanceKlass org/mule/runtime/extension/api/metadata/ComponentMetadataConfigurerFactory
instanceKlass com/mulesoft/mule/runtime/core/api/extension/CoreEeRuntimeExtensionModelProvider
instanceKlass org/mule/runtime/api/meta/model/ExtensionModel
instanceKlass org/mule/runtime/api/meta/model/construct/HasConstructModels
instanceKlass org/mule/runtime/api/meta/model/HasExternalLibraries
instanceKlass org/mule/runtime/api/meta/model/connection/HasConnectionProviderModels
instanceKlass org/mule/runtime/api/meta/model/function/HasFunctionModels
instanceKlass org/mule/runtime/api/meta/model/source/HasSourceModels
instanceKlass org/mule/runtime/api/meta/model/operation/HasOperationModels
instanceKlass org/mule/runtime/extension/api/provider/RuntimeExtensionModelProvider
instanceKlass org/mule/runtime/extension/api/provider/RuntimeExtensionModelProviderLoaderUtils
instanceKlass org/mule/runtime/module/artifact/activation/internal/extension/discovery/DefaultExtensionDiscoveryRequest
instanceKlass org/mule/runtime/module/artifact/activation/api/extension/discovery/ExtensionDiscoveryRequest$ExtensionDiscoveryRequestBuilder
instanceKlass org/mule/runtime/module/artifact/activation/api/extension/discovery/ExtensionDiscoveryRequest
instanceKlass org/mule/runtime/module/artifact/activation/api/plugin/PluginClassLoaderSupplier
instanceKlass org/mule/runtime/module/artifact/activation/internal/extension/discovery/RepositoryLookupExtensionModelGenerator
instanceKlass org/mule/runtime/module/artifact/activation/internal/extension/discovery/DefaultExtensionModelDiscoverer
instanceKlass org/mule/runtime/module/artifact/activation/internal/extension/discovery/ExtensionModelGenerator
instanceKlass org/mule/runtime/module/artifact/activation/api/extension/discovery/ExtensionModelDiscoverer
instanceKlass org/mule/runtime/extension/internal/loader/xml/validator/InnerConnectionParametersAsConnectionParameters
instanceKlass org/mule/runtime/extension/internal/loader/xml/validator/TestConnectionValidator
instanceKlass org/mule/runtime/extension/internal/loader/xml/validator/ForbiddenConfigurationPropertiesValidator
instanceKlass org/mule/runtime/extension/internal/loader/xml/validator/GlobalElementNamesValidator
instanceKlass org/mule/runtime/api/component/DefaultComponentIdentifier
instanceKlass org/mule/runtime/api/component/DefaultComponentIdentifier$Builder
instanceKlass org/mule/runtime/api/component/ComponentIdentifier$Builder
instanceKlass org/mule/runtime/api/component/ComponentIdentifier
instanceKlass org/mule/runtime/extension/internal/loader/xml/validator/CorrectPrefixesValidator
instanceKlass org/mule/runtime/extension/internal/loader/xml/enricher/StereotypesDiscoveryDeclarationEnricher
instanceKlass org/mule/runtime/extension/api/loader/xml/XmlExtensionModelLoaderProvider
instanceKlass org/mule/runtime/module/extension/internal/loader/java/enricher/JavaObjectStoreParameterDeclarationEnricher
instanceKlass org/mule/runtime/module/extension/internal/loader/java/enricher/ParameterAllowedStereotypesDeclarationEnricher
instanceKlass org/mule/runtime/module/extension/internal/loader/java/enricher/SampleDataDeclarationEnricher
instanceKlass org/mule/runtime/module/extension/internal/loader/java/enricher/ExtensionDescriptionsEnricher
instanceKlass org/mule/metadata/api/model/VoidType
instanceKlass org/mule/runtime/module/extension/internal/loader/java/enricher/JavaOAuthDeclarationEnricher
instanceKlass org/mule/runtime/module/extension/internal/loader/java/enricher/JavaConfigurationDeclarationEnricher
instanceKlass org/mule/runtime/module/extension/internal/loader/java/enricher/RequiredForMetadataDeclarationEnricher
instanceKlass org/mule/runtime/extension/api/metadata/NullMetadataResolver
instanceKlass org/mule/runtime/api/metadata/resolving/AttributesTypeResolver
instanceKlass org/mule/runtime/api/metadata/resolving/OutputTypeResolver
instanceKlass org/mule/runtime/api/metadata/resolving/TypeKeysResolver
instanceKlass org/mule/runtime/api/metadata/resolving/InputTypeResolver
instanceKlass org/mule/runtime/api/metadata/resolving/NamedTypeResolver
instanceKlass org/mule/runtime/module/extension/internal/loader/java/enricher/DsqlDynamicMetadataDeclarationEnricher
instanceKlass org/mule/runtime/extension/api/property/SinceMuleVersionModelProperty
instanceKlass org/mule/runtime/module/extension/internal/loader/java/enricher/JavaMimeTypeParametersDeclarationEnricher
instanceKlass org/mule/runtime/extension/api/loader/WalkingDeclarationEnricher$DeclarationEnricherWalkDelegate
instanceKlass org/mule/runtime/module/extension/internal/loader/java/enricher/AbstractAnnotatedFieldDeclarationEnricher
instanceKlass org/mule/runtime/module/extension/internal/loader/java/validation/JavaScopeModelValidator
instanceKlass org/mule/runtime/module/extension/internal/loader/java/validation/IgnoredExtensionParameterModelValidator
instanceKlass org/mule/runtime/module/extension/internal/loader/java/validation/InjectedFieldsModelValidator
instanceKlass org/mule/runtime/module/extension/internal/loader/java/validation/ComponentLocationModelValidator
instanceKlass org/mule/runtime/module/extension/internal/loader/java/validation/PrivilegedApiValidator
instanceKlass org/mule/runtime/module/extension/internal/loader/java/validation/JavaSampleDataModelValidator
instanceKlass org/mule/runtime/module/extension/internal/loader/validator/AbstractValueProviderModelValidator$ValidationContext
instanceKlass org/mule/runtime/module/extension/internal/loader/validator/AbstractValueProviderModelValidator
instanceKlass org/mule/runtime/module/extension/internal/loader/java/validation/JavaOAuthConnectionProviderModelValidator
instanceKlass org/mule/runtime/module/extension/internal/loader/java/validation/JavaParameterTypeModelValidator
instanceKlass org/mule/runtime/module/extension/internal/loader/java/validation/ParameterGroupModelValidator
instanceKlass org/mule/runtime/module/extension/internal/loader/java/validation/PagedOperationModelValidator
instanceKlass org/mule/runtime/extension/api/annotation/execution/OnTerminate
instanceKlass org/mule/runtime/extension/api/runtime/source/SourceCallbackContext
instanceKlass org/mule/runtime/extension/api/runtime/source/SourceResult
instanceKlass org/mule/runtime/module/extension/internal/loader/java/validation/SourceCallbacksModelValidator
instanceKlass org/mule/runtime/module/extension/internal/loader/java/validation/OperationParametersTypeModelValidator
instanceKlass org/mule/runtime/api/message/Message
instanceKlass org/mule/runtime/core/api/event/CoreEvent
instanceKlass org/mule/runtime/api/event/Event
instanceKlass org/mule/runtime/module/extension/internal/loader/java/validation/OperationReturnTypeModelValidator
instanceKlass org/mule/runtime/module/extension/internal/loader/java/validation/NullSafeModelValidator
instanceKlass org/mule/runtime/module/extension/api/loader/java/type/MethodElement
instanceKlass org/mule/runtime/module/extension/api/loader/java/type/WithElement
instanceKlass org/mule/runtime/module/extension/api/loader/java/type/WithDeclaringClass
instanceKlass org/mule/runtime/module/extension/api/loader/java/type/WithAlias
instanceKlass org/mule/runtime/module/extension/api/loader/java/type/WithName
instanceKlass org/mule/runtime/module/extension/api/loader/java/type/WithAnnotations
instanceKlass org/mule/runtime/module/extension/api/loader/java/type/WithReturnType
instanceKlass org/mule/runtime/module/extension/api/loader/java/type/WithParameters
instanceKlass org/mule/runtime/module/extension/internal/loader/java/validation/MetadataComponentModelValidator
instanceKlass org/mule/runtime/module/extension/internal/loader/java/validation/MediaTypeModelValidator
instanceKlass org/mule/runtime/module/extension/internal/loader/java/validation/JavaSubtypesModelValidator
instanceKlass org/mule/runtime/module/extension/internal/loader/java/validation/JavaInputParametersTypeModelValidator
instanceKlass org/mule/runtime/module/extension/internal/loader/validator/DeprecationModelValidator
instanceKlass org/mule/runtime/module/extension/internal/loader/java/validation/PojosModelValidator
instanceKlass org/mule/runtime/api/meta/model/ComponentModel
instanceKlass org/mule/runtime/api/meta/model/version/HasMinMuleVersion
instanceKlass org/mule/runtime/api/meta/model/declaration/fluent/HasSemanticTerms
instanceKlass org/mule/runtime/api/meta/model/deprecated/DeprecableModel
instanceKlass org/mule/runtime/api/meta/model/error/ThrowsErrors
instanceKlass org/mule/runtime/api/meta/model/display/HasDisplayModel
instanceKlass org/mule/runtime/api/meta/model/stereotype/HasStereotypeModel
instanceKlass org/mule/runtime/api/meta/model/ComposableModel
instanceKlass org/mule/runtime/api/meta/model/EnrichableModel
instanceKlass org/mule/runtime/module/extension/internal/loader/validator/JavaConnectionProviderModelValidator
instanceKlass org/mule/runtime/module/extension/internal/loader/validator/JavaConfigurationModelValidator
instanceKlass org/mule/runtime/extension/api/loader/delegate/ModelLoaderDelegate
instanceKlass org/mule/runtime/module/extension/api/loader/DefaultExtensionModelLoaderProvider
instanceKlass org/mule/runtime/module/extension/mule/api/loader/MuleSdkExtensionModelLoaderProvider
instanceKlass org/mule/runtime/extension/internal/loader/validator/ConfigurationModelValidator
instanceKlass org/mule/runtime/extension/internal/loader/validator/NoWrapperModelValidator
instanceKlass org/mule/runtime/extension/internal/loader/validator/BackPressureModelValidator
instanceKlass org/mule/runtime/extension/internal/loader/validator/NameModelValidator
instanceKlass org/mule/runtime/extension/internal/loader/validator/ValidatorModelValidator
instanceKlass org/mule/runtime/api/meta/model/parameter/ParameterizedModel
instanceKlass org/mule/runtime/extension/internal/loader/validator/TransactionalParametersValidator
instanceKlass org/mule/runtime/extension/internal/loader/validator/SubtypesModelValidator
instanceKlass org/mule/runtime/extension/internal/loader/validator/ParameterModelValidator
instanceKlass org/mule/runtime/extension/internal/loader/validator/FunctionModelValidator
instanceKlass org/mule/runtime/extension/internal/loader/validator/OperationModelValidator
instanceKlass org/mule/runtime/extension/internal/loader/validator/NameClashModelValidator
instanceKlass org/mule/runtime/extension/internal/loader/validator/ExclusiveParameterModelValidator
instanceKlass org/mule/runtime/extension/internal/loader/validator/ContentParameterModelValidator
instanceKlass org/mule/runtime/extension/internal/loader/validator/ConnectionProviderNameModelValidator
instanceKlass org/mule/runtime/extension/api/loader/ExtensionModelValidator
instanceKlass org/mule/runtime/extension/internal/loader/enricher/ParameterLayoutOrderDeclarationEnricher
instanceKlass org/mule/runtime/extension/internal/loader/enricher/RedeliveryPolicyDeclarationEnricher
instanceKlass org/mule/runtime/extension/internal/loader/enricher/ClusterSupportEnricher
instanceKlass org/mule/runtime/extension/internal/loader/enricher/BackPressureDeclarationEnricher
instanceKlass org/mule/metadata/java/api/annotation/ClassInformationAnnotation
instanceKlass org/mule/metadata/api/serialization/CustomCopySerialization
instanceKlass org/mule/metadata/api/annotation/EnumAnnotation
instanceKlass org/mule/metadata/api/annotation/TypeIdAnnotation
instanceKlass org/mule/metadata/java/api/utils/ParsingContext
instanceKlass org/mule/runtime/extension/internal/loader/enricher/TransactionalDeclarationEnricher
instanceKlass org/mule/runtime/extension/internal/loader/enricher/NamedObjectDeclarationEnricher
instanceKlass org/mule/runtime/extension/internal/loader/enricher/DefaultStereotypeEnricher
instanceKlass org/mule/runtime/extension/internal/loader/enricher/ImplicitConfigEnricher
instanceKlass org/mule/runtime/extension/internal/loader/enricher/ConfigRefDeclarationEnricher
instanceKlass org/mule/metadata/java/internal/handler/ArrayClassHandler
instanceKlass org/mule/metadata/java/internal/handler/MapClassHandler
instanceKlass org/mule/metadata/java/internal/handler/EnumHandler
instanceKlass javax/xml/datatype/XMLGregorianCalendar
instanceKlass org/mule/metadata/java/internal/handler/BaseClassHandler
instanceKlass org/mule/metadata/java/api/handler/TypeHandlerManager
instanceKlass org/mule/runtime/extension/api/declaration/type/annotation/TypedValueTypeAnnotation
instanceKlass org/mule/runtime/extension/api/declaration/type/annotation/LiteralTypeAnnotation
instanceKlass org/mule/runtime/extension/api/declaration/type/annotation/ParameterResolverTypeAnnotation
instanceKlass org/mule/runtime/extension/api/declaration/type/ExtensionsObjectFieldHandler
instanceKlass org/mule/metadata/java/api/handler/ObjectHandler
instanceKlass org/mule/runtime/extension/api/declaration/type/SchedulingStrategyClassHandler
instanceKlass org/mule/runtime/extension/api/declaration/type/ObjectStoreClassHandler
instanceKlass org/mule/runtime/extension/api/declaration/type/InfrastructureTypeBuilder
instanceKlass org/mule/runtime/extension/api/declaration/type/CursorProviderTypeHandler
instanceKlass org/mule/metadata/java/api/handler/ClassHandler
instanceKlass org/mule/metadata/java/api/utils/ExtensionParsingContext
instanceKlass org/mule/metadata/java/api/handler/ObjectFieldHandler
instanceKlass org/mule/runtime/extension/api/declaration/type/ExtensionsTypeHandlerManagerFactory
instanceKlass org/mule/metadata/java/api/JavaTypeLoader
instanceKlass org/mule/metadata/api/ClassTypeLoader
instanceKlass org/mule/metadata/api/TypeLoader
instanceKlass org/mule/metadata/java/api/handler/TypeHandlerManagerFactory
instanceKlass org/mule/runtime/extension/api/declaration/type/DefaultExtensionsTypeLoaderFactory
instanceKlass org/mule/runtime/extension/api/declaration/type/ExtensionsTypeLoaderFactory
instanceKlass org/mule/runtime/extension/internal/loader/enricher/OAuthDeclarationEnricher
instanceKlass org/mule/runtime/extension/internal/loader/enricher/StreamingDeclarationEnricher
instanceKlass org/mule/runtime/extension/internal/loader/enricher/ReconnectionStrategyDeclarationEnricher
instanceKlass org/mule/runtime/api/meta/model/declaration/fluent/WithConstructsDeclaration
instanceKlass org/mule/runtime/api/meta/model/declaration/fluent/WithFunctionsDeclaration
instanceKlass org/mule/runtime/api/meta/model/declaration/fluent/WithOperationsDeclaration
instanceKlass org/mule/runtime/api/meta/model/declaration/fluent/WithSourcesDeclaration
instanceKlass org/mule/runtime/api/meta/model/declaration/fluent/ConnectedDeclaration
instanceKlass org/mule/runtime/extension/internal/loader/enricher/DynamicConfigDeclarationEnricher
instanceKlass org/mule/runtime/extension/internal/loader/enricher/ConnectionProviderDeclarationEnricher
instanceKlass org/mule/runtime/extension/internal/loader/enricher/ErrorMappingsParameterDeclarationEnricher
instanceKlass org/mule/runtime/extension/internal/loader/enricher/ExtensionsErrorsDeclarationEnricher
instanceKlass org/mule/runtime/api/util/collection/SmallMapEntry
instanceKlass org/mule/metadata/api/model/impl/BaseMetadataType
instanceKlass org/mule/metadata/api/model/FieldsComparable
instanceKlass org/mule/metadata/api/model/StringType
instanceKlass org/mule/metadata/api/model/SimpleType
instanceKlass org/mule/metadata/api/builder/AbstractBuilder
instanceKlass org/mule/metadata/api/builder/WithAnnotation
instanceKlass org/mule/metadata/api/builder/BaseTypeBuilder
instanceKlass org/mule/metadata/api/builder/SimpleTypeBuilder
instanceKlass org/mule/metadata/api/builder/TypeBuilder
instanceKlass org/mule/metadata/api/model/MetadataFormat
instanceKlass org/mule/runtime/extension/internal/loader/enricher/TargetParameterDeclarationEnricher
instanceKlass org/mule/runtime/extension/internal/loader/enricher/XmlDeclarationEnricher
instanceKlass org/mule/runtime/api/meta/model/declaration/fluent/WithSemanticTermsDeclaration
instanceKlass org/mule/runtime/api/meta/model/declaration/fluent/WithParametersDeclaration
instanceKlass org/mule/runtime/api/meta/model/declaration/fluent/WithMinMuleVersionDeclaration
instanceKlass org/mule/runtime/api/meta/model/declaration/fluent/WithDeprecatedDeclaration
instanceKlass org/mule/runtime/api/meta/model/declaration/fluent/WithStereotypesDeclaration
instanceKlass org/mule/runtime/api/meta/model/declaration/fluent/WithNestedComponentsDeclaration
instanceKlass org/mule/runtime/api/meta/model/declaration/fluent/WithOutputDeclaration
instanceKlass org/mule/runtime/api/meta/model/declaration/fluent/BaseDeclaration
instanceKlass org/mule/runtime/api/meta/DescribedObject
instanceKlass org/mule/runtime/extension/internal/loader/enricher/ExtensionTypesDeclarationEnricher
instanceKlass org/mule/runtime/extension/internal/loader/enricher/ExecutionTypeDeclarationEnricher
instanceKlass org/mule/runtime/extension/internal/loader/enricher/ContentParameterDeclarationEnricher
instanceKlass org/mule/runtime/api/meta/model/ModelProperty
instanceKlass org/mule/runtime/api/meta/NamedObject
instanceKlass org/mule/runtime/extension/internal/loader/enricher/ClassLoaderDeclarationEnricher
instanceKlass org/mule/runtime/extension/internal/loader/enricher/BooleanParameterDeclarationEnricher
instanceKlass org/mule/runtime/extension/internal/loader/enricher/ParameterDslDeclarationEnricher
instanceKlass org/mule/runtime/extension/api/loader/WalkingDeclarationEnricher
instanceKlass org/mule/runtime/extension/api/loader/DeclarationEnricher
instanceKlass org/mule/metadata/api/model/MetadataType
instanceKlass org/mule/runtime/extension/api/dsl/syntax/resolver/ImportTypesStrategy
instanceKlass org/mule/runtime/extension/internal/loader/ExtensionModelFactory
instanceKlass org/mule/runtime/extension/api/loader/parser/ExtensionModelParserFactory
instanceKlass org/mule/runtime/extension/api/loader/ExtensionLoadingContext
instanceKlass org/mule/runtime/extension/api/loader/ExtensionModelLoader
instanceKlass org/mule/runtime/extension/ic/api/loader/ConnectivityExtensionModelLoaderProvider
instanceKlass org/mule/runtime/extension/api/loader/ExtensionModelLoaderProvider
instanceKlass org/mule/runtime/extension/privileged/spi/ExtensionsApiSpiUtils
instanceKlass org/mule/runtime/module/artifact/activation/api/extension/discovery/boot/ExtensionLoaderUtils
instanceKlass org/mule/runtime/core/api/lifecycle/LifecycleUtils
instanceKlass org/mule/runtime/module/artifact/activation/internal/extension/discovery/DefaultExtensionModelLoaderRepository
instanceKlass org/mule/runtime/module/artifact/activation/api/extension/discovery/ExtensionModelLoaderRepository
instanceKlass java/util/Collections$UnmodifiableMap$UnmodifiableEntrySet$UnmodifiableEntrySetSpliterator
instanceKlass org/mule/framework/internal/util/DependenciesUtils
instanceKlass org/mule/framework/internal/DefaultDeployableProjectModel
instanceKlass org/mule/framework/internal/builder/domain/FrameworkDomain
instanceKlass org/mule/runtime/api/el/ExpressionLanguage
instanceKlass org/mule/framework/internal/builder/application/AbstractFrameworkApplicationConfigurer$MuleFrameworkDomainDescriptorResolver
instanceKlass org/mule/runtime/dsl/api/xml/parser/ParsingPropertyResolver
instanceKlass com/mulesoft/mule/framework/api/DeployableProjectModel
instanceKlass org/mule/framework/internal/builder/artifact/DefaultFrameworkDeployableArtifact
instanceKlass org/mule/runtime/module/artifact/api/classloader/ChildOnlyLookupStrategy
instanceKlass org/apache/commons/lang3/ClassUtils
instanceKlass org/mule/runtime/module/artifact/api/classloader/RegionClassLoader$RegionMemberClassLoader
instanceKlass org/jgrapht/util/TypeUtil
instanceKlass org/jgrapht/alg/interfaces/PartitioningAlgorithm$Partitioning
instanceKlass org/jgrapht/GraphTests
instanceKlass org/jgrapht/alg/TransitiveReduction
instanceKlass org/jgrapht/alg/util/Pair
instanceKlass org/jgrapht/graph/specifics/DirectedEdgeContainer
instanceKlass org/jgrapht/graph/BaseIntrusiveEdgesSpecifics
instanceKlass org/jgrapht/graph/specifics/ArrayUnenforcedSetEdgeSetFactory
instanceKlass org/jgrapht/graph/specifics/DirectedSpecifics
instanceKlass org/jgrapht/graph/IntrusiveEdgesSpecifics
instanceKlass org/jgrapht/graph/specifics/Specifics
instanceKlass org/jgrapht/graph/EdgeSetFactory
instanceKlass org/jgrapht/graph/FastLookupGraphSpecificsStrategy
instanceKlass org/jgrapht/graph/DefaultGraphType
instanceKlass org/jgrapht/graph/DefaultGraphType$Builder
instanceKlass org/jgrapht/util/SupplierUtil
instanceKlass org/jgrapht/graph/IntrusiveEdge
instanceKlass org/jgrapht/GraphType
instanceKlass org/jgrapht/graph/GraphSpecificsStrategy
instanceKlass org/jgrapht/graph/AbstractGraph
instanceKlass org/jgrapht/Graph
instanceKlass org/mule/runtime/module/artifact/activation/internal/PluginsDependenciesProcessor
instanceKlass com/github/benmanes/caffeine/cache/UnsafeRefArrayAccess
instanceKlass com/github/benmanes/caffeine/cache/BoundedLocalCache$AddTask
instanceKlass org/mule/runtime/module/artifact/internal/util/FeatureFlaggingUtils$DeploymentFeatureFlaggingService
instanceKlass com/github/benmanes/caffeine/cache/References$LookupKeyReference
instanceKlass java/util/concurrent/CompletableFuture
instanceKlass com/github/benmanes/caffeine/cache/StripedBuffer
instanceKlass com/github/benmanes/caffeine/cache/Node
instanceKlass com/github/benmanes/caffeine/cache/References$InternalReference
instanceKlass com/github/benmanes/caffeine/cache/NodeFactory
instanceKlass com/github/benmanes/caffeine/cache/UnsafeAccess
instanceKlass java/util/concurrent/CompletionStage
instanceKlass com/github/benmanes/caffeine/cache/LinkedDeque
instanceKlass com/github/benmanes/caffeine/cache/WriteOrderDeque$WriteOrder
instanceKlass com/github/benmanes/caffeine/cache/AccessOrderDeque$AccessOrder
instanceKlass com/github/benmanes/caffeine/cache/Buffer
instanceKlass com/github/benmanes/caffeine/cache/LocalCacheFactory
instanceKlass com/github/benmanes/caffeine/cache/BoundedLocalCache$BoundedLocalManualCache
instanceKlass com/github/benmanes/caffeine/cache/LocalLoadingCache
instanceKlass com/github/benmanes/caffeine/cache/CacheLoader
instanceKlass org/mule/runtime/api/config/FeatureFlaggingService
instanceKlass org/mule/runtime/module/artifact/internal/util/FeatureFlaggingUtils
instanceKlass org/mule/runtime/core/api/config/FeatureContext
instanceKlass org/mule/runtime/core/api/config/FeatureFlaggingRegistry
instanceKlass net/bytebuddy/dynamic/loading/ClassLoadingStrategy
instanceKlass net/bytebuddy/implementation/Implementation
instanceKlass net/bytebuddy/dynamic/scaffold/InstrumentedType$Prepareable
instanceKlass org/mule/runtime/api/config/Feature
instanceKlass org/mule/runtime/module/artifact/activation/internal/classloader/IsolatedNativeLibraryDependenciesLoader
instanceKlass org/mule/runtime/module/artifact/activation/internal/classloader/NativeLibraryDependenciesLoader
instanceKlass org/mule/runtime/module/artifact/activation/internal/classloader/NativeLibraryDependenciesLoader$Factory
instanceKlass org/mule/runtime/module/artifact/activation/internal/nativelib/ArtifactCopyNativeLibraryFinder
instanceKlass org/mule/metadata/api/visitor/MetadataTypeVisitor
instanceKlass org/mule/metadata/api/annotation/TypeAnnotation
instanceKlass org/mule/metadata/api/utils/MetadataTypeUtils
instanceKlass org/mule/runtime/api/util/collection/SmallMapDelegate
instanceKlass org/mule/runtime/api/util/collection/SmallMap
instanceKlass com/google/common/collect/ObjectArrays
instanceKlass com/google/common/collect/UnmodifiableIterator
instanceKlass org/mule/runtime/module/artifact/api/descriptor/BundleDescriptorUtils
instanceKlass org/mule/runtime/module/artifact/api/plugin/LoaderDescriber
instanceKlass org/mule/runtime/module/artifact/activation/internal/plugin/PluginLocalDependenciesDenylist
instanceKlass org/mule/runtime/container/api/MuleFoldersUtil
instanceKlass org/mule/runtime/module/deployment/impl/internal/plugin/DefaultPluginPatchesResolver
instanceKlass org/mule/runtime/module/artifact/activation/internal/plugin/PluginPatchesResolver
instanceKlass com/google/gson/internal/bind/ObjectTypeAdapter$2
instanceKlass org/mule/runtime/api/deployment/meta/MulePluginModel$1
instanceKlass org/mule/runtime/api/deployment/meta/LicenseModel
instanceKlass org/mule/runtime/core/internal/util/jar/JarLoadingUtils
instanceKlass org/mule/runtime/module/artifact/api/descriptor/ClassLoaderConfiguration$ClassLoaderConfigurationBuilder
instanceKlass org/mule/runtime/module/artifact/activation/internal/classloader/AbstractArtifactClassLoaderConfigurationAssembler
instanceKlass org/mule/runtime/api/deployment/meta/AbstractMuleArtifactModelBuilder
instanceKlass org/mule/runtime/module/artifact/activation/internal/deployable/JsonDeserializingArtifactModelResolver
instanceKlass org/mule/runtime/module/artifact/activation/api/deployable/ArtifactModelResolver
instanceKlass org/mule/runtime/module/artifact/activation/internal/plugin/BundlePluginDependenciesResolver
instanceKlass org/mule/runtime/module/artifact/internal/descriptor/CompositeArtifactDescriptorValidator
instanceKlass org/mule/runtime/module/artifact/internal/descriptor/SupportedJvmArtifactDescriptorValidator
instanceKlass org/mule/runtime/module/artifact/internal/descriptor/VersionFormatArtifactDescriptorValidator
instanceKlass org/mule/runtime/module/artifact/internal/descriptor/MuleProductArtifactDescriptorValidator
instanceKlass org/mule/runtime/module/artifact/internal/descriptor/MinMuleVersionArtifactDescriptorValidator
instanceKlass org/mule/runtime/module/artifact/api/descriptor/ArtifactDescriptorValidator
instanceKlass org/mule/runtime/module/artifact/api/descriptor/ArtifactDescriptorValidatorBuilder
instanceKlass org/mule/runtime/module/artifact/activation/internal/descriptor/AbstractArtifactDescriptorFactory
instanceKlass org/mule/runtime/module/artifact/activation/api/descriptor/DeployableArtifactDescriptorCreator$1
instanceKlass org/mule/runtime/module/artifact/activation/api/descriptor/DeployableArtifactDescriptorCreator
instanceKlass org/mule/runtime/module/artifact/activation/api/plugin/PluginDescriptorResolver
instanceKlass org/mule/runtime/module/artifact/activation/api/plugin/PluginModelResolver
instanceKlass org/mule/runtime/module/artifact/activation/internal/descriptor/DefaultDeployableArtifactDescriptorFactory
instanceKlass org/mule/runtime/module/artifact/activation/api/descriptor/DeployableArtifactDescriptorFactory
instanceKlass org/mule/runtime/module/artifact/activation/api/deployable/DeployableProjectModel
instanceKlass com/sun/org/apache/xerces/internal/util/NamespaceSupport$Prefixes
instanceKlass javax/xml/stream/events/Namespace
instanceKlass javax/xml/stream/events/Attribute
instanceKlass javax/xml/namespace/QName
instanceKlass javax/xml/stream/events/StartElement
instanceKlass com/sun/org/apache/xerces/internal/impl/XMLStreamReaderImpl$1
instanceKlass com/sun/xml/internal/stream/events/DummyEvent$DummyLocation
instanceKlass javax/xml/stream/Location
instanceKlass com/sun/xml/internal/stream/events/DummyEvent
instanceKlass javax/xml/stream/events/StartDocument
instanceKlass javax/xml/stream/events/XMLEvent
instanceKlass com/sun/xml/internal/stream/events/XMLEventAllocatorImpl
instanceKlass javax/xml/stream/util/XMLEventAllocator
instanceKlass com/sun/org/apache/xerces/internal/util/NamespaceContextWrapper
instanceKlass javax/xml/namespace/NamespaceContext
instanceKlass com/sun/org/apache/xerces/internal/impl/XMLStreamReaderImpl
instanceKlass javax/xml/stream/XMLStreamReader
instanceKlass javax/xml/stream/XMLStreamConstants
instanceKlass com/sun/xml/internal/stream/XMLEventReaderImpl
instanceKlass javax/xml/stream/XMLEventReader
instanceKlass java/util/stream/DistinctOps
instanceKlass org/mule/runtime/module/artifact/activation/internal/maven/DefaultMuleProjectStructure
instanceKlass org/mule/runtime/module/artifact/activation/internal/maven/AdditionalPluginDependenciesResolver
instanceKlass org/mule/runtime/module/artifact/activation/internal/classloader/model/utils/VersionUtils
instanceKlass org/mule/runtime/module/artifact/activation/internal/deployable/DeployablePluginsDependenciesResolver
instanceKlass org/mule/maven/pom/parser/api/model/SharedLibrary
instanceKlass java/util/stream/StreamSpliterators
instanceKlass java/util/stream/ReduceOps$2ReducingSink
instanceKlass java/util/stream/StreamSpliterators$AbstractWrappingSpliterator
instanceKlass org/mule/runtime/module/artifact/internal/util/JarInfo
instanceKlass org/mule/runtime/module/artifact/api/descriptor/ArtifactConstants
instanceKlass org/mule/runtime/module/artifact/api/descriptor/BundleDependency$Builder
instanceKlass org/mule/runtime/module/artifact/api/descriptor/BundleDependency
instanceKlass org/mule/runtime/module/artifact/activation/internal/maven/DeployableDependencyResolver
instanceKlass org/mule/runtime/globalconfig/api/maven/MavenClientFactory
instanceKlass org/mule/runtime/module/artifact/api/descriptor/BundleDescriptor$Builder
instanceKlass org/mule/runtime/module/artifact/activation/internal/classloader/model/utils/ArtifactUtils
instanceKlass org/mule/runtime/module/artifact/activation/internal/maven/MavenUtilsForArtifact
instanceKlass com/google/common/cache/LocalCache$StrongValueReference
instanceKlass com/google/common/util/concurrent/AbstractFuture$Failure
instanceKlass com/google/common/util/concurrent/AbstractFuture$Cancellation
instanceKlass com/google/common/util/concurrent/AbstractFuture$SetFuture
instanceKlass com/google/common/util/concurrent/Uninterruptibles
instanceKlass com/sun/org/apache/xerces/internal/impl/PropertyManager
instanceKlass javax/xml/stream/FactoryFinder
instanceKlass org/mule/runtime/core/api/MuleContext
instanceKlass org/mule/runtime/api/lifecycle/Lifecycle
instanceKlass org/mule/runtime/api/lifecycle/Stoppable
instanceKlass org/mule/runtime/api/lifecycle/Startable
instanceKlass java/lang/invoke/MethodHandleImpl$ArrayAccessor
instanceKlass java/lang/invoke/MethodHandleImpl$2
instanceKlass java/lang/invoke/MethodHandleImpl$LoopClauses
instanceKlass java/lang/invoke/MethodHandleImpl$CasesHolder
instanceKlass java/lang/invoke/MethodHandleImpl$BindCaller
instanceKlass java/lang/StackStreamFactory$FrameBuffer
instanceKlass java/lang/StackStreamFactory$1
instanceKlass java/lang/StackStreamFactory
instanceKlass org/mule/runtime/internal/util/classloader/CallerClassUtils
instanceKlass com/google/common/cache/LocalCache$AbstractReferenceEntry
instanceKlass com/google/common/base/Stopwatch
instanceKlass com/google/common/util/concurrent/AbstractFuture$Waiter
instanceKlass com/google/common/util/concurrent/AbstractFuture$Listener
instanceKlass com/google/common/util/concurrent/AbstractFuture$UnsafeAtomicHelper$1
instanceKlass com/google/common/util/concurrent/AbstractFuture$AtomicHelper
instanceKlass com/google/common/util/concurrent/internal/InternalFutureFailureAccess
instanceKlass com/google/common/util/concurrent/AbstractFuture$Trusted
instanceKlass com/google/common/util/concurrent/ListenableFuture
instanceKlass javax/xml/stream/XMLInputFactory
instanceKlass org/mule/runtime/internal/util/xmlsecurity/XMLFactoryConfig
instanceKlass com/google/common/cache/LocalCache$LoadingValueReference
instanceKlass com/google/common/cache/RemovalListener
instanceKlass com/google/common/cache/Weigher
instanceKlass com/google/common/base/Equivalence
instanceKlass com/google/common/base/MoreObjects
instanceKlass com/google/common/cache/LocalCache$1
instanceKlass com/google/common/cache/ReferenceEntry
instanceKlass com/google/common/cache/LocalCache$ValueReference
instanceKlass com/google/common/cache/LocalCache$LocalManualCache
instanceKlass com/google/common/cache/CacheStats
instanceKlass com/google/common/base/Suppliers$SupplierOfInstance
instanceKlass com/google/common/base/Supplier
instanceKlass com/google/common/base/Suppliers
instanceKlass com/google/common/cache/CacheBuilder$1
instanceKlass com/google/common/cache/AbstractCache$StatsCounter
instanceKlass com/google/common/cache/LoadingCache
instanceKlass com/google/common/cache/Cache
instanceKlass com/google/common/base/Ticker
instanceKlass com/google/common/cache/CacheBuilder
instanceKlass com/google/common/cache/CacheLoader
instanceKlass org/mule/runtime/internal/util/xmlsecurity/XMLSecureFactoriesCache
instanceKlass org/mule/runtime/internal/util/xmlsecurity/DefaultXMLSecureFactories
instanceKlass org/mule/runtime/api/util/xmlsecurity/XMLSecureFactories
instanceKlass org/mule/runtime/module/artifact/activation/internal/descriptor/XmlMuleConfigurationsFilter
instanceKlass org/mule/runtime/module/artifact/activation/api/descriptor/MuleConfigurationsFilter
instanceKlass org/mule/maven/pom/parser/internal/MuleMavenPomParserProvider
instanceKlass org/mule/maven/pom/parser/api/MavenPomParserProvider
instanceKlass org/mule/runtime/module/artifact/activation/api/deployable/MuleProjectStructure
instanceKlass org/mule/runtime/module/artifact/activation/internal/maven/AbstractMavenDeployableProjectModelBuilder
instanceKlass org/mule/runtime/module/artifact/activation/api/deployable/DeployableProjectModelBuilder
instanceKlass org/mule/runtime/config/internal/model/dsl/config/PropertiesResolverConfigurationProperties
instanceKlass org/mule/runtime/config/api/properties/ConfigurationPropertiesResolverProvider
instanceKlass org/mule/runtime/config/internal/model/dsl/config/CompositeConfigurationPropertiesProvider
instanceKlass com/github/benmanes/caffeine/cache/Ticker
instanceKlass com/github/benmanes/caffeine/cache/UnboundedLocalCache
instanceKlass com/github/benmanes/caffeine/cache/Policy
instanceKlass com/github/benmanes/caffeine/cache/LocalCache
instanceKlass com/github/benmanes/caffeine/cache/UnboundedLocalCache$UnboundedLocalManualCache
instanceKlass com/github/benmanes/caffeine/cache/LocalManualCache
instanceKlass com/github/benmanes/caffeine/cache/stats/ConcurrentStatsCounter
instanceKlass com/github/benmanes/caffeine/cache/stats/StatsCounter
instanceKlass com/github/benmanes/caffeine/cache/CacheWriter
instanceKlass com/github/benmanes/caffeine/cache/AsyncLoadingCache
instanceKlass com/github/benmanes/caffeine/cache/AsyncCache
instanceKlass com/github/benmanes/caffeine/cache/AsyncCacheLoader
instanceKlass com/github/benmanes/caffeine/cache/Expiry
instanceKlass com/github/benmanes/caffeine/cache/Weigher
instanceKlass com/github/benmanes/caffeine/cache/RemovalListener
instanceKlass com/github/benmanes/caffeine/cache/LoadingCache
instanceKlass com/github/benmanes/caffeine/cache/Cache
instanceKlass com/github/benmanes/caffeine/cache/Caffeine
instanceKlass org/mule/runtime/config/internal/model/dsl/config/DefaultConfigurationPropertiesResolver
instanceKlass org/mule/runtime/api/lifecycle/Initialisable
instanceKlass org/mule/runtime/config/internal/model/dsl/config/GlobalPropertyConfigurationPropertiesProvider
instanceKlass org/mule/runtime/config/internal/model/dsl/config/DefaultConfigurationProperty
instanceKlass org/mule/runtime/properties/api/ConfigurationProperty
instanceKlass org/mule/runtime/config/internal/model/dsl/config/EnvironmentPropertiesConfigurationProvider
instanceKlass org/mule/runtime/config/internal/model/dsl/config/SystemPropertiesConfigurationProvider
instanceKlass org/mule/runtime/config/internal/model/dsl/config/StaticConfigurationPropertiesProvider
instanceKlass org/mule/runtime/properties/api/ResourceProvider
instanceKlass org/mule/runtime/config/api/properties/ConfigurationPropertiesResolver
instanceKlass org/mule/runtime/properties/api/ConfigurationPropertiesProvider
instanceKlass org/mule/runtime/config/api/properties/ConfigurationPropertiesHierarchyBuilder
instanceKlass org/mule/framework/internal/builder/application/DefaultPropertiesResolverConfigurer
instanceKlass com/mulesoft/mule/framework/api/builder/PropertiesResolverConfigurer
instanceKlass org/mule/runtime/module/artifact/api/descriptor/BundleDescriptor
instanceKlass org/mule/runtime/api/artifact/ArtifactCoordinates
instanceKlass org/mule/runtime/module/artifact/activation/api/plugin/PluginClassLoaderResolver
instanceKlass org/mule/framework/internal/builder/configurations/InternalConfigurationsCreationConfigurer
instanceKlass com/mulesoft/mule/framework/api/builder/ConfigurationsCreationConfigurer
instanceKlass org/mule/runtime/module/artifact/activation/api/descriptor/DomainDescriptorResolver
instanceKlass org/mule/framework/internal/builder/application/FrameworkApplication
instanceKlass org/mule/framework/internal/tooling/type/resolution/NullMetadataStorage
instanceKlass org/mule/runtime/api/component/ConfigurationProperties
instanceKlass org/mule/framework/internal/InternalMuleFramework
instanceKlass org/mule/framework/internal/builder/artifact/FrameworkDeployableArtifact
instanceKlass org/mule/framework/internal/builder/domain/AbstractFrameworkDomainConfigurer
instanceKlass org/mule/framework/internal/builder/domain/InternalFrameworkDomainConfigurer
instanceKlass com/mulesoft/mule/framework/api/builder/FrameworkDomainConfigurer
instanceKlass org/mule/framework/internal/builder/application/AbstractFrameworkApplicationConfigurer
instanceKlass org/mule/framework/internal/builder/application/InternalFrameworkApplicationConfigurer
instanceKlass com/mulesoft/mule/framework/api/builder/FrameworkApplicationConfigurer
instanceKlass com/mulesoft/mule/framework/api/builder/FrameworkDeployableArtifactConfigurer
instanceKlass com/mulesoft/mule/framework/api/tooling/type/resolution/MetadataStorage
instanceKlass org/mule/runtime/api/util/classloader/MuleImplementationLoaderUtils
instanceKlass org/mule/runtime/module/artifact/activation/internal/nativelib/NativeLibraryFinder
instanceKlass org/mule/runtime/module/artifact/activation/internal/nativelib/DefaultNativeLibraryFinderFactory
instanceKlass org/mule/runtime/module/artifact/internal/classloader/WithAttachedClassLoaders
instanceKlass org/mule/runtime/module/artifact/activation/api/classloader/ApplicationClassLoader
instanceKlass org/mule/runtime/module/artifact/activation/api/classloader/DomainClassLoader
instanceKlass org/mule/runtime/module/artifact/activation/internal/classloader/DefaultArtifactClassLoaderResolver
instanceKlass org/mule/runtime/module/artifact/activation/internal/nativelib/NativeLibraryFinderFactory
instanceKlass org/mule/runtime/module/artifact/activation/api/classloader/ArtifactClassLoaderResolver
instanceKlass org/mule/runtime/container/internal/ContainerClassLoaderFilterFactory$ContainerClassLoaderFilter
instanceKlass org/mule/runtime/module/artifact/api/classloader/DefaultArtifactClassLoaderFilter
instanceKlass org/mule/runtime/module/artifact/api/classloader/ArtifactClassLoaderFilter
instanceKlass org/mule/runtime/module/artifact/api/classloader/ClassLoaderFilter
instanceKlass org/mule/runtime/container/internal/ContainerClassLoaderFilterFactory
instanceKlass org/mule/runtime/module/artifact/internal/classloader/ResourceReleaserExecutor
instanceKlass org/mule/runtime/container/internal/MuleClassLoaderLookupPolicy
instanceKlass org/mule/runtime/module/artifact/api/classloader/ChildFirstLookupStrategy
instanceKlass org/mule/runtime/module/artifact/api/classloader/ParentFirstLookupStrategy
instanceKlass org/mule/runtime/container/internal/ContainerOnlyLookupStrategy
instanceKlass org/mule/runtime/module/artifact/api/classloader/ClassLoaderLookupPolicy
instanceKlass org/mule/runtime/module/artifact/api/classloader/LookupStrategy
instanceKlass org/mule/runtime/container/internal/ContainerClassLoaderCreatorUtils
instanceKlass org/mule/runtime/module/artifact/internal/classloader/NoOpNonBlockingLoggerResolutionClassRegistry
instanceKlass org/mule/runtime/module/artifact/api/classloader/NonBlockingLoggerResolutionClassRegistry
instanceKlass org/mule/runtime/module/artifact/api/classloader/ResourceReleaser
instanceKlass org/mule/runtime/api/util/MuleSystemProperties
instanceKlass org/mule/runtime/module/artifact/api/descriptor/ClassLoaderConfiguration
instanceKlass java/util/UUID$Holder
instanceKlass org/mule/runtime/module/artifact/api/descriptor/ArtifactDescriptor
instanceKlass org/mule/runtime/container/internal/DefaultMuleContainerClassLoaderWrapper
instanceKlass org/mule/runtime/module/artifact/api/classloader/ExportedService
instanceKlass java/io/DeleteOnExitHook$1
instanceKlass java/io/DeleteOnExitHook
instanceKlass org/mule/runtime/core/internal/util/func/CheckedSupplier
instanceKlass org/mule/runtime/api/util/IOUtils
instanceKlass org/mule/runtime/core/internal/util/PropertiesUtils
instanceKlass org/mule/runtime/container/api/MuleModule
instanceKlass org/mule/runtime/jpms/api/MuleContainerModule
instanceKlass org/mule/runtime/jpms/api/JpmsUtils
instanceKlass org/mule/runtime/module/artifact/internal/util/FileJarExplorer
instanceKlass org/mule/runtime/module/artifact/internal/util/JarExplorer
instanceKlass org/mule/runtime/container/internal/JreExplorer
instanceKlass org/mule/runtime/container/internal/DefaultPreFilteredContainerClassLoaderCreator
instanceKlass org/mule/runtime/container/api/MuleContainerClassLoaderWrapper
instanceKlass org/mule/runtime/module/artifact/api/classloader/ArtifactClassLoader
instanceKlass org/mule/runtime/module/artifact/api/classloader/ClassLoaderLookupPolicyProvider
instanceKlass org/mule/runtime/module/artifact/api/classloader/LocalResourceLocator
instanceKlass org/mule/runtime/module/artifact/api/classloader/DisposableClassLoader
instanceKlass org/mule/runtime/container/internal/PreFilteredContainerClassLoaderCreator
instanceKlass org/mule/runtime/container/internal/ContainerClassLoaderFactory
instanceKlass org/mule/runtime/container/api/ContainerClassLoaderProvider
instanceKlass org/mule/framework/internal/builder/DietMuleFrameworkBuilder
instanceKlass com/mulesoft/mule/framework/api/MuleFramework$BaseMuleFrameworkBuilder
instanceKlass org/mule/runtime/container/internal/ClasspathModuleDiscoverer
instanceKlass org/mule/runtime/api/util/LazyValue
instanceKlass org/mule/runtime/container/internal/JreModuleDiscoverer
instanceKlass org/mule/runtime/container/internal/CompositeModuleDiscoverer
instanceKlass org/mule/runtime/container/internal/DefaultModuleRepository
instanceKlass org/mule/runtime/container/api/discoverer/ModuleDiscoverer
instanceKlass org/mule/runtime/container/api/ModuleRepository
instanceKlass sun/security/provider/AbstractDrbg$NonceProvider
instanceKlass java/net/NetworkInterface$1
instanceKlass java/net/DefaultInterface
instanceKlass java/net/Inet6Address$Inet6AddressHolder
instanceKlass java/net/InetAddress$PlatformNameService
instanceKlass java/net/InetAddress$NameService
instanceKlass java/net/Inet6AddressImpl
instanceKlass java/net/InetAddressImpl
instanceKlass java/net/InetAddressImplFactory
instanceKlass java/util/concurrent/ConcurrentSkipListMap$Node
instanceKlass java/util/concurrent/ConcurrentSkipListMap$Index
instanceKlass java/net/InetAddress$InetAddressHolder
instanceKlass java/net/InetAddress$1
instanceKlass jdk/internal/access/JavaNetInetAddressAccess
instanceKlass java/net/InterfaceAddress
instanceKlass java/net/NetworkInterface
instanceKlass sun/security/provider/SeedGenerator$1
instanceKlass sun/security/provider/SeedGenerator
instanceKlass sun/security/provider/AbstractDrbg$SeederHolder
instanceKlass java/security/DrbgParameters$NextBytes
instanceKlass java/nio/file/TempFileHelper
instanceKlass com/mulesoft/mule/framework/api/MuleFramework$Builder
instanceKlass com/vdurmont/semver4j/Range$1
instanceKlass com/vdurmont/semver4j/Range
instanceKlass org/mule/runtime/module/embedded/internal/jvm/JvmVersionInterval
instanceKlass org/mule/runtime/module/embedded/internal/jvm/JvmVersionIntervalUnion
instanceKlass org/mule/runtime/manifest/internal/DefaultMuleManifest$UrlPrivilegedAction
instanceKlass org/mule/runtime/manifest/internal/DefaultMuleManifest
instanceKlass org/mule/runtime/manifest/api/MuleManifest
instanceKlass org/mule/runtime/module/embedded/internal/EmbeddedManifest
instanceKlass org/mule/runtime/module/embedded/internal/DefaultContainerInformation
instanceKlass org/mule/runtime/module/embedded/api/ContainerInformation
instanceKlass org/mule/runtime/jpms/api/JpmsUtils
instanceKlass org/mule/runtime/jpms/api/MultiLevelClassLoaderFactory
instanceKlass com/mulesoft/mule/framework/utils/JpmsUtils
instanceKlass java/nio/file/FileTreeIterator
instanceKlass java/util/Collections$2
instanceKlass org/mule/runtime/module/embedded/internal/LocalDistroMuleDependenciesResolver
instanceKlass org/mule/runtime/module/embedded/internal/RuntimeProduct
instanceKlass org/mule/runtime/module/embedded/internal/utils/EmbeddedImplementationUtils
instanceKlass org/mule/runtime/module/embedded/api/dependencies/MuleDependenciesResolver
instanceKlass org/mule/runtime/module/embedded/api/Product$ArtifactCoordinates
instanceKlass com/mulesoft/mule/framework/api/builder/AbstractMuleFrameworkBuilderFactory$ProxyDependencyResolver
instanceKlass com/mulesoft/mule/framework/dependency/DefaultMuleFrameworkDependencyResolver
instanceKlass com/mulesoft/mule/framework/api/dependency/DependencyResolver
instanceKlass org/mule/runtime/api/lifecycle/Disposable
instanceKlass com/mulesoft/mule/framework/builder/DefaultMuleVersionConfigurer
instanceKlass org/mule/runtime/api/util/Preconditions
instanceKlass org/apache/commons/lang3/function/Suppliers
instanceKlass org/apache/commons/lang3/SystemUtils
instanceKlass java/lang/Byte$ByteCache
instanceKlass java/lang/Short$ShortCache
instanceKlass org/apache/commons/lang3/math/NumberUtils
instanceKlass org/apache/commons/lang3/SystemProperties
instanceKlass org/mule/runtime/module/embedded/api/dependencies/DependencyResolver
instanceKlass com/mulesoft/mule/framework/api/builder/AbstractMuleFrameworkBuilderFactory
instanceKlass com/mulesoft/mule/framework/api/MuleFramework
instanceKlass com/mulesoft/mule/framework/api/builder/util/FileUtils
instanceKlass com/mulesoft/mule/framework/api/builder/MuleVersionConfigurer
instanceKlass com/google/gson/internal/ConstructorConstructor$13
instanceKlass java/util/concurrent/ConcurrentNavigableMap
instanceKlass com/google/gson/internal/bind/TypeAdapters$EnumTypeAdapter$1
instanceKlass com/google/gson/internal/ConstructorConstructor$6
instanceKlass org/mule/runtime/api/deployment/meta/MuleApplicationModel$1
instanceKlass org/mule/runtime/api/deployment/meta/MuleArtifactLoaderDescriptor
instanceKlass com/google/gson/internal/JsonReaderInternalAccess
instanceKlass org/apache/commons/io/Charsets
instanceKlass org/mule/runtime/api/deployment/persistence/AbstractMuleArtifactModelJsonSerializer
instanceKlass org/w3c/dom/Attr
instanceKlass com/sun/org/apache/xerces/internal/dom/NamedNodeMapImpl
instanceKlass org/w3c/dom/NamedNodeMap
instanceKlass com/sun/org/apache/xerces/internal/impl/Constants$ArrayEnumeration
instanceKlass com/sun/org/apache/xerces/internal/impl/Constants
instanceKlass com/sun/org/apache/xerces/internal/dom/DeferredDocumentImpl$RefCount
instanceKlass com/sun/org/apache/xerces/internal/dom/NodeListCache
instanceKlass org/w3c/dom/TypeInfo
instanceKlass org/w3c/dom/ElementTraversal
instanceKlass org/w3c/dom/DocumentType
instanceKlass com/sun/org/apache/xerces/internal/dom/NodeImpl
instanceKlass org/w3c/dom/events/EventTarget
instanceKlass org/w3c/dom/NodeList
instanceKlass org/w3c/dom/ranges/DocumentRange
instanceKlass org/w3c/dom/events/DocumentEvent
instanceKlass org/w3c/dom/traversal/DocumentTraversal
instanceKlass com/sun/org/apache/xerces/internal/dom/DeferredNode
instanceKlass com/sun/org/apache/xerces/internal/util/XMLSymbols
instanceKlass com/sun/org/apache/xerces/internal/util/XMLChar
instanceKlass com/sun/xml/internal/stream/Entity
instanceKlass com/sun/xml/internal/stream/util/BufferAllocator
instanceKlass com/sun/xml/internal/stream/util/ThreadLocalBufferAllocator
instanceKlass com/sun/org/apache/xerces/internal/impl/XMLEntityManager$EncodingInfo
instanceKlass com/sun/org/apache/xerces/internal/util/URI
instanceKlass com/sun/org/apache/xerces/internal/utils/XMLLimitAnalyzer
instanceKlass com/sun/org/apache/xerces/internal/xni/parser/XMLInputSource
instanceKlass org/xml/sax/InputSource
instanceKlass org/mule/runtime/api/meta/MuleVersion
instanceKlass com/sun/org/apache/xerces/internal/util/FeatureState
instanceKlass com/sun/org/apache/xerces/internal/util/PropertyState
instanceKlass com/sun/org/apache/xerces/internal/impl/msg/XMLMessageFormatter
instanceKlass com/sun/org/apache/xerces/internal/util/MessageFormatter
instanceKlass com/sun/org/apache/xerces/internal/impl/XMLVersionDetector
instanceKlass com/sun/org/apache/xerces/internal/impl/validation/ValidationManager
instanceKlass com/sun/org/apache/xerces/internal/impl/dv/dtd/NMTOKENDatatypeValidator
instanceKlass com/sun/org/apache/xerces/internal/impl/dv/dtd/NOTATIONDatatypeValidator
instanceKlass com/sun/org/apache/xerces/internal/impl/dv/dtd/ENTITYDatatypeValidator
instanceKlass com/sun/org/apache/xerces/internal/impl/dv/dtd/ListDatatypeValidator
instanceKlass com/sun/org/apache/xerces/internal/impl/dv/dtd/IDREFDatatypeValidator
instanceKlass com/sun/org/apache/xerces/internal/impl/dv/dtd/IDDatatypeValidator
instanceKlass com/sun/org/apache/xerces/internal/impl/dv/dtd/StringDatatypeValidator
instanceKlass com/sun/org/apache/xerces/internal/impl/dv/DatatypeValidator
instanceKlass com/sun/org/apache/xerces/internal/impl/dv/DTDDVFactory
instanceKlass com/sun/org/apache/xerces/internal/impl/dtd/DTDGrammarBucket
instanceKlass com/sun/org/apache/xerces/internal/impl/dtd/XMLAttributeDecl
instanceKlass com/sun/org/apache/xerces/internal/impl/dtd/XMLSimpleType
instanceKlass com/sun/org/apache/xerces/internal/impl/dtd/XMLElementDecl
instanceKlass com/sun/org/apache/xerces/internal/impl/validation/ValidationState
instanceKlass com/sun/org/apache/xerces/internal/impl/dv/ValidationContext
instanceKlass com/sun/org/apache/xerces/internal/impl/dtd/XMLDTDValidator
instanceKlass com/sun/org/apache/xerces/internal/impl/RevalidationHandler
instanceKlass com/sun/org/apache/xerces/internal/impl/dtd/XMLDTDValidatorFilter
instanceKlass com/sun/org/apache/xerces/internal/xni/parser/XMLDocumentFilter
instanceKlass com/sun/org/apache/xerces/internal/impl/dtd/XMLEntityDecl
instanceKlass com/sun/org/apache/xerces/internal/impl/dtd/XMLDTDProcessor
instanceKlass com/sun/org/apache/xerces/internal/xni/parser/XMLDTDContentModelFilter
instanceKlass com/sun/org/apache/xerces/internal/xni/parser/XMLDTDFilter
instanceKlass com/sun/org/apache/xerces/internal/xni/parser/XMLDTDScanner
instanceKlass com/sun/org/apache/xerces/internal/xni/parser/XMLDTDContentModelSource
instanceKlass com/sun/org/apache/xerces/internal/xni/parser/XMLDTDSource
instanceKlass com/sun/org/apache/xerces/internal/xni/grammars/XMLDTDDescription
instanceKlass com/sun/org/apache/xerces/internal/xni/grammars/XMLGrammarDescription
instanceKlass com/sun/org/apache/xerces/internal/impl/XMLDocumentScannerImpl$TrailingMiscDriver
instanceKlass com/sun/org/apache/xerces/internal/impl/XMLDocumentScannerImpl$PrologDriver
instanceKlass com/sun/org/apache/xerces/internal/impl/XMLDocumentScannerImpl$XMLDeclDriver
instanceKlass com/sun/org/apache/xerces/internal/util/NamespaceSupport
instanceKlass com/sun/org/apache/xerces/internal/xni/NamespaceContext
instanceKlass com/sun/org/apache/xerces/internal/util/XMLAttributesImpl$Attribute
instanceKlass com/sun/org/apache/xerces/internal/util/XMLAttributesImpl
instanceKlass com/sun/org/apache/xerces/internal/xni/XMLAttributes
instanceKlass com/sun/org/apache/xerces/internal/impl/XMLDocumentFragmentScannerImpl$FragmentContentDriver
instanceKlass com/sun/org/apache/xerces/internal/impl/XMLDocumentFragmentScannerImpl$Driver
instanceKlass com/sun/org/apache/xerces/internal/impl/XMLDocumentFragmentScannerImpl$ElementStack2
instanceKlass com/sun/org/apache/xerces/internal/xni/QName
instanceKlass com/sun/org/apache/xerces/internal/impl/XMLDocumentFragmentScannerImpl$ElementStack
instanceKlass com/sun/org/apache/xerces/internal/xni/XMLString
instanceKlass com/sun/org/apache/xerces/internal/impl/XMLScanner
instanceKlass com/sun/xml/internal/stream/XMLBufferListener
instanceKlass com/sun/org/apache/xerces/internal/impl/XMLEntityHandler
instanceKlass com/sun/org/apache/xerces/internal/xni/parser/XMLDocumentScanner
instanceKlass com/sun/org/apache/xerces/internal/xni/parser/XMLDocumentSource
instanceKlass com/sun/org/apache/xerces/internal/impl/XMLErrorReporter
instanceKlass com/sun/org/apache/xerces/internal/impl/XMLEntityScanner
instanceKlass com/sun/org/apache/xerces/internal/xni/XMLLocator
instanceKlass com/sun/xml/internal/stream/XMLEntityStorage
instanceKlass com/sun/org/apache/xerces/internal/util/AugmentationsImpl$AugmentationsItemsContainer
instanceKlass com/sun/org/apache/xerces/internal/util/AugmentationsImpl
instanceKlass com/sun/org/apache/xerces/internal/xni/Augmentations
instanceKlass com/sun/org/apache/xerces/internal/util/XMLResourceIdentifierImpl
instanceKlass com/sun/org/apache/xerces/internal/xni/XMLResourceIdentifier
instanceKlass com/sun/org/apache/xerces/internal/impl/XMLEntityManager
instanceKlass com/sun/org/apache/xerces/internal/xni/parser/XMLEntityResolver
instanceKlass com/sun/org/apache/xerces/internal/xni/parser/XMLComponent
instanceKlass com/sun/org/apache/xerces/internal/util/SymbolTable$Entry
instanceKlass com/sun/org/apache/xerces/internal/util/SymbolTable
instanceKlass jdk/xml/internal/JdkConstants
instanceKlass javax/xml/parsers/SAXParserFactory
instanceKlass jdk/xml/internal/JdkXmlUtils
instanceKlass com/sun/org/apache/xerces/internal/util/ParserConfigurationSettings
instanceKlass com/sun/org/apache/xerces/internal/parsers/XML11Configurable
instanceKlass com/sun/org/apache/xerces/internal/xni/parser/XMLPullParserConfiguration
instanceKlass com/sun/org/apache/xerces/internal/xni/parser/XMLParserConfiguration
instanceKlass com/sun/org/apache/xerces/internal/xni/parser/XMLComponentManager
instanceKlass com/sun/org/apache/xerces/internal/parsers/XMLParser
instanceKlass com/sun/org/apache/xerces/internal/xni/XMLDTDContentModelHandler
instanceKlass com/sun/org/apache/xerces/internal/xni/XMLDTDHandler
instanceKlass com/sun/org/apache/xerces/internal/xni/XMLDocumentHandler
instanceKlass javax/xml/parsers/DocumentBuilder
instanceKlass com/sun/org/apache/xerces/internal/jaxp/JAXPConstants
instanceKlass com/sun/org/apache/xerces/internal/utils/XMLSecurityPropertyManager
instanceKlass com/sun/org/apache/xerces/internal/utils/XMLSecurityManager
instanceKlass javax/xml/parsers/FactoryFinder$1
instanceKlass java/lang/invoke/LambdaFormEditor$1
instanceKlass java/lang/invoke/MethodHandles$1
instanceKlass jdk/xml/internal/SecuritySupport
instanceKlass javax/xml/parsers/FactoryFinder
instanceKlass javax/xml/parsers/DocumentBuilderFactory
instanceKlass org/mule/tools/api/util/XmlFactoryUtils
instanceKlass java/nio/file/Files$2
instanceKlass org/mule/tools/api/packager/structure/ProjectStructure
instanceKlass org/mule/tools/maven/mojo/ProcessClassesMojo$$FastClassByGuice$$323885411
instanceKlass org/mule/tools/maven/mojo/CompileMojo$$FastClassByGuice$$322292677
instanceKlass org/apache/maven/shared/utils/StringUtils
instanceKlass org/apache/maven/plugin/compiler/DeltaList
instanceKlass java/nio/file/attribute/FileTime$1
instanceKlass org/codehaus/plexus/util/io/InputStreamFacade
instanceKlass org/codehaus/plexus/util/BaseFileUtils
instanceKlass org/apache/maven/shared/incremental/IncrementalBuildHelperRequest
instanceKlass org/codehaus/plexus/util/SelectorUtils
instanceKlass org/codehaus/plexus/util/MatchPatterns
instanceKlass org/codehaus/plexus/util/MatchPattern
instanceKlass org/codehaus/plexus/util/AbstractScanner
instanceKlass org/codehaus/plexus/util/Scanner
instanceKlass org/codehaus/plexus/compiler/util/scan/mapping/SuffixMapping
instanceKlass org/codehaus/plexus/compiler/util/scan/AbstractSourceInclusionScanner
instanceKlass org/apache/maven/project/MavenProject$LoggingList$1
instanceKlass com/sun/tools/javac/file/BaseFileManager
instanceKlass com/sun/tools/javac/util/Context
instanceKlass javax/tools/StandardJavaFileManager
instanceKlass com/sun/source/util/JavacTask
instanceKlass javax/tools/JavaCompiler$CompilationTask
instanceKlass com/sun/tools/javac/api/JavacTool
instanceKlass javax/tools/ToolProvider
instanceKlass java/util/concurrent/ConcurrentLinkedDeque$Node
instanceKlass org/codehaus/plexus/compiler/PlexusLoggerWrapper
instanceKlass org/eclipse/sisu/wire/ProviderIterableAdapter$ProviderEntry
instanceKlass org/eclipse/sisu/wire/ProviderIterableAdapter$ProviderIterator
instanceKlass org/eclipse/sisu/wire/ProviderIterableAdapter
instanceKlass org/apache/maven/toolchain/DefaultToolchainManager$$FastClassByGuice$$321779976
instanceKlass org/apache/maven/plugin/compiler/CompilerMojo$$FastClassByGuice$$319968121
instanceKlass org/codehaus/plexus/compiler/javac/JavaxToolsCompiler$$FastClassByGuice$$318818571
instanceKlass org/codehaus/plexus/compiler/javac/JavacCompiler$$FastClassByGuice$$318751390
instanceKlass org/codehaus/plexus/compiler/manager/DefaultCompilerManager$$FastClassByGuice$$317191041
instanceKlass org/codehaus/plexus/languages/java/jpms/LocationManager$$FastClassByGuice$$316253707
instanceKlass javax/tools/Diagnostic
instanceKlass javax/tools/JavaCompiler
instanceKlass javax/tools/Tool
instanceKlass javax/tools/JavaFileManager
instanceKlass javax/tools/OptionChecker
instanceKlass javax/tools/DiagnosticListener
instanceKlass org/codehaus/plexus/compiler/CompilerMessage
instanceKlass org/codehaus/plexus/util/cli/StreamConsumer
instanceKlass org/codehaus/plexus/compiler/CompilerOutputStyle
instanceKlass org/codehaus/plexus/languages/java/jpms/ResolvePathsRequest
instanceKlass org/codehaus/plexus/languages/java/jpms/ResolvePathResult
instanceKlass org/codehaus/plexus/languages/java/jpms/ResolvePathRequest
instanceKlass org/codehaus/plexus/languages/java/jpms/ManifestModuleNameExtractor
instanceKlass org/codehaus/plexus/languages/java/jpms/SourceModuleInfoParser
instanceKlass org/codehaus/plexus/languages/java/jpms/ModuleInfoParser
instanceKlass org/codehaus/plexus/languages/java/jpms/ModuleNameExtractor
instanceKlass org/codehaus/plexus/languages/java/jpms/JavaModuleDescriptor
instanceKlass org/codehaus/plexus/languages/java/jpms/ResolvePathsResult
instanceKlass org/apache/maven/shared/incremental/IncrementalBuildHelper
instanceKlass org/codehaus/plexus/compiler/CompilerResult
instanceKlass java/time/Instant
instanceKlass org/codehaus/plexus/compiler/util/scan/SourceInclusionScanner
instanceKlass org/apache/maven/plugin/compiler/DependencyCoordinate
instanceKlass org/apache/maven/shared/utils/logging/MessageBuilder
instanceKlass org/codehaus/plexus/compiler/CompilerConfiguration
instanceKlass org/codehaus/plexus/compiler/util/scan/mapping/SourceMapping
instanceKlass org/codehaus/plexus/compiler/javac/JavaxToolsCompiler
instanceKlass org/codehaus/plexus/compiler/javac/InProcessCompiler
instanceKlass org/codehaus/plexus/compiler/AbstractCompiler
instanceKlass org/codehaus/plexus/compiler/Compiler
instanceKlass org/codehaus/plexus/compiler/manager/DefaultCompilerManager
instanceKlass org/codehaus/plexus/compiler/manager/CompilerManager
instanceKlass org/codehaus/plexus/languages/java/jpms/LocationManager
instanceKlass org/mule/tools/maven/mojo/ProcessResourcesMojo$$FastClassByGuice$$315433819
instanceKlass org/sonatype/plexus/build/incremental/EmptyScanner
instanceKlass java/nio/file/attribute/PosixFileAttributes
instanceKlass org/apache/maven/shared/filtering/FilteringUtils
instanceKlass org/apache/commons/io/FilenameUtils
instanceKlass org/codehaus/plexus/util/SelectorUtils
instanceKlass org/codehaus/plexus/util/MatchPatterns
instanceKlass org/codehaus/plexus/util/MatchPattern
instanceKlass org/codehaus/plexus/interpolation/RecursionInterceptor
instanceKlass org/codehaus/plexus/interpolation/AbstractValueSource
instanceKlass org/apache/maven/plugins/resources/MavenBuildTimestamp
instanceKlass org/apache/maven/shared/filtering/FilterWrapper
instanceKlass org/apache/commons/lang3/StringUtils
instanceKlass org/sonatype/plexus/build/incremental/DefaultBuildContext$$FastClassByGuice$$313809789
instanceKlass org/apache/maven/plugins/resources/ResourcesMojo$$FastClassByGuice$$312767846
instanceKlass org/apache/maven/shared/filtering/DefaultMavenResourcesFiltering$$FastClassByGuice$$311872081
instanceKlass org/apache/maven/shared/filtering/DefaultMavenReaderFilter$$FastClassByGuice$$311320314
instanceKlass org/apache/maven/shared/filtering/DefaultMavenFileFilter$$FastClassByGuice$$310287794
instanceKlass org/codehaus/plexus/util/AbstractScanner
instanceKlass org/codehaus/plexus/interpolation/Interpolator
instanceKlass org/codehaus/plexus/interpolation/BasicInterpolator
instanceKlass org/codehaus/plexus/interpolation/ValueSource
instanceKlass org/codehaus/plexus/util/Scanner
instanceKlass org/apache/maven/shared/filtering/AbstractMavenFilteringRequest
instanceKlass org/apache/maven/shared/filtering/DefaultMavenResourcesFiltering
instanceKlass org/apache/maven/shared/filtering/MavenResourcesFiltering
instanceKlass org/apache/maven/shared/filtering/MavenReaderFilter
instanceKlass org/apache/maven/shared/filtering/BaseFilter
instanceKlass org/apache/maven/shared/filtering/MavenFileFilter
instanceKlass org/apache/maven/shared/filtering/DefaultFilterInfo
instanceKlass org/sonatype/plexus/build/incremental/BuildContext
instanceKlass org/mule/tools/api/validation/resolver/model/DependenciesFilter
instanceKlass com/google/common/collect/Sets
instanceKlass org/mule/tools/api/validation/resolver/visitor/AbstractArtifactVisitor
instanceKlass org/mule/tools/api/validation/resolver/visitor/MulePluginResolverVisitor
instanceKlass org/mule/tools/api/validation/resolver/model/ProjectDependencyNode
instanceKlass org/mule/tools/api/validation/resolver/visitor/DependencyNodeVisitor
instanceKlass org/mule/tools/api/util/MavenProjectBuilder
instanceKlass org/mule/tools/api/util/SourcesProcessor$1
instanceKlass com/google/gson/internal/LinkedTreeMap$LinkedTreeMapIterator
instanceKlass com/google/gson/internal/UnsafeAllocator
instanceKlass com/google/gson/internal/ConstructorConstructor$14
instanceKlass com/google/gson/internal/LinkedTreeMap$Node
instanceKlass com/google/gson/internal/LinkedTreeMap$1
instanceKlass com/google/gson/internal/$Gson$Types$GenericArrayTypeImpl
instanceKlass com/google/gson/internal/ConstructorConstructor$8
instanceKlass com/google/gson/internal/$Gson$Types$ParameterizedTypeImpl
instanceKlass com/google/gson/internal/Primitives
instanceKlass com/google/gson/annotations/SerializedName
instanceKlass com/google/gson/internal/ConstructorConstructor$3
instanceKlass com/google/gson/annotations/JsonAdapter
instanceKlass com/google/gson/internal/bind/TreeTypeAdapter$GsonContextImpl
instanceKlass com/google/gson/internal/Streams
instanceKlass com/google/gson/internal/bind/ReflectiveTypeAdapterFactory$BoundField
instanceKlass com/google/gson/internal/bind/ReflectiveTypeAdapterFactory
instanceKlass com/google/gson/internal/bind/JsonAdapterAnnotationTypeAdapterFactory
instanceKlass com/google/gson/internal/bind/MapTypeAdapterFactory
instanceKlass com/google/gson/internal/bind/CollectionTypeAdapterFactory
instanceKlass com/google/gson/internal/bind/ArrayTypeAdapter$1
instanceKlass com/google/gson/internal/bind/DateTypeAdapter$1
instanceKlass java/util/concurrent/atomic/AtomicLongArray
instanceKlass com/google/gson/internal/bind/NumberTypeAdapter$1
instanceKlass com/google/gson/internal/bind/ObjectTypeAdapter$1
instanceKlass com/google/gson/internal/bind/TypeAdapters$28
instanceKlass com/google/gson/internal/bind/TypeAdapters$32
instanceKlass java/util/Currency
instanceKlass java/util/UUID
instanceKlass com/google/gson/internal/bind/TypeAdapters$33
instanceKlass java/net/InetAddress
instanceKlass java/util/concurrent/atomic/AtomicIntegerArray
instanceKlass com/google/gson/internal/bind/TypeAdapters$31
instanceKlass java/util/BitSet
instanceKlass com/google/gson/internal/bind/TypeAdapters$30
instanceKlass com/google/gson/internal/bind/TypeAdapters
instanceKlass sun/misc/Unsafe
instanceKlass com/google/gson/internal/JavaVersion
instanceKlass com/google/gson/internal/reflect/ReflectionAccessor
instanceKlass com/google/gson/internal/ObjectConstructor
instanceKlass com/google/gson/internal/ConstructorConstructor
instanceKlass com/google/gson/Gson
instanceKlass com/google/gson/internal/sql/SqlTimestampTypeAdapter$1
instanceKlass com/google/gson/internal/sql/SqlTimeTypeAdapter$1
instanceKlass com/google/gson/internal/sql/SqlDateTypeAdapter$1
instanceKlass com/google/gson/internal/bind/DefaultDateTypeAdapter$DateType
instanceKlass com/google/gson/internal/sql/SqlTypesSupport
instanceKlass org/mule/tools/api/classloader/ClassLoaderModelJsonSerializer$ClassLoaderModelCustomJsonSerializer
instanceKlass org/mule/tools/api/classloader/AppClassLoaderModelJsonSerializer$AppClassLoaderModelCustomJsonSerializer
instanceKlass com/google/gson/JsonDeserializer
instanceKlass com/google/gson/internal/bind/TreeTypeAdapter$SingleTypeFactory
instanceKlass com/google/gson/JsonDeserializationContext
instanceKlass com/google/gson/JsonSerializationContext
instanceKlass com/google/gson/stream/JsonReader
instanceKlass com/google/gson/stream/JsonWriter
instanceKlass com/google/gson/internal/$Gson$Types
instanceKlass com/google/gson/reflect/TypeToken
instanceKlass com/google/gson/InstanceCreator
instanceKlass com/google/gson/internal/$Gson$Preconditions
instanceKlass org/mule/tools/api/classloader/ArtifactCustomJsonSerializer
instanceKlass com/google/gson/JsonSerializer
instanceKlass com/google/gson/JsonElement
instanceKlass com/google/gson/TypeAdapter
instanceKlass com/google/gson/internal/Excluder
instanceKlass com/google/gson/TypeAdapterFactory
instanceKlass com/google/gson/ToNumberStrategy
instanceKlass com/google/gson/FieldNamingStrategy
instanceKlass com/google/gson/GsonBuilder
instanceKlass org/mule/tools/api/classloader/ClassLoaderModelJsonSerializer
instanceKlass java/util/TreeMap$TreeMapSpliterator
instanceKlass org/mule/tools/api/classloader/model/Plugin
instanceKlass org/mule/tools/api/muleclassloader/model/util/PluginUtils
instanceKlass jdk/internal/misc/ScopedMemoryAccess$Scope$Handle
instanceKlass org/mule/maven/pom/parser/internal/model/MavenPomModelWrapper
instanceKlass org/apache/commons/io/function/IOConsumer
instanceKlass java/util/function/IntUnaryOperator
instanceKlass org/apache/commons/io/file/DeleteOption
instanceKlass org/apache/commons/io/file/PathUtils
instanceKlass org/apache/commons/io/IOUtils
instanceKlass org/mule/maven/pom/parser/internal/util/FileUtils
instanceKlass org/mule/maven/pom/parser/internal/MavenPomParserImpl
instanceKlass org/mule/tools/api/classloader/model/ApplicationClassloaderModel
instanceKlass org/codehaus/plexus/util/xml/Xpp3DomWriter
instanceKlass org/codehaus/plexus/util/xml/PrettyPrintXMLWriter
instanceKlass java/util/zip/ZipFile$ZipEntryIterator
instanceKlass org/mule/tools/api/classloader/model/Artifact
instanceKlass org/mule/maven/pom/parser/api/model/BundleDependency$Builder
instanceKlass org/codehaus/plexus/util/StringUtils
instanceKlass org/mule/maven/pom/parser/api/model/BundleDependency
instanceKlass org/mule/maven/client/internal/BundleDependencyHelper
instanceKlass org/mule/maven/client/internal/util/VersionChecker
instanceKlass org/mule/maven/client/internal/OneInstancePerNodeGraphTransformer$CopyContext
instanceKlass org/eclipse/aether/internal/impl/collect/bf/BfDependencyCollector$DoneFuture
instanceKlass java/util/concurrent/ForkJoinPool$DefaultCommonPoolForkJoinWorkerThreadFactory$1
instanceKlass java/util/concurrent/ForkJoinTask$Aux
instanceKlass java/util/concurrent/ForkJoinTask
instanceKlass java/util/concurrent/locks/ReentrantReadWriteLock$Sync$HoldCounter
instanceKlass jdk/internal/util/random/RandomSupport
instanceKlass java/util/concurrent/FutureTask$WaitNode
instanceKlass java/util/concurrent/FutureTask
instanceKlass java/util/concurrent/RunnableFuture
instanceKlass java/util/concurrent/Executors$DefaultThreadFactory
instanceKlass java/util/concurrent/Executors
instanceKlass org/eclipse/aether/util/concurrency/WorkerThreadFactory
instanceKlass org/eclipse/aether/internal/impl/collect/bf/BfDependencyCollector$ParallelDescriptorResolver
instanceKlass org/eclipse/aether/util/concurrency/ExecutorUtils
instanceKlass org/slf4j/helpers/FormattingTuple
instanceKlass org/slf4j/helpers/MessageFormatter
instanceKlass org/mule/maven/client/internal/RemoteRepositoryModelResolver
instanceKlass org/mule/maven/client/api/MavenReactorResolver
instanceKlass org/apache/maven/model/building/DefaultModelBuilderFactory$StubLifecycleBindingsInjector
instanceKlass org/apache/maven/model/building/DefaultModelBuilderFactory
instanceKlass org/mule/maven/client/internal/DefaultModelResolver
instanceKlass org/mule/maven/client/internal/DefaultModelCache
instanceKlass org/apache/commons/io/FilenameUtils
instanceKlass org/mule/maven/client/internal/DefaultMuleMavenRepositoryState
instanceKlass org/eclipse/aether/resolution/ArtifactDescriptorPolicyRequest
instanceKlass org/mule/maven/client/internal/dependency/PluginAwareExclusionDependencySelector
instanceKlass org/mule/maven/client/internal/GraphCycleAvoidingTransformer
instanceKlass org/mule/maven/client/internal/MuleDomainDependencyGraphTransformer
instanceKlass org/mule/maven/client/internal/OneInstancePerNodeGraphTransformer
instanceKlass org/mule/maven/client/internal/MuleMavenRepositoryStateFactory$LoggingTransferListener
instanceKlass org/mule/tools/api/util/JarInfo
instanceKlass java/nio/file/FileTreeWalker$1
instanceKlass org/apache/commons/io/function/IOBiFunction
instanceKlass org/apache/commons/io/file/Counters$NoopCounter
instanceKlass org/apache/commons/io/file/Counters$LongCounter
instanceKlass org/apache/commons/io/file/Counters$AbstractPathCounters
instanceKlass org/apache/commons/io/file/Counters$Counter
instanceKlass org/apache/commons/io/file/Counters$PathCounters
instanceKlass org/apache/commons/io/file/Counters
instanceKlass org/apache/commons/io/build/AbstractSupplier
instanceKlass org/apache/commons/io/function/IOSupplier
instanceKlass org/apache/commons/io/filefilter/ConditionalFileFilter
instanceKlass org/apache/commons/io/filefilter/AbstractFileFilter
instanceKlass org/apache/commons/io/function/Uncheck
instanceKlass java/nio/file/SimpleFileVisitor
instanceKlass org/apache/commons/io/file/PathVisitor
instanceKlass org/apache/commons/io/function/IOFunction
instanceKlass org/apache/commons/io/FileUtils
instanceKlass org/apache/commons/io/filefilter/TrueFileFilter
instanceKlass org/apache/commons/io/filefilter/IOFileFilter
instanceKlass org/apache/commons/io/file/PathFilter
instanceKlass java/io/FileFilter
instanceKlass org/mule/maven/pom/parser/api/model/BundleDescriptor
instanceKlass org/mule/maven/pom/parser/api/model/BundleDescriptor$Builder
instanceKlass org/mule/tools/api/muleclassloader/model/util/ArtifactUtils
instanceKlass org/mule/maven/pom/parser/internal/util/MavenUtils
instanceKlass org/mule/maven/pom/parser/api/model/AdditionalPluginDependencies
instanceKlass org/mule/tools/api/muleclassloader/model/resolver/Plugin
instanceKlass org/mule/tools/api/muleclassloader/model/resolver/AdditionalPluginDependenciesResolver
instanceKlass org/mule/tools/api/util/FileJarExplorer
instanceKlass org/mule/tools/api/muleclassloader/model/resolver/ApplicationDependencyResolver
instanceKlass org/mule/tools/api/muleclassloader/model/ApplicationClassLoaderModelAssembler
instanceKlass org/mule/maven/client/internal/MuleMavenConcurrentLocalRepository
instanceKlass org/mule/maven/client/internal/MuleMavenRepositoryState
instanceKlass org/mule/maven/client/internal/MuleMavenRepositoryStateFactory
instanceKlass org/mule/maven/client/internal/RemoteRepositoriesMerger
instanceKlass org/apache/maven/model/building/ModelProblemCollectorRequest
instanceKlass org/mule/maven/client/internal/util/MavenModelUtils
instanceKlass org/apache/maven/settings/building/DefaultSettingsBuilderFactory
instanceKlass org/mule/maven/client/internal/MuleEnvironmentConfiguration
instanceKlass org/mule/maven/client/api/EnvironmentConfiguration
instanceKlass org/mule/maven/client/internal/MuleMavenResolutionContext
instanceKlass org/mule/maven/client/internal/DefaultPomFileSupplierFactory
instanceKlass org/mule/maven/client/api/VersionRangeResult
instanceKlass org/mule/maven/pom/parser/api/model/MavenPomModel
instanceKlass org/mule/maven/pom/parser/api/MavenPomParser
instanceKlass org/mule/maven/client/internal/MuleMavenClient
instanceKlass org/mule/maven/client/api/PomFileSupplierFactory
instanceKlass org/mule/maven/client/internal/MuleMavenClientProvider
instanceKlass org/mule/maven/client/api/MavenClientProvider
instanceKlass java/util/LinkedList$LLSpliterator
instanceKlass org/mule/maven/client/api/model/ImmutableMavenConfiguration
instanceKlass org/mule/maven/client/api/model/ImmutableRemoteRepository
instanceKlass org/mule/maven/client/api/model/RemoteRepository$RemoteRepositoryBuilder
instanceKlass org/mule/maven/client/api/model/ImmutableAuthentication
instanceKlass org/mule/maven/client/api/model/Authentication
instanceKlass org/mule/maven/client/api/model/Authentication$AuthenticationBuilder
instanceKlass org/mule/maven/client/api/model/RemoteRepository
instanceKlass org/mule/maven/client/internal/DefaultLocalRepositorySupplierFactory
instanceKlass org/mule/maven/client/api/LocalRepositorySupplierFactory
instanceKlass com/beust/jcommander/JCommander$2
instanceKlass com/beust/jcommander/converters/DefaultListConverter
instanceKlass com/beust/jcommander/IParameterValidator2
instanceKlass com/beust/jcommander/FuzzyMap
instanceKlass com/beust/jcommander/StringKey
instanceKlass com/beust/jcommander/ResourceBundle
instanceKlass com/beust/jcommander/Parameters
instanceKlass com/beust/jcommander/ParameterDescription
instanceKlass com/beust/jcommander/WrappedParameter
instanceKlass com/beust/jcommander/DynamicParameter
instanceKlass com/beust/jcommander/ParametersDelegate
instanceKlass com/beust/jcommander/validators/NoValueValidator
instanceKlass com/beust/jcommander/IValueValidator
instanceKlass com/beust/jcommander/validators/NoValidator
instanceKlass com/beust/jcommander/IParameterValidator
instanceKlass com/beust/jcommander/converters/CommaParameterSplitter
instanceKlass com/beust/jcommander/converters/IParameterSplitter
instanceKlass com/beust/jcommander/converters/NoConverter
instanceKlass com/beust/jcommander/Parameter
instanceKlass com/beust/jcommander/internal/Sets
instanceKlass com/beust/jcommander/Parameterized
instanceKlass com/beust/jcommander/Strings
instanceKlass com/beust/jcommander/JCommander$1
instanceKlass com/beust/jcommander/converters/FileConverter
instanceKlass com/beust/jcommander/converters/BaseConverter
instanceKlass com/beust/jcommander/converters/StringConverter
instanceKlass com/beust/jcommander/internal/DefaultConverterFactory
instanceKlass com/beust/jcommander/JCommander$DefaultVariableArity
instanceKlass com/beust/jcommander/internal/Maps
instanceKlass com/beust/jcommander/DefaultUsageFormatter
instanceKlass com/beust/jcommander/internal/Lists
instanceKlass com/beust/jcommander/parser/DefaultParameterizedParser
instanceKlass com/beust/jcommander/JCommander$Options$1
instanceKlass com/beust/jcommander/JCommander$Options
instanceKlass com/beust/jcommander/JCommander$Builder
instanceKlass com/beust/jcommander/IStringConverter
instanceKlass com/beust/jcommander/internal/Console
instanceKlass com/beust/jcommander/IStringConverterFactory
instanceKlass com/beust/jcommander/IVariableArity
instanceKlass com/beust/jcommander/IUsageFormatter
instanceKlass com/beust/jcommander/IParameterizedParser
instanceKlass com/beust/jcommander/FuzzyMap$IKey
instanceKlass com/beust/jcommander/IStringConverterInstanceFactory
instanceKlass com/beust/jcommander/JCommander
instanceKlass org/mule/maven/client/internal/MavenCommandLineParser$MavenArguments
instanceKlass org/mule/maven/client/internal/MavenCommandLineParser
instanceKlass org/mule/maven/client/internal/MavenEnvironmentVariables
instanceKlass org/mule/maven/client/internal/DefaultSettingsSupplierFactory
instanceKlass org/mule/maven/client/api/SettingsSupplierFactory
instanceKlass org/mule/maven/client/api/model/MavenConfiguration
instanceKlass org/mule/maven/client/api/model/MavenConfiguration$MavenConfigurationBuilder
instanceKlass org/mule/tools/api/repository/MuleMavenPluginClientBuilder
instanceKlass org/mule/tools/api/util/MavenPackagerLog
instanceKlass org/mule/tools/api/repository/ArtifactInstaller
instanceKlass org/mule/tools/api/repository/RepositoryGenerator
instanceKlass org/mule/tools/api/classloader/model/ApplicationGAVModel
instanceKlass org/mule/tools/api/validation/MulePluginsCompatibilityValidator
instanceKlass org/mule/tools/api/classloader/model/ClassLoaderModel
instanceKlass org/mule/tools/api/muleclassloader/model/resolver/ClassloaderModelResolver
instanceKlass org/mule/tools/api/util/JarExplorer
instanceKlass org/mule/tools/api/util/SourcesProcessor
instanceKlass org/mule/tools/api/util/MavenComponents
instanceKlass org/mule/tools/maven/mojo/ProcessSourcesMojo$$FastClassByGuice$$309220197
instanceKlass java/io/FileOutputStream$1
instanceKlass sun/nio/fs/WindowsFileCopy
instanceKlass sun/nio/fs/BasicFileAttributesHolder
instanceKlass java/nio/file/Files$3
instanceKlass java/nio/file/FileTreeWalker$Event
instanceKlass sun/nio/fs/WindowsDirectoryStream$WindowsDirectoryIterator
instanceKlass java/nio/file/FileTreeWalker$DirectoryNode
instanceKlass sun/nio/fs/WindowsDirectoryStream
instanceKlass java/nio/file/DirectoryStream
instanceKlass java/nio/file/Files$AcceptAllFilter
instanceKlass java/nio/file/DirectoryStream$Filter
instanceKlass java/util/RegularEnumSet$EnumSetIterator
instanceKlass java/nio/file/FileTreeWalker
instanceKlass com/google/common/primitives/IntsMethodsForWeb
instanceKlass com/google/common/collect/CollectPreconditions
instanceKlass com/google/common/collect/Lists
instanceKlass sun/nio/fs/WindowsFileSystem$2
instanceKlass sun/nio/fs/Globs
instanceKlass org/mule/tools/api/util/exclude/GlobMatcher
instanceKlass com/google/common/io/LineProcessor
instanceKlass org/mule/tools/api/util/exclude/MuleExclusionMatcher
instanceKlass org/mule/tools/api/util/CopyFileVisitor
instanceKlass org/mule/tools/api/packager/sources/MuleArtifactContentResolver
instanceKlass java/nio/file/FileVisitor
instanceKlass java/nio/file/PathMatcher
instanceKlass javax/xml/transform/Source
instanceKlass javax/xml/transform/Result
instanceKlass org/mule/tools/api/packager/sources/ContentGeneratorFactory
instanceKlass org/mule/tools/maven/mojo/GenerateSourcesMojo$$FastClassByGuice$$308112688
instanceKlass org/mule/tools/api/packager/ProjectFoldersGeneratorFactory
instanceKlass org/mule/tools/api/packager/DefaultProjectInformation
instanceKlass org/mule/tools/api/util/DependencyProject
instanceKlass org/mule/tools/api/util/ResolvedPom
instanceKlass sun/nio/fs/WindowsUriSupport
instanceKlass org/apache/commons/lang3/CharSequenceUtils
instanceKlass org/mule/tools/api/packager/DefaultProjectInformation$Builder
instanceKlass org/mule/tools/api/packager/Pom
instanceKlass org/mule/tools/api/util/MavenProjectInformation
instanceKlass org/mule/tools/maven/mojo/InitializeMojo$$FastClassByGuice$$307057964
instanceKlass org/mule/tools/api/validation/TestScopeDependencyValidator$Dependency
instanceKlass org/mule/tools/api/validation/AllowedDependencyValidator
instanceKlass com/google/common/base/Ascii
instanceKlass com/google/common/base/CharMatcher
instanceKlass com/google/common/base/Predicate
instanceKlass com/google/common/base/Converter
instanceKlass com/google/common/base/Function
instanceKlass com/google/common/base/Preconditions
instanceKlass de/skuzzle/semantic/Version$2
instanceKlass de/skuzzle/semantic/Version$1
instanceKlass de/skuzzle/semantic/Version
instanceKlass org/apache/commons/lang3/Strings
instanceKlass com/vdurmont/semver4j/Semver
instanceKlass org/mule/tools/api/validation/VersionUtils
instanceKlass org/mule/tools/api/validation/TestScopeDependencyValidator
instanceKlass org/mule/tools/maven/mojo/ValidateMojo$$FastClassByGuice$$305452205
instanceKlass org/mule/tools/api/classloader/model/SharedLibraryDependency
instanceKlass org/eclipse/sisu/plexus/TypeArguments
instanceKlass org/apache/maven/repository/DefaultMirrorSelector$$FastClassByGuice$$304456535
instanceKlass org/apache/maven/repository/legacy/repository/DefaultArtifactRepositoryFactory$$FastClassByGuice$$303518395
instanceKlass org/apache/maven/project/artifact/DefaultMavenMetadataCache$$FastClassByGuice$$302744568
instanceKlass org/apache/maven/repository/legacy/DefaultUpdateCheckManager$$FastClassByGuice$$301731878
instanceKlass org/apache/maven/repository/legacy/DefaultWagonManager$$FastClassByGuice$$300282384
instanceKlass org/apache/maven/artifact/repository/metadata/DefaultRepositoryMetadataManager$$FastClassByGuice$$299438416
instanceKlass org/apache/maven/project/artifact/DefaultMetadataSource$$FastClassByGuice$$298394865
instanceKlass org/apache/maven/artifact/resolver/DefaultResolutionErrorHandler$$FastClassByGuice$$297149617
instanceKlass org/apache/maven/repository/legacy/resolver/conflict/NearestConflictResolver$$FastClassByGuice$$296495408
instanceKlass org/apache/maven/artifact/resolver/DefaultArtifactCollector$$FastClassByGuice$$295546101
instanceKlass org/apache/maven/artifact/resolver/DefaultArtifactResolver$DaemonThreadCreator
instanceKlass java/util/concurrent/ThreadPoolExecutor$AbortPolicy
instanceKlass java/util/concurrent/RejectedExecutionHandler
instanceKlass org/apache/maven/artifact/resolver/DefaultArtifactResolver$$FastClassByGuice$$293871983
instanceKlass org/apache/maven/repository/legacy/LegacyRepositorySystem$$FastClassByGuice$$293255221
instanceKlass org/mule/tools/maven/mojo/CleanMojo$$FastClassByGuice$$292525352
instanceKlass org/apache/maven/artifact/resolver/filter/AbstractScopeArtifactFilter
instanceKlass org/apache/maven/plugins/clean/Cleaner$Result
instanceKlass org/apache/maven/plugins/clean/Cleaner$Logger
instanceKlass org/apache/maven/shared/utils/Os
instanceKlass org/apache/maven/plugins/clean/Cleaner
instanceKlass org/eclipse/sisu/plexus/CompositeBeanHelper$1
instanceKlass org/codehaus/plexus/util/introspection/MethodMap
instanceKlass org/codehaus/plexus/util/introspection/ClassMap$CacheMiss
instanceKlass org/codehaus/plexus/util/introspection/ClassMap
instanceKlass org/codehaus/plexus/util/introspection/ReflectionValueExtractor$Tokenizer
instanceKlass org/codehaus/plexus/util/introspection/ReflectionValueExtractor
instanceKlass org/eclipse/sisu/plexus/CompositeBeanHelper
instanceKlass org/apache/maven/plugin/internal/ValidatingConfigurationListener
instanceKlass org/apache/maven/plugin/DebugConfigurationListener
instanceKlass org/eclipse/sisu/inject/MildKeys
instanceKlass java/time/LocalTime
instanceKlass java/time/LocalDate
instanceKlass java/time/chrono/ChronoLocalDate
instanceKlass java/time/zone/ZoneOffsetTransition
instanceKlass java/time/LocalDateTime
instanceKlass java/time/chrono/ChronoLocalDateTime
instanceKlass java/time/temporal/TemporalAdjuster
instanceKlass java/time/zone/ZoneOffsetTransitionRule
instanceKlass java/time/zone/ZoneRules
instanceKlass java/time/zone/Ser
instanceKlass java/io/Externalizable
instanceKlass java/time/zone/ZoneRulesProvider$1
instanceKlass java/time/zone/ZoneRulesProvider
instanceKlass java/time/Period
instanceKlass java/time/chrono/ChronoPeriod
instanceKlass java/time/format/DateTimeFormatterBuilder$TextPrinterParser
instanceKlass java/time/format/DateTimeTextProvider$1
instanceKlass java/time/format/DateTimeTextProvider
instanceKlass java/time/format/DateTimeTextProvider$LocaleStore
instanceKlass java/time/format/DateTimeFormatterBuilder$InstantPrinterParser
instanceKlass java/time/format/DateTimeFormatterBuilder$StringLiteralPrinterParser
instanceKlass java/time/format/DateTimeFormatterBuilder$ZoneIdPrinterParser
instanceKlass java/time/format/DateTimeFormatterBuilder$OffsetIdPrinterParser
instanceKlass java/time/format/DecimalStyle
instanceKlass java/time/format/DateTimeFormatterBuilder$CompositePrinterParser
instanceKlass java/time/chrono/AbstractChronology
instanceKlass java/time/chrono/Chronology
instanceKlass java/time/format/DateTimeFormatterBuilder$CharLiteralPrinterParser
instanceKlass java/time/format/DateTimeFormatterBuilder$NumberPrinterParser
instanceKlass java/time/format/DateTimeFormatterBuilder$DateTimePrinterParser
instanceKlass java/time/temporal/JulianFields
instanceKlass java/time/temporal/IsoFields
instanceKlass java/time/temporal/ValueRange
instanceKlass java/time/temporal/TemporalField
instanceKlass java/time/ZoneId
instanceKlass java/time/temporal/TemporalQuery
instanceKlass java/time/format/DateTimeFormatterBuilder
instanceKlass java/time/format/DateTimeFormatter
instanceKlass java/time/temporal/Temporal
instanceKlass java/time/temporal/TemporalAccessor
instanceKlass org/codehaus/plexus/component/configurator/converters/ParameterizedConfigurationConverter
instanceKlass org/codehaus/plexus/component/configurator/converters/AbstractConfigurationConverter
instanceKlass org/codehaus/plexus/component/configurator/converters/ConfigurationConverter
instanceKlass org/codehaus/plexus/component/configurator/converters/lookup/DefaultConverterLookup
instanceKlass org/codehaus/plexus/component/configurator/expression/DefaultExpressionEvaluator
instanceKlass org/apache/maven/plugin/PluginParameterExpressionEvaluator
instanceKlass org/codehaus/plexus/component/configurator/expression/TypeAwareExpressionEvaluator
instanceKlass org/apache/maven/monitor/logging/DefaultLog
instanceKlass org/apache/maven/plugins/clean/CleanMojo$$FastClassByGuice$$291352918
instanceKlass org/w3c/dom/Element
instanceKlass org/w3c/dom/Document
instanceKlass org/w3c/dom/Node
instanceKlass org/apache/maven/plugins/clean/Fileset
instanceKlass org/apache/maven/plugins/clean/Selector
instanceKlass org/apache/maven/plugin/DefaultPluginRealmCache$CacheKey
instanceKlass java/lang/Character$CharacterCache
instanceKlass java/util/ComparableTimSort
instanceKlass org/apache/maven/artifact/repository/metadata/io/xpp3/MetadataXpp3Reader$1
instanceKlass org/apache/maven/artifact/repository/metadata/io/xpp3/MetadataXpp3Reader$ContentTransformer
instanceKlass org/apache/maven/artifact/repository/metadata/io/xpp3/MetadataXpp3Reader
instanceKlass org/eclipse/aether/resolution/ResolutionErrorPolicyRequest
instanceKlass java/lang/constant/DynamicConstantDesc
instanceKlass java/lang/constant/DirectMethodHandleDesc$1
instanceKlass java/lang/constant/DirectMethodHandleDescImpl$1
instanceKlass java/lang/constant/DirectMethodHandleDescImpl
instanceKlass java/lang/constant/DirectMethodHandleDesc
instanceKlass java/lang/constant/MethodHandleDesc$1
instanceKlass java/lang/constant/MethodHandleDesc
instanceKlass java/lang/constant/MethodTypeDescImpl
instanceKlass java/lang/constant/MethodTypeDesc
instanceKlass java/lang/constant/ReferenceClassDescImpl
instanceKlass java/lang/constant/ConstantUtils
instanceKlass java/lang/constant/ClassDesc
instanceKlass java/lang/constant/ConstantDescs
instanceKlass java/lang/invoke/VarHandle$2
instanceKlass java/lang/invoke/VarHandle$TypesAndInvokers
instanceKlass java/lang/invoke/VarHandleByteArrayBase
instanceKlass sun/security/provider/ByteArrayAccess$BE
instanceKlass sun/security/provider/ByteArrayAccess
instanceKlass sun/security/util/MessageDigestSpi2
instanceKlass sun/security/jca/GetInstance$Instance
instanceKlass sun/security/jca/GetInstance
instanceKlass java/security/MessageDigestSpi
instanceKlass org/eclipse/aether/repository/AuthenticationDigest
instanceKlass org/eclipse/aether/internal/impl/Utils
instanceKlass org/eclipse/aether/repository/LocalMetadataResult
instanceKlass org/eclipse/aether/repository/LocalMetadataRequest
instanceKlass org/eclipse/aether/resolution/MetadataResult
instanceKlass org/eclipse/aether/resolution/MetadataRequest
instanceKlass org/eclipse/aether/metadata/AbstractMetadata
instanceKlass org/eclipse/aether/util/version/UnionVersionRange
instanceKlass org/eclipse/aether/version/VersionRange$Bound
instanceKlass org/eclipse/aether/util/version/GenericVersionRange
instanceKlass java/util/Collections$UnmodifiableList$1
instanceKlass org/apache/maven/utils/Os
instanceKlass org/apache/maven/project/DefaultDependencyResolutionRequest
instanceKlass org/apache/maven/lifecycle/internal/LifecycleDependencyResolver$ReactorDependencyFilter
instanceKlass org/apache/maven/project/artifact/DefaultProjectArtifactsCache$CacheKey
instanceKlass org/apache/maven/lifecycle/internal/MojoExecutor$ProjectLock
instanceKlass org/apache/maven/lifecycle/internal/MojoExecutor$1
instanceKlass org/apache/maven/lifecycle/internal/ExecutionPlanItem
instanceKlass org/apache/maven/lifecycle/internal/DefaultMojoExecutionConfigurator$$FastClassByGuice$$289993689
instanceKlass java/util/stream/MatchOps$BooleanTerminalSink
instanceKlass java/util/stream/MatchOps$MatchOp
instanceKlass java/util/stream/MatchOps
instanceKlass org/apache/maven/plugin/DefaultPluginDescriptorCache$CacheKey
instanceKlass org/apache/maven/lifecycle/internal/GoalTask
instanceKlass org/apache/maven/execution/ProjectExecutionEvent
instanceKlass org/apache/maven/lifecycle/internal/CompoundProjectExecutionListener
instanceKlass org/apache/maven/lifecycle/internal/DefaultLifecycleMappingDelegate$$FastClassByGuice$$288768040
instanceKlass org/apache/maven/lifecycle/internal/DefaultLifecycleExecutionPlanCalculator$$FastClassByGuice$$288317584
instanceKlass org/apache/maven/project/artifact/DefaultProjectArtifactsCache$$FastClassByGuice$$286271308
instanceKlass org/apache/maven/artifact/factory/DefaultArtifactFactory$$FastClassByGuice$$285653681
instanceKlass org/apache/maven/lifecycle/internal/builder/singlethreaded/SingleThreadedBuilder$$FastClassByGuice$$284415356
instanceKlass org/apache/maven/graph/DefaultProjectDependencyGraph$MavenProjectComparator
instanceKlass org/apache/maven/graph/FilteredProjectDependencyGraph$Key
instanceKlass org/apache/maven/lifecycle/internal/LifecycleTask
instanceKlass org/apache/maven/graph/FilteredProjectDependencyGraph
instanceKlass org/apache/maven/internal/aether/MavenChainedWorkspaceReader
instanceKlass org/codehaus/plexus/util/dag/TopologicalSorter
instanceKlass org/codehaus/plexus/util/dag/Vertex
instanceKlass org/codehaus/plexus/util/dag/DAG
instanceKlass org/apache/maven/project/ProjectSorter
instanceKlass org/apache/maven/graph/DefaultProjectDependencyGraph
instanceKlass org/apache/maven/project/DefaultProjectBuildingResult
instanceKlass org/apache/commons/lang3/stream/LangCollectors$SimpleCollector
instanceKlass org/apache/commons/lang3/stream/LangCollectors
instanceKlass java/util/stream/SliceOps
instanceKlass org/apache/commons/lang3/stream/Streams
instanceKlass org/apache/commons/lang3/ObjectUtils$Null
instanceKlass org/apache/commons/lang3/ObjectUtils
instanceKlass java/lang/Character$Subset
instanceKlass org/apache/commons/lang3/StringUtils
instanceKlass org/apache/maven/lifecycle/mapping/Lifecycle
instanceKlass org/mule/tools/maven/mojo/model/lifecycle/mapping/version/LifecycleMappingMavenFactory
instanceKlass org/apache/maven/lifecycle/Lifecycle$__sisu7$$FastClassByGuice$$283845078
instanceKlass org/apache/maven/lifecycle/mapping/LifecycleMojo
instanceKlass org/apache/maven/lifecycle/Lifecycle$__sisu8$$FastClassByGuice$$282812151
instanceKlass org/mule/tools/maven/mojo/model/lifecycle/mapping/project/MuleLifecycleMapping$$FastClassByGuice$$281906121
instanceKlass org/eclipse/aether/repository/AuthenticationContext
instanceKlass org/apache/maven/project/DefaultProjectRealmCache$CacheKey
instanceKlass org/codehaus/plexus/components/io/resources/PlexusIoFileResourceCollection$$FastClassByGuice$$280235989
instanceKlass org/codehaus/plexus/components/io/resources/DefaultPlexusIoFileResourceCollection$$FastClassByGuice$$279640965
instanceKlass org/codehaus/plexus/components/io/fileselectors/IncludeExcludeFileSelector$$FastClassByGuice$$278078317
instanceKlass org/codehaus/plexus/components/io/fileselectors/DefaultFileSelector$$FastClassByGuice$$276978601
instanceKlass org/codehaus/plexus/components/io/fileselectors/AllFilesFileSelector$$FastClassByGuice$$276267506
instanceKlass org/codehaus/plexus/components/io/filemappers/SuffixFileMapper$$FastClassByGuice$$275117282
instanceKlass org/codehaus/plexus/components/io/filemappers/RegExpFileMapper$$FastClassByGuice$$274065033
instanceKlass org/codehaus/plexus/components/io/filemappers/PrefixFileMapper$$FastClassByGuice$$273224129
instanceKlass org/codehaus/plexus/components/io/filemappers/MergeFileMapper$$FastClassByGuice$$272202719
instanceKlass org/codehaus/plexus/components/io/filemappers/IdentityMapper$$FastClassByGuice$$271089936
instanceKlass org/codehaus/plexus/components/io/filemappers/FlattenFileMapper$$FastClassByGuice$$270528122
instanceKlass org/codehaus/plexus/components/io/filemappers/FileExtensionMapper$$FastClassByGuice$$268985789
instanceKlass org/codehaus/plexus/components/io/filemappers/DefaultFileMapper$$FastClassByGuice$$267459890
instanceKlass org/codehaus/plexus/archiver/zstd/ZstdUnArchiver$$FastClassByGuice$$267186952
instanceKlass org/codehaus/plexus/archiver/zstd/ZstdArchiver$$FastClassByGuice$$265781376
instanceKlass org/codehaus/plexus/archiver/zstd/PlexusIoZstdResourceCollection$$FastClassByGuice$$265197743
instanceKlass org/codehaus/plexus/archiver/zip/ZipUnArchiver$$FastClassByGuice$$263648384
instanceKlass org/codehaus/plexus/archiver/zip/ZipArchiver$$FastClassByGuice$$262876531
instanceKlass org/codehaus/plexus/archiver/zip/PlexusArchiverZipFileResourceCollection$$FastClassByGuice$$261382569
instanceKlass org/codehaus/plexus/archiver/xz/XZUnArchiver$$FastClassByGuice$$260725549
instanceKlass org/codehaus/plexus/archiver/xz/XZArchiver$$FastClassByGuice$$259264049
instanceKlass org/codehaus/plexus/archiver/xz/PlexusIoXZResourceCollection$$FastClassByGuice$$258520876
instanceKlass org/codehaus/plexus/archiver/war/WarUnArchiver$$FastClassByGuice$$257105463
instanceKlass org/codehaus/plexus/archiver/war/WarArchiver$$FastClassByGuice$$256749906
instanceKlass org/codehaus/plexus/archiver/war/PlexusIoWarFileResourceCollection$$FastClassByGuice$$255128641
instanceKlass org/codehaus/plexus/archiver/tar/TarZstdUnArchiver$$FastClassByGuice$$253992563
instanceKlass org/codehaus/plexus/archiver/tar/TarZstdArchiver$$FastClassByGuice$$253664422
instanceKlass org/codehaus/plexus/archiver/tar/TarXZUnArchiver$$FastClassByGuice$$251694768
instanceKlass org/codehaus/plexus/archiver/tar/TarXZArchiver$$FastClassByGuice$$251566466
instanceKlass org/codehaus/plexus/archiver/tar/TarUnArchiver$$FastClassByGuice$$250396206
instanceKlass org/codehaus/plexus/archiver/tar/TarSnappyUnArchiver$$FastClassByGuice$$249087619
instanceKlass org/codehaus/plexus/archiver/tar/TarSnappyArchiver$$FastClassByGuice$$248410213
instanceKlass org/codehaus/plexus/archiver/tar/TarGZipUnArchiver$$FastClassByGuice$$247374508
instanceKlass org/codehaus/plexus/archiver/tar/TarGZipArchiver$$FastClassByGuice$$245705471
instanceKlass org/codehaus/plexus/archiver/tar/TarBZip2UnArchiver$$FastClassByGuice$$244954297
instanceKlass org/codehaus/plexus/archiver/tar/TarBZip2Archiver$$FastClassByGuice$$243821752
instanceKlass org/codehaus/plexus/archiver/tar/TarArchiver$$FastClassByGuice$$243052524
instanceKlass org/codehaus/plexus/archiver/tar/TZstdUnArchiver$$FastClassByGuice$$242139909
instanceKlass org/codehaus/plexus/archiver/tar/TZstdArchiver$$FastClassByGuice$$240812934
instanceKlass org/codehaus/plexus/archiver/tar/TXZUnArchiver$$FastClassByGuice$$239696023
instanceKlass org/codehaus/plexus/archiver/tar/TXZArchiver$$FastClassByGuice$$238335498
instanceKlass org/codehaus/plexus/archiver/tar/TGZUnArchiver$$FastClassByGuice$$237806567
instanceKlass org/codehaus/plexus/archiver/tar/TGZArchiver$$FastClassByGuice$$236248238
instanceKlass org/codehaus/plexus/archiver/tar/TBZ2UnArchiver$$FastClassByGuice$$235152817
instanceKlass org/codehaus/plexus/archiver/tar/TBZ2Archiver$$FastClassByGuice$$234054785
instanceKlass org/codehaus/plexus/archiver/tar/PlexusIoTarZstdFileResourceCollection$$FastClassByGuice$$233078256
instanceKlass org/codehaus/plexus/archiver/tar/PlexusIoTarXZFileResourceCollection$$FastClassByGuice$$231823485
instanceKlass org/codehaus/plexus/archiver/tar/PlexusIoTarSnappyFileResourceCollection$$FastClassByGuice$$231046929
instanceKlass org/codehaus/plexus/archiver/tar/PlexusIoTarGZipFileResourceCollection$$FastClassByGuice$$230494342
instanceKlass org/codehaus/plexus/archiver/tar/PlexusIoTarFileResourceCollection$$FastClassByGuice$$229510278
instanceKlass org/codehaus/plexus/archiver/tar/PlexusIoTarBZip2FileResourceCollection$$FastClassByGuice$$228101665
instanceKlass org/codehaus/plexus/archiver/tar/PlexusIoTZstdFileResourceCollection$$FastClassByGuice$$226621694
instanceKlass org/codehaus/plexus/archiver/tar/PlexusIoTXZFileResourceCollection$$FastClassByGuice$$226103519
instanceKlass org/codehaus/plexus/archiver/tar/PlexusIoTGZFileResourceCollection$$FastClassByGuice$$224709494
instanceKlass org/codehaus/plexus/archiver/tar/PlexusIoTBZ2FileResourceCollection$$FastClassByGuice$$224258175
instanceKlass org/codehaus/plexus/archiver/swc/SwcUnArchiver$$FastClassByGuice$$222877550
instanceKlass org/codehaus/plexus/archiver/swc/PlexusIoSwcFileResourceCollection$$FastClassByGuice$$221665921
instanceKlass org/codehaus/plexus/archiver/snappy/SnappyUnArchiver$$FastClassByGuice$$220910417
instanceKlass org/codehaus/plexus/archiver/snappy/SnappyArchiver$$FastClassByGuice$$219168750
instanceKlass org/codehaus/plexus/archiver/snappy/PlexusIoSnappyResourceCollection$$FastClassByGuice$$218762645
instanceKlass org/codehaus/plexus/archiver/sar/SarUnArchiver$$FastClassByGuice$$217448202
instanceKlass org/codehaus/plexus/archiver/sar/PlexusIoSarFileResourceCollection$$FastClassByGuice$$216741537
instanceKlass org/codehaus/plexus/archiver/rar/RarUnArchiver$$FastClassByGuice$$215625235
instanceKlass org/codehaus/plexus/archiver/rar/RarArchiver$$FastClassByGuice$$214817763
instanceKlass org/codehaus/plexus/archiver/rar/PlexusIoRarFileResourceCollection$$FastClassByGuice$$213135995
instanceKlass org/codehaus/plexus/archiver/par/PlexusIoJarFileResourceCollection$$FastClassByGuice$$212778596
instanceKlass org/codehaus/plexus/archiver/par/ParUnArchiver$$FastClassByGuice$$211597155
instanceKlass org/codehaus/plexus/archiver/nar/PlexusIoNarFileResourceCollection$$FastClassByGuice$$210376963
instanceKlass org/codehaus/plexus/archiver/nar/NarUnArchiver$$FastClassByGuice$$209062686
instanceKlass org/codehaus/plexus/archiver/manager/DefaultArchiverManager$$FastClassByGuice$$208196629
instanceKlass org/codehaus/plexus/archiver/jar/PlexusIoJarFileResourceCollection$$FastClassByGuice$$207034349
instanceKlass org/codehaus/plexus/archiver/jar/JarUnArchiver$$FastClassByGuice$$206240407
instanceKlass org/codehaus/plexus/archiver/jar/JarToolModularJarArchiver$$FastClassByGuice$$205321623
instanceKlass org/codehaus/plexus/archiver/jar/JarArchiver$$FastClassByGuice$$203811795
instanceKlass org/codehaus/plexus/archiver/gzip/PlexusIoGzipResourceCollection$$FastClassByGuice$$202872307
instanceKlass org/codehaus/plexus/archiver/gzip/PlexusIoGzResourceCollection$$FastClassByGuice$$201810832
instanceKlass org/codehaus/plexus/archiver/gzip/GZipUnArchiver$$FastClassByGuice$$200832806
instanceKlass org/codehaus/plexus/archiver/gzip/GZipArchiver$$FastClassByGuice$$199434097
instanceKlass org/codehaus/plexus/archiver/filters/JarSecurityFileSelector$$FastClassByGuice$$198681445
instanceKlass org/codehaus/plexus/archiver/esb/PlexusIoEsbFileResourceCollection$$FastClassByGuice$$197359931
instanceKlass org/codehaus/plexus/archiver/esb/EsbUnArchiver$$FastClassByGuice$$197115057
instanceKlass org/codehaus/plexus/archiver/ear/PlexusIoEarFileResourceCollection$$FastClassByGuice$$195662915
instanceKlass org/codehaus/plexus/archiver/ear/EarUnArchiver$$FastClassByGuice$$194331275
instanceKlass org/codehaus/plexus/archiver/ear/EarArchiver$$FastClassByGuice$$193608413
instanceKlass org/codehaus/plexus/archiver/dir/DirectoryArchiver$$FastClassByGuice$$192839982
instanceKlass org/codehaus/plexus/archiver/car/PlexusIoCarFileResourceCollection$$FastClassByGuice$$191824856
instanceKlass org/codehaus/plexus/archiver/car/CarUnArchiver$$FastClassByGuice$$190555320
instanceKlass org/codehaus/plexus/archiver/bzip2/PlexusIoBzip2ResourceCollection$$FastClassByGuice$$189110051
instanceKlass org/codehaus/plexus/archiver/bzip2/PlexusIoBz2ResourceCollection$$FastClassByGuice$$188295927
instanceKlass org/codehaus/plexus/archiver/bzip2/BZip2UnArchiver$$FastClassByGuice$$187324488
instanceKlass org/codehaus/plexus/archiver/bzip2/BZip2Archiver$$FastClassByGuice$$185808827
instanceKlass org/eclipse/aether/transport/http/XChecksumChecksumExtractor$$FastClassByGuice$$184647224
instanceKlass org/eclipse/aether/transport/http/Nexus2ChecksumExtractor$$FastClassByGuice$$184388058
instanceKlass org/eclipse/aether/transport/http/HttpTransporterFactory$$FastClassByGuice$$182861168
instanceKlass org/eclipse/aether/transport/file/FileTransporterFactory$$FastClassByGuice$$182061397
instanceKlass org/eclipse/aether/transport/wagon/WagonTransporterFactory$$FastClassByGuice$$181330382
instanceKlass org/eclipse/aether/internal/transport/wagon/PlexusWagonProvider$$FastClassByGuice$$180015178
instanceKlass org/eclipse/aether/internal/transport/wagon/PlexusWagonConfigurator$$FastClassByGuice$$179215015
instanceKlass org/eclipse/aether/named/providers/NoopNamedLockFactory$$FastClassByGuice$$178160146
instanceKlass org/eclipse/aether/named/providers/LocalSemaphoreNamedLockFactory$$FastClassByGuice$$176213430
instanceKlass org/eclipse/aether/named/providers/LocalReadWriteLockNamedLockFactory$$FastClassByGuice$$175386997
instanceKlass org/eclipse/aether/named/providers/FileLockNamedLockFactory$$FastClassByGuice$$174395266
instanceKlass org/sonatype/plexus/components/cipher/DefaultPlexusCipher$$FastClassByGuice$$173708566
instanceKlass org/sonatype/plexus/components/sec/dispatcher/DefaultSecDispatcher$$FastClassByGuice$$172219002
instanceKlass org/eclipse/sisu/EagerSingleton
instanceKlass org/eclipse/sisu/wire/BeanProviders$2
instanceKlass com/google/inject/internal/Messages$Converter
instanceKlass com/google/inject/internal/Messages
instanceKlass javax/annotation/Nullable
instanceKlass org/codehaus/plexus/util/MatchPatterns
instanceKlass org/codehaus/plexus/archiver/tar/TarArchiver$TarOptions
instanceKlass org/codehaus/plexus/archiver/tar/TarFile
instanceKlass org/codehaus/plexus/archiver/ArchiveFile
instanceKlass org/apache/commons/compress/parallel/InputStreamSupplier
instanceKlass org/apache/commons/compress/archivers/zip/ZipArchiveOutputStream$UnicodeExtraFieldPolicy
instanceKlass org/codehaus/plexus/archiver/zip/ConcurrentJarCreator
instanceKlass org/codehaus/plexus/archiver/zip/AddedDirs
instanceKlass org/codehaus/plexus/components/io/functions/PlexusIoResourceConsumer
instanceKlass org/apache/commons/compress/archivers/EntryStreamOffsets
instanceKlass org/apache/commons/compress/archivers/ArchiveEntry
instanceKlass org/apache/commons/compress/archivers/zip/ZipFile
instanceKlass javax/annotation/WillNotClose
instanceKlass org/codehaus/plexus/components/io/functions/InputStreamTransformer
instanceKlass org/codehaus/plexus/components/io/resources/Stream
instanceKlass org/apache/commons/compress/utils/InputStreamStatistics
instanceKlass org/apache/commons/compress/compressors/bzip2/BZip2Constants
instanceKlass org/codehaus/plexus/archiver/util/Compressor
instanceKlass javax/annotation/meta/TypeQualifier
instanceKlass javax/annotation/Nonnull
instanceKlass org/codehaus/plexus/archiver/FileSet
instanceKlass org/codehaus/plexus/archiver/ArchivedFileSet
instanceKlass org/codehaus/plexus/archiver/BaseFileSet
instanceKlass org/codehaus/plexus/archiver/ArchiveEntry
instanceKlass org/codehaus/plexus/components/io/resources/PlexusIoResource
instanceKlass org/codehaus/plexus/components/io/functions/ContentSupplier
instanceKlass org/codehaus/plexus/components/io/functions/SizeSupplier
instanceKlass org/codehaus/plexus/components/io/fileselectors/FileInfo
instanceKlass org/codehaus/plexus/components/io/functions/NameSupplier
instanceKlass org/codehaus/plexus/archiver/AbstractArchiver$AddedResourceCollection
instanceKlass org/codehaus/plexus/archiver/ArchiveFinalizer
instanceKlass org/codehaus/plexus/components/io/attributes/PlexusIoResourceAttributes
instanceKlass org/codehaus/plexus/archiver/ResourceIterator
instanceKlass org/eclipse/aether/named/support/AdaptedSemaphoreNamedLock$AdaptedSemaphore
instanceKlass org/eclipse/aether/named/support/NamedLockFactorySupport$NamedLockHolder
instanceKlass org/eclipse/aether/named/support/NamedLockSupport
instanceKlass org/eclipse/aether/named/NamedLock
instanceKlass org/sonatype/plexus/components/cipher/PBECipher
instanceKlass org/sonatype/plexus/components/sec/dispatcher/PasswordDecryptor
instanceKlass org/sonatype/plexus/components/sec/dispatcher/model/SettingsSecurity
instanceKlass org/apache/http/impl/conn/PoolingHttpClientConnectionManager
instanceKlass org/apache/http/pool/ConnPoolControl
instanceKlass org/apache/http/config/Registry
instanceKlass org/apache/http/client/methods/CloseableHttpResponse
instanceKlass org/apache/http/HttpResponse
instanceKlass org/apache/maven/wagon/shared/http/BasicAuthScope
instanceKlass org/apache/maven/wagon/shared/http/HttpConfiguration
instanceKlass org/apache/http/impl/client/CloseableHttpClient
instanceKlass org/apache/http/client/HttpClient
instanceKlass org/apache/http/client/RedirectStrategy
instanceKlass org/apache/http/config/Lookup
instanceKlass org/apache/http/client/HttpRequestRetryHandler
instanceKlass org/apache/http/conn/ssl/TrustStrategy
instanceKlass org/apache/http/ssl/TrustStrategy
instanceKlass org/apache/http/Header
instanceKlass org/apache/http/NameValuePair
instanceKlass org/apache/http/client/ServiceUnavailableRetryStrategy
instanceKlass org/apache/http/auth/Credentials
instanceKlass org/apache/http/client/AuthCache
instanceKlass org/apache/http/client/CredentialsProvider
instanceKlass org/apache/http/protocol/HttpContext
instanceKlass org/apache/http/HttpEntity
instanceKlass org/apache/http/client/methods/HttpUriRequest
instanceKlass org/apache/http/HttpRequest
instanceKlass org/apache/http/HttpMessage
instanceKlass org/apache/http/auth/AuthScheme
instanceKlass org/apache/http/conn/HttpClientConnectionManager
instanceKlass org/mule/tools/maven/mojo/model/lifecycle/mapping/project/DomainBundleLifecycleMapping
instanceKlass org/mule/tools/maven/mojo/model/lifecycle/mapping/version/LifecycleMappingMavenVersionless
instanceKlass org/mule/tools/maven/mojo/model/lifecycle/mapping/project/MuleLifecycleMapping
instanceKlass org/mule/tools/maven/mojo/model/lifecycle/mapping/project/ProjectLifecycleMapping
instanceKlass org/mule/tools/api/packager/resources/generator/ResourcesContentGenerator
instanceKlass org/mule/tools/api/packager/AbstractProjectFoldersGenerator
instanceKlass org/mule/tools/api/packager/builder/PackageBuilder
instanceKlass org/mule/tools/api/packager/packaging/PackagingOptions
instanceKlass org/mule/tools/maven/mojo/ast/AstHandler
instanceKlass org/mule/tools/deployment/Deployer
instanceKlass org/mule/tools/model/anypoint/MavenResolverMetadata
instanceKlass org/mule/tools/utils/DeployerLog
instanceKlass org/mule/tools/api/classloader/model/ArtifactCoordinates
instanceKlass org/mule/tools/api/validation/DependencyValidator
instanceKlass org/mule/tools/maven/utils/MuleApplicationModelLoader
instanceKlass org/mule/runtime/api/deployment/meta/AbstractMuleArtifactModel
instanceKlass org/mule/tools/api/validation/resolver/MulePluginResolver
instanceKlass org/mule/tools/api/util/Project
instanceKlass org/mule/tools/api/packager/resources/content/ResourcesContent
instanceKlass org/mule/tools/api/packager/sources/ContentGenerator
instanceKlass org/mule/tools/api/util/ProjectBuilder
instanceKlass org/mule/tools/api/verifier/ProjectVerifier
instanceKlass org/mule/tools/api/validation/project/AbstractProjectValidator
instanceKlass org/mule/tools/model/Deployment
instanceKlass org/mule/tools/api/packager/ProjectInformation
instanceKlass org/mule/maven/client/api/MavenClient
instanceKlass org/mule/tools/api/util/PackagerLog
instanceKlass org/codehaus/plexus/components/io/fileselectors/IncludeExcludeFileSelector
instanceKlass org/codehaus/plexus/components/io/fileselectors/AllFilesFileSelector
instanceKlass org/codehaus/plexus/components/io/filemappers/AbstractFileMapper
instanceKlass org/codehaus/plexus/components/io/filemappers/FileMapper
instanceKlass org/codehaus/plexus/archiver/manager/DefaultArchiverManager
instanceKlass org/codehaus/plexus/archiver/manager/ArchiverManager
instanceKlass org/codehaus/plexus/archiver/filters/JarSecurityFileSelector
instanceKlass org/codehaus/plexus/components/io/fileselectors/FileSelector
instanceKlass org/codehaus/plexus/components/io/resources/AbstractPlexusIoResourceCollection
instanceKlass org/codehaus/plexus/components/io/resources/EncodingSupported
instanceKlass org/codehaus/plexus/components/io/resources/PlexusIoCompressedFileResourceCollection
instanceKlass org/codehaus/plexus/components/io/resources/PlexusIoArchivedResourceCollection
instanceKlass org/codehaus/plexus/components/io/resources/PlexusIoResourceCollection
instanceKlass org/codehaus/plexus/archiver/AbstractUnArchiver
instanceKlass org/codehaus/plexus/archiver/UnArchiver
instanceKlass org/codehaus/plexus/archiver/AbstractArchiver
instanceKlass org/codehaus/plexus/archiver/FinalizerEnabled
instanceKlass org/codehaus/plexus/archiver/Archiver
instanceKlass org/eclipse/aether/transport/http/ChecksumExtractor
instanceKlass org/eclipse/aether/transport/http/HttpTransporterFactory
instanceKlass org/eclipse/aether/transport/file/FileTransporterFactory
instanceKlass org/eclipse/aether/transport/wagon/WagonTransporterFactory
instanceKlass org/eclipse/aether/internal/transport/wagon/PlexusWagonProvider
instanceKlass org/eclipse/aether/transport/wagon/WagonProvider
instanceKlass org/eclipse/aether/internal/transport/wagon/PlexusWagonConfigurator
instanceKlass org/eclipse/aether/transport/wagon/WagonConfigurator
instanceKlass org/eclipse/aether/named/support/NamedLockFactorySupport
instanceKlass org/eclipse/aether/named/NamedLockFactory
instanceKlass org/eclipse/sisu/Typed
instanceKlass org/sonatype/plexus/components/cipher/DefaultPlexusCipher
instanceKlass org/sonatype/plexus/components/cipher/PlexusCipher
instanceKlass org/sonatype/plexus/components/sec/dispatcher/DefaultSecDispatcher
instanceKlass org/sonatype/plexus/components/sec/dispatcher/SecDispatcher
instanceKlass org/mule/maven/client/internal/repository/MavenMuleRepositorySystemManager
instanceKlass org/mule/maven/client/internal/repository/MuleRepositorySystemManager
instanceKlass java/security/CodeSigner
instanceKlass java/util/jar/JarVerifier
instanceKlass org/eclipse/sisu/space/FileEntryIterator
instanceKlass org/eclipse/sisu/space/ResourceEnumeration
instanceKlass org/eclipse/sisu/plexus/ComponentDescriptorBeanModule$PlexusDescriptorBeanSource
instanceKlass org/eclipse/sisu/plexus/ComponentDescriptorBeanModule$ComponentMetadata
instanceKlass org/apache/maven/plugin/AbstractMojo
instanceKlass org/apache/maven/plugin/ContextEnabled
instanceKlass org/apache/maven/plugin/Mojo
instanceKlass org/eclipse/sisu/plexus/ComponentDescriptorBeanModule
instanceKlass org/apache/maven/plugin/MavenPluginValidator
instanceKlass java/io/RandomAccessFile$1
instanceKlass org/codehaus/plexus/component/repository/ComponentDependency
instanceKlass org/codehaus/plexus/component/repository/ComponentRequirement
instanceKlass org/codehaus/plexus/configuration/DefaultPlexusConfiguration
instanceKlass org/apache/maven/classrealm/ArtifactClassRealmConstituent
instanceKlass org/apache/maven/plugin/DefaultExtensionRealmCache$CacheKey
instanceKlass org/eclipse/aether/util/graph/visitor/TreeDependencyVisitor
instanceKlass org/eclipse/aether/util/graph/visitor/FilteringDependencyVisitor
instanceKlass org/eclipse/aether/internal/impl/ArtifactRequestBuilder
instanceKlass org/eclipse/aether/util/graph/transformer/ConflictResolver$NodeInfo
instanceKlass org/eclipse/aether/util/artifact/ArtifactIdUtils
instanceKlass org/eclipse/aether/util/graph/transformer/NearestVersionSelector$ConflictGroup
instanceKlass org/eclipse/aether/util/graph/transformer/ConflictResolver$ConflictItem
instanceKlass org/eclipse/aether/util/graph/transformer/ConflictResolver$ScopeContext
instanceKlass org/eclipse/aether/util/graph/transformer/ConflictResolver$ConflictContext
instanceKlass org/eclipse/aether/util/graph/transformer/ConflictResolver$State
instanceKlass org/eclipse/aether/util/graph/transformer/ConflictIdSorter$RootQueue
instanceKlass org/eclipse/aether/util/graph/transformer/ConflictIdSorter$ConflictId
instanceKlass org/eclipse/aether/util/graph/transformer/ConflictMarker$ConflictGroup
instanceKlass org/eclipse/aether/util/graph/transformer/ConflictMarker$Key
instanceKlass org/eclipse/aether/util/graph/transformer/ConflictMarker
instanceKlass org/eclipse/aether/util/graph/transformer/ConflictIdSorter
instanceKlass org/eclipse/aether/util/graph/transformer/TransformationContextKeys
instanceKlass org/eclipse/aether/internal/impl/collect/DefaultDependencyGraphTransformationContext
instanceKlass java/util/function/UnaryOperator
instanceKlass org/apache/maven/model/merge/ModelMerger$1
instanceKlass org/apache/maven/model/merge/ModelMerger$NotifierKeyComputer
instanceKlass org/apache/maven/model/Notifier
instanceKlass org/eclipse/aether/util/graph/selector/ExclusionDependencySelector$ExclusionComparator
instanceKlass org/eclipse/aether/collection/DependencyManagement
instanceKlass org/apache/maven/model/Site
instanceKlass org/eclipse/aether/internal/impl/collect/DataPool$GraphKey
instanceKlass org/eclipse/aether/internal/impl/collect/DefaultDependencyCycle
instanceKlass org/eclipse/aether/internal/impl/collect/DataPool$Descriptor
instanceKlass org/apache/maven/artifact/handler/DefaultArtifactHandler$__sisu12$$FastClassByGuice$$171119666
instanceKlass org/apache/maven/artifact/handler/DefaultArtifactHandler$$FastClassByGuice$$170624056
instanceKlass org/eclipse/aether/internal/impl/collect/DataPool$DescriptorKey
instanceKlass org/eclipse/aether/internal/impl/collect/DataPool$Constraint$VersionRepo
instanceKlass org/eclipse/aether/internal/impl/collect/DataPool$Constraint
instanceKlass org/eclipse/aether/internal/impl/collect/DataPool$ConstraintKey
instanceKlass org/eclipse/aether/internal/impl/collect/CollectStepDataImpl
instanceKlass org/eclipse/aether/collection/CollectStepData
instanceKlass org/eclipse/aether/graph/Dependency$Exclusions$1
instanceKlass org/eclipse/aether/util/graph/manager/ClassicDependencyManager$Key
instanceKlass org/eclipse/aether/internal/impl/collect/df/NodeStack
instanceKlass org/eclipse/aether/graph/DependencyCycle
instanceKlass org/eclipse/aether/internal/impl/collect/DataPool$HardInternPool
instanceKlass org/eclipse/aether/internal/impl/collect/DataPool$WeakInternPool
instanceKlass org/eclipse/aether/internal/impl/collect/DataPool$InternPool
instanceKlass org/apache/maven/artifact/handler/DefaultArtifactHandler$__sisu9$$FastClassByGuice$$169161959
instanceKlass java/util/stream/Streams$RangeIntSpliterator
instanceKlass java/util/Formattable
instanceKlass java/util/Formatter$Flags
instanceKlass java/util/Formatter$FormatSpecifier
instanceKlass java/util/Formatter$Conversion
instanceKlass java/util/Formatter$FixedString
instanceKlass java/util/Formatter$FormatString
instanceKlass java/util/Formatter
instanceKlass org/apache/maven/repository/internal/DefaultModelCache$Key
instanceKlass org/apache/maven/model/building/ModelCacheTag$2
instanceKlass org/apache/maven/model/building/ModelCacheTag$1
instanceKlass org/apache/maven/model/Exclusion
instanceKlass org/apache/maven/model/io/xpp3/MavenXpp3Reader$1
instanceKlass org/apache/maven/model/io/xpp3/MavenXpp3Reader$ContentTransformer
instanceKlass org/apache/maven/model/io/xpp3/MavenXpp3Reader
instanceKlass org/apache/maven/repository/internal/DefaultModelResolver
instanceKlass java/util/AbstractMap$2$1
instanceKlass java/nio/channels/spi/AbstractInterruptibleChannel$1
instanceKlass sun/nio/ch/Interruptible
instanceKlass sun/nio/ch/FileKey
instanceKlass sun/nio/ch/FileLockTable
instanceKlass sun/nio/fs/WindowsChannelFactory$2
instanceKlass sun/nio/fs/WindowsFileSystemProvider$1
instanceKlass org/eclipse/aether/repository/LocalArtifactRequest
instanceKlass org/eclipse/aether/internal/impl/DefaultRepositoryEventDispatcher$1
instanceKlass org/eclipse/aether/RepositoryEvent$Builder
instanceKlass org/eclipse/aether/internal/impl/filter/PrefixesRemoteRepositoryFilterSource$1
instanceKlass org/eclipse/aether/internal/impl/filter/RemoteRepositoryFilterSourceSupport$SimpleResult
instanceKlass org/eclipse/aether/named/support/Retry$DoNotRetry
instanceKlass java/lang/invoke/MethodHandle$1
instanceKlass org/eclipse/aether/internal/impl/synccontext/named/NamedLockFactoryAdapter$AdaptedLockSyncContext
instanceKlass org/eclipse/aether/internal/impl/synccontext/named/GAVNameMapper
instanceKlass org/eclipse/aether/internal/impl/synccontext/named/NameMappers
instanceKlass org/apache/maven/repository/internal/DefaultVersionResolver$Key
instanceKlass org/eclipse/aether/util/version/GenericVersion$Item
instanceKlass org/eclipse/aether/util/version/GenericVersion$Tokenizer
instanceKlass org/eclipse/aether/util/version/GenericVersion
instanceKlass org/eclipse/aether/util/version/GenericVersionConstraint
instanceKlass org/eclipse/aether/version/VersionRange
instanceKlass org/eclipse/aether/version/VersionConstraint
instanceKlass org/eclipse/aether/util/version/GenericVersionScheme
instanceKlass org/eclipse/aether/internal/impl/collect/CachingArtifactTypeRegistry
instanceKlass org/eclipse/sisu/wire/NamedIterableAdapter$NamedEntry
instanceKlass org/eclipse/sisu/wire/NamedIterableAdapter$NamedIterator
instanceKlass org/apache/maven/plugin/internal/WagonExcluder
instanceKlass org/eclipse/aether/util/filter/AndDependencyFilter
instanceKlass org/eclipse/aether/util/filter/ScopeDependencyFilter
instanceKlass org/eclipse/aether/artifact/AbstractArtifact
instanceKlass org/apache/maven/plugin/CacheUtils
instanceKlass org/apache/maven/plugin/DefaultPluginArtifactsCache$CacheKey
instanceKlass org/apache/maven/model/building/DefaultModelBuildingEvent
instanceKlass org/apache/maven/model/building/ModelBuildingEventCatapult$1
instanceKlass org/apache/maven/project/ReactorModelPool$CacheKey
instanceKlass org/apache/maven/project/DefaultProjectBuilder$InterimResult
instanceKlass org/apache/maven/artifact/handler/DefaultArtifactHandler$__sisu13$$FastClassByGuice$$168670599
instanceKlass org/apache/maven/artifact/versioning/Restriction
instanceKlass org/apache/maven/artifact/ArtifactUtils
instanceKlass org/apache/maven/artifact/DefaultArtifact
instanceKlass org/apache/maven/artifact/versioning/ComparableVersion$StringItem
instanceKlass org/apache/maven/artifact/versioning/ComparableVersion$IntItem
instanceKlass org/apache/maven/artifact/versioning/ComparableVersion$Item
instanceKlass org/apache/maven/artifact/versioning/ComparableVersion
instanceKlass org/apache/maven/artifact/versioning/DefaultArtifactVersion
instanceKlass org/apache/maven/model/Extension
instanceKlass org/codehaus/plexus/interpolation/util/StringUtils
instanceKlass org/apache/maven/model/DistributionManagement
instanceKlass org/apache/maven/model/DependencyManagement
instanceKlass org/apache/maven/model/IssueManagement
instanceKlass org/apache/maven/model/Organization
instanceKlass org/apache/maven/model/CiManagement
instanceKlass org/apache/maven/model/Scm
instanceKlass org/apache/maven/model/License
instanceKlass org/apache/maven/model/MailingList
instanceKlass org/apache/maven/model/Prerequisites
instanceKlass org/apache/maven/model/Parent
instanceKlass org/codehaus/plexus/interpolation/reflection/MethodMap
instanceKlass org/codehaus/plexus/interpolation/reflection/ClassMap$CacheMiss
instanceKlass org/codehaus/plexus/interpolation/reflection/ClassMap
instanceKlass org/codehaus/plexus/interpolation/reflection/ReflectionValueExtractor$Tokenizer
instanceKlass org/codehaus/plexus/interpolation/reflection/ReflectionValueExtractor
instanceKlass org/codehaus/plexus/interpolation/util/ValueSourceUtils
instanceKlass org/apache/maven/model/interpolation/StringVisitorModelInterpolator$ModelVisitor
instanceKlass org/apache/maven/model/interpolation/StringVisitorModelInterpolator$1
instanceKlass org/codehaus/plexus/interpolation/PrefixAwareRecursionInterceptor
instanceKlass org/apache/maven/model/interpolation/UrlNormalizingPostProcessor
instanceKlass org/apache/maven/model/interpolation/PathTranslatingPostProcessor
instanceKlass java/text/DontCareFieldPosition$1
instanceKlass java/text/Format$FieldDelegate
instanceKlass sun/util/resources/Bundles$2
instanceKlass sun/util/resources/LocaleData$LocaleDataResourceBundleProvider
instanceKlass java/util/spi/ResourceBundleProvider
instanceKlass org/apache/maven/model/interpolation/MavenBuildTimestamp
instanceKlass org/apache/maven/model/interpolation/ProblemDetectingValueSource
instanceKlass org/codehaus/plexus/interpolation/PrefixedValueSourceWrapper
instanceKlass org/codehaus/plexus/interpolation/FeedbackEnabledValueSource
instanceKlass org/codehaus/plexus/interpolation/AbstractDelegatingValueSource
instanceKlass org/codehaus/plexus/interpolation/QueryEnabledValueSource
instanceKlass org/apache/maven/model/merge/ModelMerger$ExtensionKeyComputer
instanceKlass org/apache/maven/model/merge/ModelMerger$ResourceKeyComputer
instanceKlass org/apache/maven/model/merge/ModelMerger$SourceDominant
instanceKlass org/apache/maven/model/merge/ModelMerger$DependencyKeyComputer
instanceKlass org/apache/maven/model/building/DefaultModelBuilder$InterpolateString
instanceKlass org/apache/maven/model/building/DefaultModelBuilder$1Interpolation
instanceKlass org/apache/maven/repository/internal/ArtifactDescriptorUtils
instanceKlass java/util/Spliterators$IteratorSpliterator
instanceKlass org/apache/maven/model/building/ModelProblemUtils
instanceKlass org/apache/maven/model/io/xpp3/MavenXpp3ReaderEx$Xpp3DomBuilderInputLocationBuilder
instanceKlass org/apache/maven/model/io/xpp3/MavenXpp3ReaderEx$1
instanceKlass org/codehaus/plexus/util/xml/Xpp3DomBuilder$InputLocationBuilder
instanceKlass org/apache/maven/model/io/xpp3/MavenXpp3ReaderEx$ContentTransformer
instanceKlass org/apache/maven/model/io/xpp3/MavenXpp3ReaderEx
instanceKlass org/apache/maven/model/building/ModelSource2
instanceKlass org/apache/maven/model/building/DefaultModelBuildingResult
instanceKlass org/apache/maven/model/building/AbstractModelBuildingListener
instanceKlass org/apache/maven/project/ProjectModelResolver
instanceKlass org/apache/maven/model/building/DefaultModelBuildingRequest
instanceKlass org/apache/maven/artifact/repository/LegacyLocalRepositoryManager
instanceKlass org/apache/maven/repository/internal/DefaultModelCache
instanceKlass org/apache/maven/project/DefaultProjectBuildingRequest
instanceKlass org/apache/maven/shared/utils/logging/AnsiMessageBuilder
instanceKlass org/apache/maven/lifecycle/internal/DefaultExecutionEventCatapult$1
instanceKlass org/apache/maven/lifecycle/internal/DefaultExecutionEvent
instanceKlass org/apache/maven/AbstractMavenLifecycleParticipant
instanceKlass java/util/concurrent/atomic/AtomicReference
instanceKlass org/apache/maven/session/scope/internal/SessionScope$CachingProvider
instanceKlass org/apache/maven/settings/RuntimeInfo
instanceKlass org/eclipse/aether/internal/impl/LocalPathPrefixComposerFactorySupport$LocalPathPrefixComposerSupport
instanceKlass org/eclipse/aether/internal/impl/SimpleLocalRepositoryManager
instanceKlass java/util/ArrayList$SubList$1
instanceKlass org/eclipse/aether/internal/impl/PrioritizedComponent
instanceKlass org/eclipse/sisu/wire/EntrySetAdapter$ValueIterator
instanceKlass org/eclipse/aether/internal/impl/PrioritizedComponents
instanceKlass org/eclipse/aether/repository/RemoteRepository$Builder
instanceKlass java/net/spi/URLStreamHandlerProvider
instanceKlass java/net/URL$1
instanceKlass java/net/URL$2
instanceKlass org/eclipse/aether/util/ConfigUtils
instanceKlass org/eclipse/aether/AbstractRepositoryListener
instanceKlass org/eclipse/aether/util/repository/ChainedAuthentication
instanceKlass org/eclipse/aether/util/repository/SecretAuthentication
instanceKlass org/eclipse/aether/util/repository/StringAuthentication
instanceKlass org/eclipse/aether/repository/Authentication
instanceKlass org/eclipse/aether/util/repository/AuthenticationBuilder
instanceKlass org/eclipse/aether/util/repository/DefaultAuthenticationSelector
instanceKlass org/eclipse/aether/util/repository/DefaultProxySelector
instanceKlass org/eclipse/aether/util/repository/DefaultMirrorSelector$MirrorDef
instanceKlass org/eclipse/aether/util/repository/DefaultMirrorSelector
instanceKlass org/apache/maven/settings/crypto/DefaultSettingsDecryptionResult
instanceKlass java/util/regex/Pattern$1
instanceKlass org/apache/maven/settings/crypto/DefaultSettingsDecryptionRequest
instanceKlass org/apache/maven/RepositoryUtils$MavenArtifactTypeRegistry
instanceKlass org/apache/maven/RepositoryUtils
instanceKlass org/eclipse/aether/util/repository/SimpleResolutionErrorPolicy
instanceKlass org/eclipse/aether/util/repository/SimpleArtifactDescriptorPolicy
instanceKlass org/eclipse/aether/artifact/DefaultArtifactType
instanceKlass org/eclipse/aether/util/artifact/SimpleArtifactTypeRegistry
instanceKlass org/eclipse/aether/util/graph/transformer/JavaDependencyContextRefiner
instanceKlass org/eclipse/aether/util/graph/transformer/ChainedDependencyGraphTransformer
instanceKlass org/eclipse/aether/util/graph/transformer/ConflictResolver
instanceKlass org/eclipse/aether/graph/Exclusion
instanceKlass org/eclipse/aether/util/graph/selector/ExclusionDependencySelector
instanceKlass org/eclipse/aether/util/graph/selector/OptionalDependencySelector
instanceKlass org/eclipse/aether/util/graph/selector/ScopeDependencySelector
instanceKlass org/eclipse/aether/util/graph/selector/AndDependencySelector
instanceKlass org/eclipse/aether/util/graph/manager/ClassicDependencyManager
instanceKlass org/eclipse/aether/util/graph/traverser/FatArtifactTraverser
instanceKlass org/eclipse/aether/DefaultSessionData
instanceKlass org/eclipse/aether/DefaultRepositorySystemSession$NullFileTransformerManager
instanceKlass org/eclipse/aether/transform/FileTransformerManager
instanceKlass org/eclipse/aether/DefaultRepositorySystemSession$NullArtifactTypeRegistry
instanceKlass org/eclipse/aether/DefaultRepositorySystemSession$NullAuthenticationSelector
instanceKlass org/eclipse/aether/DefaultRepositorySystemSession$NullProxySelector
instanceKlass org/eclipse/aether/DefaultRepositorySystemSession$NullMirrorSelector
instanceKlass org/eclipse/aether/SessionData
instanceKlass org/eclipse/aether/artifact/ArtifactTypeRegistry
instanceKlass org/eclipse/aether/collection/DependencyGraphTransformer
instanceKlass org/eclipse/aether/util/graph/transformer/ConflictResolver$VersionSelector
instanceKlass org/eclipse/aether/util/graph/transformer/ConflictResolver$ScopeSelector
instanceKlass org/eclipse/aether/util/graph/transformer/ConflictResolver$OptionalitySelector
instanceKlass org/eclipse/aether/util/graph/transformer/ConflictResolver$ScopeDeriver
instanceKlass org/apache/maven/repository/internal/MavenRepositorySystemUtils
instanceKlass org/apache/maven/execution/DefaultMavenExecutionResult
instanceKlass org/apache/maven/artifact/repository/MavenArtifactRepository
instanceKlass org/apache/maven/artifact/repository/layout/ArtifactRepositoryLayout2
instanceKlass org/apache/maven/artifact/repository/layout/DefaultRepositoryLayout$$FastClassByGuice$$167093992
instanceKlass java/util/concurrent/ForkJoinPool$WorkQueue
instanceKlass java/util/concurrent/ForkJoinPool$DefaultCommonPoolForkJoinWorkerThreadFactory
instanceKlass java/util/concurrent/ForkJoinPool$1
instanceKlass java/util/concurrent/ForkJoinPool$DefaultForkJoinWorkerThreadFactory
instanceKlass java/util/concurrent/ForkJoinPool$ForkJoinWorkerThreadFactory
instanceKlass org/apache/maven/execution/AbstractExecutionListener
instanceKlass java/util/concurrent/AbstractExecutorService
instanceKlass java/util/concurrent/ExecutorService
instanceKlass java/util/concurrent/locks/AbstractQueuedSynchronizer$Node
instanceKlass java/util/concurrent/ForkJoinPool$ManagedBlocker
instanceKlass org/apache/maven/cli/transfer/SimplexTransferListener$Exchange
instanceKlass org/eclipse/aether/transfer/AbstractTransferListener
instanceKlass org/apache/maven/toolchain/building/DefaultToolchainsBuildingResult
instanceKlass org/apache/maven/toolchain/building/DefaultToolchainsBuilder$1
instanceKlass org/apache/maven/toolchain/model/io/xpp3/MavenToolchainsXpp3Writer
instanceKlass org/apache/maven/toolchain/model/io/xpp3/MavenToolchainsXpp3Reader$1
instanceKlass org/apache/maven/toolchain/model/io/xpp3/MavenToolchainsXpp3Reader$ContentTransformer
instanceKlass org/apache/maven/toolchain/model/io/xpp3/MavenToolchainsXpp3Reader
instanceKlass org/apache/maven/building/DefaultProblemCollector
instanceKlass org/apache/maven/building/ProblemCollectorFactory
instanceKlass org/apache/maven/toolchain/building/DefaultToolchainsBuildingRequest
instanceKlass org/apache/maven/settings/building/DefaultSettingsBuildingResult
instanceKlass org/apache/maven/settings/building/DefaultSettingsBuilder$1
instanceKlass org/codehaus/plexus/interpolation/os/OperatingSystemUtils$DefaultEnvVarSource
instanceKlass org/codehaus/plexus/interpolation/os/OperatingSystemUtils$EnvVarSource
instanceKlass org/codehaus/plexus/interpolation/os/OperatingSystemUtils
instanceKlass org/codehaus/plexus/util/xml/pull/MXSerializer
instanceKlass org/codehaus/plexus/util/xml/pull/XmlSerializer
instanceKlass org/apache/maven/settings/io/xpp3/SettingsXpp3Writer
instanceKlass org/codehaus/plexus/util/xml/pull/EntityReplacementMap
instanceKlass org/apache/maven/settings/io/xpp3/SettingsXpp3Reader$1
instanceKlass org/apache/maven/settings/io/xpp3/SettingsXpp3Reader$ContentTransformer
instanceKlass org/apache/maven/settings/io/xpp3/SettingsXpp3Reader
instanceKlass org/apache/maven/building/FileSource
instanceKlass org/apache/maven/settings/building/DefaultSettingsBuildingRequest
instanceKlass org/apache/maven/cli/ResolveFile
instanceKlass org/apache/maven/graph/DefaultGraphBuilder$$FastClassByGuice$$166391210
instanceKlass sun/security/provider/EntropySource
instanceKlass sun/security/provider/AbstractDrbg
instanceKlass java/security/DrbgParameters$Instantiation
instanceKlass java/security/DrbgParameters
instanceKlass sun/security/provider/MoreDrbgParameters
instanceKlass java/security/SecureRandomSpi
instanceKlass java/security/SecureRandomParameters
instanceKlass jdk/internal/event/Event
instanceKlass sun/security/util/SecurityProviderConstants
instanceKlass java/security/Provider$UString
instanceKlass java/security/Provider$Service
instanceKlass sun/security/provider/NativePRNG$NonBlocking
instanceKlass sun/security/provider/NativePRNG$Blocking
instanceKlass sun/security/provider/NativePRNG
instanceKlass sun/security/provider/SunEntries$1
instanceKlass sun/security/provider/SunEntries
instanceKlass sun/security/util/SecurityConstants
instanceKlass sun/security/jca/ProviderList$2
instanceKlass jdk/internal/math/FloatingDecimal$ASCIIToBinaryBuffer
instanceKlass java/security/Provider$EngineDescription
instanceKlass java/security/Provider$ServiceKey
instanceKlass sun/security/jca/ProviderConfig
instanceKlass sun/security/jca/ProviderList
instanceKlass sun/security/jca/Providers
instanceKlass java/security/Key
instanceKlass java/security/spec/AlgorithmParameterSpec
instanceKlass jdk/internal/math/FDBigInteger
instanceKlass jdk/internal/math/FloatingDecimal$PreparedASCIIToBinaryBuffer
instanceKlass jdk/internal/math/FloatingDecimal$ASCIIToBinaryConverter
instanceKlass jdk/internal/math/FloatingDecimal$BinaryToASCIIBuffer
instanceKlass jdk/internal/math/FloatingDecimal$ExceptionalBinaryToASCIIBuffer
instanceKlass jdk/internal/math/FloatingDecimal$BinaryToASCIIConverter
instanceKlass jdk/internal/math/FloatingDecimal
instanceKlass org/apache/maven/plugin/prefix/internal/DefaultPluginPrefixResolver$$FastClassByGuice$$165389708
instanceKlass org/apache/maven/plugin/CompoundMojoExecutionListener
instanceKlass org/apache/maven/plugin/internal/DefaultLegacySupport$$FastClassByGuice$$164547617
instanceKlass org/apache/maven/plugin/DefaultBuildPluginManager$$FastClassByGuice$$163180820
instanceKlass org/apache/maven/lifecycle/internal/DefaultLifecycleTaskSegmentCalculator$$FastClassByGuice$$161979307
instanceKlass org/apache/maven/lifecycle/internal/DefaultExecutionEventCatapult$$FastClassByGuice$$160908004
instanceKlass org/apache/maven/project/DefaultProjectDependenciesResolver$$FastClassByGuice$$160171858
instanceKlass org/apache/maven/project/RepositorySessionDecorator
instanceKlass org/apache/maven/plugin/DefaultPluginArtifactsCache$$FastClassByGuice$$158947526
instanceKlass com/google/inject/internal/DelegatingInvocationHandler
instanceKlass org/apache/maven/artifact/repository/metadata/io/DefaultMetadataReader$$FastClassByGuice$$157481790
instanceKlass org/apache/maven/plugin/version/internal/DefaultPluginVersionResolver$$FastClassByGuice$$156805569
instanceKlass org/apache/maven/plugin/DefaultExtensionRealmCache$$FastClassByGuice$$155679205
instanceKlass org/apache/maven/rtinfo/internal/DefaultRuntimeInformation$$FastClassByGuice$$154876354
instanceKlass org/eclipse/aether/artifact/ArtifactType
instanceKlass org/eclipse/sisu/wire/NamedIterableAdapter
instanceKlass org/eclipse/aether/internal/impl/DefaultUpdateCheckManager$1
instanceKlass org/apache/maven/plugin/DefaultPluginRealmCache$$FastClassByGuice$$154119783
instanceKlass org/apache/maven/plugin/DefaultPluginDescriptorCache$$FastClassByGuice$$152381860
instanceKlass org/apache/maven/plugin/internal/DefaultMavenPluginManager$$FastClassByGuice$$151420094
instanceKlass org/apache/maven/artifact/handler/manager/DefaultArtifactHandlerManager$$FastClassByGuice$$150378695
instanceKlass org/apache/maven/project/DefaultProjectRealmCache$$FastClassByGuice$$149387656
instanceKlass org/codehaus/plexus/classworlds/realm/Entry
instanceKlass java/util/Random
instanceKlass java/util/random/RandomGenerator
instanceKlass org/eclipse/sisu/inject/Guice4$2
instanceKlass org/apache/maven/project/DefaultProjectBuildingHelper$$FastClassByGuice$$147865786
instanceKlass org/apache/maven/lifecycle/internal/DefaultLifecyclePluginAnalyzer$$FastClassByGuice$$147431886
instanceKlass org/apache/maven/model/plugin/DefaultLifecycleBindingsInjector$$FastClassByGuice$$145813046
instanceKlass org/apache/maven/model/merge/ModelMerger$KeyComputer
instanceKlass org/apache/maven/model/Contributor
instanceKlass org/apache/maven/model/PatternSet
instanceKlass org/apache/maven/model/merge/ModelMerger$Remapping
instanceKlass org/apache/maven/project/DefaultProjectBuilder$$FastClassByGuice$$145117837
instanceKlass org/apache/maven/DefaultMaven$$FastClassByGuice$$143789977
instanceKlass org/apache/maven/cli/event/DefaultEventSpyContext
instanceKlass org/eclipse/sisu/wire/EntryListAdapter$ValueIterator
instanceKlass org/apache/maven/cli/logging/Slf4jLogger
instanceKlass org/eclipse/sisu/inject/LazyBeanEntry$JsrNamed
instanceKlass org/eclipse/sisu/inject/LazyBeanEntry
instanceKlass javax/annotation/Priority
instanceKlass org/eclipse/sisu/inject/Implementations
instanceKlass org/eclipse/sisu/plexus/LazyPlexusBean
instanceKlass org/eclipse/sisu/inject/RankedSequence$Itr
instanceKlass org/eclipse/sisu/inject/RankedBindings$Itr
instanceKlass org/eclipse/sisu/inject/LocatedBeans$Itr
instanceKlass org/eclipse/sisu/plexus/RealmFilteredBeans$FilteredItr
instanceKlass org/eclipse/sisu/plexus/DefaultPlexusBeans$Itr
instanceKlass org/eclipse/sisu/plexus/DefaultPlexusBeans
instanceKlass org/eclipse/sisu/plexus/RealmFilteredBeans
instanceKlass org/eclipse/sisu/inject/BeanCache
instanceKlass org/eclipse/sisu/inject/LocatedBeans
instanceKlass org/eclipse/sisu/inject/MildElements$Indexable
instanceKlass com/google/inject/internal/ProviderInternalFactory$1
instanceKlass com/google/inject/internal/ConstructorInjector$1
instanceKlass org/eclipse/sisu/inject/WatchedBeans
instanceKlass org/eclipse/sisu/inject/MildValues$ValueItr
instanceKlass org/eclipse/sisu/inject/InjectorBindings
instanceKlass com/google/inject/spi/ProvisionListener$ProvisionInvocation
instanceKlass com/google/inject/internal/MembersInjectorImpl$1
instanceKlass com/google/inject/internal/InternalContext
instanceKlass com/google/inject/internal/Initializer$1
instanceKlass com/google/common/collect/AbstractMapBasedMultimap$AsMap$AsMapIterator
instanceKlass com/google/inject/internal/SingleMethodInjector$1
instanceKlass org/codehaus/plexus/DefaultPlexusContainer$$FastClassByGuice$$142650649
instanceKlass com/google/inject/internal/SingleMethodInjector$2
instanceKlass com/google/inject/internal/InjectorImpl$MethodInvoker
instanceKlass com/google/inject/internal/SingleMethodInjector
instanceKlass org/sonatype/plexus/components/sec/dispatcher/DefaultSecDispatcher$$FastClassByGuice$$142551494
instanceKlass org/sonatype/plexus/components/cipher/DefaultPlexusCipher$$FastClassByGuice$$141535085
instanceKlass org/codehaus/plexus/component/configurator/MapOrientedComponentConfigurator$$FastClassByGuice$$139598743
instanceKlass org/codehaus/plexus/component/configurator/BasicComponentConfigurator$$FastClassByGuice$$138578469
instanceKlass org/apache/maven/settings/validation/DefaultSettingsValidator$$FastClassByGuice$$137473474
instanceKlass org/apache/maven/settings/io/DefaultSettingsWriter$$FastClassByGuice$$136862625
instanceKlass org/apache/maven/settings/io/DefaultSettingsReader$$FastClassByGuice$$135605400
instanceKlass org/apache/maven/settings/crypto/DefaultSettingsDecrypter$$FastClassByGuice$$135003644
instanceKlass org/apache/maven/settings/building/DefaultSettingsBuilder$$FastClassByGuice$$134186759
instanceKlass org/eclipse/aether/transport/wagon/WagonTransporterFactory$$FastClassByGuice$$132627073
instanceKlass org/eclipse/aether/internal/transport/wagon/PlexusWagonProvider$$FastClassByGuice$$132049244
instanceKlass org/eclipse/aether/internal/transport/wagon/PlexusWagonConfigurator$$FastClassByGuice$$130659939
instanceKlass org/eclipse/aether/transport/http/XChecksumChecksumExtractor$$FastClassByGuice$$129943090
instanceKlass org/eclipse/aether/transport/http/Nexus2ChecksumExtractor$$FastClassByGuice$$128862112
instanceKlass org/eclipse/aether/transport/http/HttpTransporterFactory$$FastClassByGuice$$127268288
instanceKlass org/eclipse/aether/transport/file/FileTransporterFactory$$FastClassByGuice$$126462531
instanceKlass org/apache/maven/repository/internal/VersionsMetadataGeneratorFactory$$FastClassByGuice$$124888599
instanceKlass org/apache/maven/repository/internal/SnapshotMetadataGeneratorFactory$$FastClassByGuice$$124286567
instanceKlass org/apache/maven/repository/internal/PluginsMetadataGeneratorFactory$$FastClassByGuice$$122871862
instanceKlass org/apache/maven/repository/internal/DefaultVersionResolver$$FastClassByGuice$$121671404
instanceKlass org/apache/maven/repository/internal/DefaultVersionRangeResolver$$FastClassByGuice$$121456806
instanceKlass org/apache/maven/repository/internal/DefaultModelCacheFactory$$FastClassByGuice$$120321811
instanceKlass org/apache/maven/repository/internal/DefaultArtifactDescriptorReader$$FastClassByGuice$$119478483
instanceKlass org/eclipse/aether/named/providers/NoopNamedLockFactory$$FastClassByGuice$$117646771
instanceKlass org/eclipse/aether/named/providers/LocalSemaphoreNamedLockFactory$$FastClassByGuice$$116543633
instanceKlass org/eclipse/aether/named/providers/LocalReadWriteLockNamedLockFactory$$FastClassByGuice$$115458304
instanceKlass org/eclipse/aether/named/providers/FileLockNamedLockFactory$$FastClassByGuice$$114471345
instanceKlass org/eclipse/aether/internal/impl/synccontext/named/providers/StaticNameMapperProvider$$FastClassByGuice$$113404633
instanceKlass org/eclipse/aether/internal/impl/synccontext/named/providers/GAVNameMapperProvider$$FastClassByGuice$$112686105
instanceKlass org/eclipse/aether/internal/impl/synccontext/named/providers/GAECVNameMapperProvider$$FastClassByGuice$$112128618
instanceKlass org/eclipse/aether/internal/impl/synccontext/named/providers/FileStaticNameMapperProvider$$FastClassByGuice$$110369894
instanceKlass org/eclipse/aether/internal/impl/synccontext/named/providers/FileHashingGAVNameMapperProvider$$FastClassByGuice$$109100674
instanceKlass org/eclipse/aether/internal/impl/synccontext/named/providers/FileHashingGAECVNameMapperProvider$$FastClassByGuice$$108430112
instanceKlass org/eclipse/aether/internal/impl/synccontext/named/providers/FileGAVNameMapperProvider$$FastClassByGuice$$107521180
instanceKlass org/eclipse/aether/internal/impl/synccontext/named/providers/FileGAECVNameMapperProvider$$FastClassByGuice$$105996629
instanceKlass org/eclipse/aether/internal/impl/synccontext/named/providers/DiscriminatingNameMapperProvider$$FastClassByGuice$$105788180
instanceKlass org/eclipse/aether/internal/impl/synccontext/named/NamedLockFactoryAdapterFactoryImpl$$FastClassByGuice$$104600360
instanceKlass org/eclipse/aether/internal/impl/synccontext/legacy/DefaultSyncContextFactory$$FastClassByGuice$$103736016
instanceKlass org/eclipse/aether/internal/impl/synccontext/DefaultSyncContextFactory$$FastClassByGuice$$102175464
instanceKlass org/eclipse/aether/internal/impl/resolution/TrustedChecksumsArtifactResolverPostProcessor$$FastClassByGuice$$100732718
instanceKlass org/eclipse/aether/internal/impl/filter/PrefixesRemoteRepositoryFilterSource$$FastClassByGuice$$100642577
instanceKlass org/eclipse/aether/internal/impl/filter/GroupIdRemoteRepositoryFilterSource$$FastClassByGuice$$99264828
instanceKlass org/eclipse/aether/internal/impl/filter/DefaultRemoteRepositoryFilterManager$$FastClassByGuice$$97538918
instanceKlass org/eclipse/aether/internal/impl/collect/df/DfDependencyCollector$$FastClassByGuice$$96846890
instanceKlass org/eclipse/aether/internal/impl/collect/bf/BfDependencyCollector$$FastClassByGuice$$95737326
instanceKlass org/eclipse/aether/internal/impl/collect/DefaultDependencyCollector$$FastClassByGuice$$95334876
instanceKlass org/eclipse/aether/internal/impl/checksum/TrustedToProvidedChecksumsSourceAdapter$$FastClassByGuice$$93409291
instanceKlass org/eclipse/aether/internal/impl/checksum/SummaryFileTrustedChecksumsSource$$FastClassByGuice$$93225734
instanceKlass org/eclipse/aether/internal/impl/checksum/SparseDirectoryTrustedChecksumsSource$$FastClassByGuice$$91549440
instanceKlass org/eclipse/aether/internal/impl/checksum/Sha512ChecksumAlgorithmFactory$$FastClassByGuice$$90382507
instanceKlass org/eclipse/aether/internal/impl/checksum/Sha256ChecksumAlgorithmFactory$$FastClassByGuice$$89825853
instanceKlass org/eclipse/aether/internal/impl/checksum/Sha1ChecksumAlgorithmFactory$$FastClassByGuice$$88591472
instanceKlass org/eclipse/aether/internal/impl/checksum/Md5ChecksumAlgorithmFactory$$FastClassByGuice$$87764035
instanceKlass org/eclipse/aether/internal/impl/checksum/DefaultChecksumAlgorithmFactorySelector$$FastClassByGuice$$86966637
instanceKlass org/eclipse/aether/internal/impl/SimpleLocalRepositoryManagerFactory$$FastClassByGuice$$85055741
instanceKlass org/eclipse/aether/internal/impl/Maven2RepositoryLayoutFactory$$FastClassByGuice$$84351050
instanceKlass org/eclipse/aether/internal/impl/LoggerFactoryProvider$$FastClassByGuice$$83010376
instanceKlass org/eclipse/aether/internal/impl/EnhancedLocalRepositoryManagerFactory$$FastClassByGuice$$82030517
instanceKlass org/eclipse/aether/internal/impl/DefaultUpdatePolicyAnalyzer$$FastClassByGuice$$81522824
instanceKlass org/eclipse/aether/internal/impl/DefaultUpdateCheckManager$$FastClassByGuice$$80566302
instanceKlass org/eclipse/aether/internal/impl/DefaultTransporterProvider$$FastClassByGuice$$78897043
instanceKlass org/eclipse/aether/internal/impl/DefaultTrackingFileManager$$FastClassByGuice$$77861423
instanceKlass org/eclipse/aether/internal/impl/DefaultRepositorySystemLifecycle$$FastClassByGuice$$77284187
instanceKlass org/eclipse/aether/internal/impl/DefaultRepositorySystem$$FastClassByGuice$$76248978
instanceKlass org/eclipse/aether/internal/impl/DefaultRepositoryLayoutProvider$$FastClassByGuice$$75307125
instanceKlass org/eclipse/aether/internal/impl/DefaultRepositoryEventDispatcher$$FastClassByGuice$$73754298
instanceKlass org/eclipse/aether/internal/impl/DefaultRepositoryConnectorProvider$$FastClassByGuice$$72701001
instanceKlass org/eclipse/aether/internal/impl/DefaultRemoteRepositoryManager$$FastClassByGuice$$71704241
instanceKlass org/eclipse/aether/internal/impl/DefaultOfflineController$$FastClassByGuice$$70909314
instanceKlass org/eclipse/aether/internal/impl/DefaultMetadataResolver$$FastClassByGuice$$70134180
instanceKlass org/eclipse/aether/internal/impl/DefaultLocalRepositoryProvider$$FastClassByGuice$$68435528
instanceKlass org/eclipse/aether/internal/impl/DefaultLocalPathPrefixComposerFactory$$FastClassByGuice$$67826210
instanceKlass org/eclipse/aether/internal/impl/DefaultLocalPathComposer$$FastClassByGuice$$66959604
instanceKlass org/eclipse/aether/internal/impl/DefaultInstaller$$FastClassByGuice$$65661314
instanceKlass org/eclipse/aether/internal/impl/DefaultFileProcessor$$FastClassByGuice$$64353905
instanceKlass org/eclipse/aether/internal/impl/DefaultDeployer$$FastClassByGuice$$63442770
instanceKlass org/eclipse/aether/internal/impl/DefaultChecksumPolicyProvider$$FastClassByGuice$$62881062
instanceKlass org/eclipse/aether/internal/impl/DefaultArtifactResolver$$FastClassByGuice$$61170144
instanceKlass org/eclipse/aether/connector/basic/BasicRepositoryConnectorFactory$$FastClassByGuice$$60335148
instanceKlass org/apache/maven/model/validation/DefaultModelValidator$$FastClassByGuice$$58878461
instanceKlass org/apache/maven/model/superpom/DefaultSuperPomProvider$$FastClassByGuice$$58223195
instanceKlass org/apache/maven/model/profile/activation/PropertyProfileActivator$$FastClassByGuice$$57167434
instanceKlass org/apache/maven/model/profile/activation/OperatingSystemProfileActivator$$FastClassByGuice$$56442855
instanceKlass org/apache/maven/model/profile/activation/JdkVersionProfileActivator$$FastClassByGuice$$54699221
instanceKlass org/apache/maven/model/profile/activation/FileProfileActivator$$FastClassByGuice$$54280152
instanceKlass org/apache/maven/model/profile/DefaultProfileSelector$$FastClassByGuice$$53444853
instanceKlass org/apache/maven/model/profile/DefaultProfileInjector$$FastClassByGuice$$52116346
instanceKlass org/apache/maven/model/plugin/DefaultReportingConverter$$FastClassByGuice$$50376887
instanceKlass org/apache/maven/model/plugin/DefaultReportConfigurationExpander$$FastClassByGuice$$50308726
instanceKlass org/apache/maven/model/plugin/DefaultPluginConfigurationExpander$$FastClassByGuice$$48702489
instanceKlass org/apache/maven/model/path/ProfileActivationFilePathInterpolator$$FastClassByGuice$$47489508
instanceKlass org/apache/maven/model/path/DefaultUrlNormalizer$$FastClassByGuice$$46704835
instanceKlass org/apache/maven/model/path/DefaultPathTranslator$$FastClassByGuice$$45680886
instanceKlass org/apache/maven/model/path/DefaultModelUrlNormalizer$$FastClassByGuice$$44435166
instanceKlass org/apache/maven/model/path/DefaultModelPathTranslator$$FastClassByGuice$$43177951
instanceKlass org/apache/maven/model/normalization/DefaultModelNormalizer$$FastClassByGuice$$42444913
instanceKlass org/apache/maven/model/management/DefaultPluginManagementInjector$$FastClassByGuice$$41286002
instanceKlass org/apache/maven/model/management/DefaultDependencyManagementInjector$$FastClassByGuice$$40578261
instanceKlass org/apache/maven/model/locator/DefaultModelLocator$$FastClassByGuice$$39832094
instanceKlass org/apache/maven/model/io/DefaultModelWriter$$FastClassByGuice$$38480476
instanceKlass org/apache/maven/model/io/DefaultModelReader$$FastClassByGuice$$37721397
instanceKlass org/apache/maven/model/interpolation/StringVisitorModelInterpolator$$FastClassByGuice$$36147654
instanceKlass org/apache/maven/model/interpolation/DefaultModelVersionProcessor$$FastClassByGuice$$34834157
instanceKlass org/apache/maven/model/inheritance/DefaultInheritanceAssembler$$FastClassByGuice$$34424035
instanceKlass org/apache/maven/model/composition/DefaultDependencyManagementImporter$$FastClassByGuice$$33138838
instanceKlass org/apache/maven/model/building/DefaultModelProcessor$$FastClassByGuice$$31737303
instanceKlass org/apache/maven/model/building/DefaultModelBuilder$$FastClassByGuice$$30719736
instanceKlass org/apache/maven/cli/internal/BootstrapCoreExtensionManager$$FastClassByGuice$$29372506
instanceKlass org/apache/maven/cli/configuration/SettingsXmlConfigurationProcessor$$FastClassByGuice$$29331529
instanceKlass org/apache/maven/toolchain/io/DefaultToolchainsWriter$$FastClassByGuice$$27771339
instanceKlass org/apache/maven/toolchain/io/DefaultToolchainsReader$$FastClassByGuice$$26393657
instanceKlass org/apache/maven/toolchain/building/DefaultToolchainsBuilder$$FastClassByGuice$$25721924
instanceKlass org/apache/maven/plugin/internal/MavenPluginMavenPrerequisiteChecker$$FastClassByGuice$$25138353
instanceKlass org/apache/maven/plugin/internal/MavenPluginJavaPrerequisiteChecker$$FastClassByGuice$$23528763
instanceKlass org/apache/maven/plugin/internal/DefaultPluginValidationManager$$FastClassByGuice$$23033016
instanceKlass org/apache/maven/plugin/DefaultMojosExecutionStrategy$$FastClassByGuice$$21576365
instanceKlass org/apache/maven/lifecycle/internal/LifecycleDependencyResolver$$FastClassByGuice$$20061369
instanceKlass org/apache/maven/lifecycle/internal/DefaultProjectArtifactFactory$$FastClassByGuice$$19774857
instanceKlass org/apache/maven/internal/aether/ResolverLifecycle$$FastClassByGuice$$18720505
instanceKlass com/google/inject/internal/InjectorImpl$SyntheticProviderBindingImpl$1
instanceKlass com/google/inject/internal/InjectorImpl$1
instanceKlass org/apache/maven/internal/aether/DefaultRepositorySystemSessionFactory$$FastClassByGuice$$16875899
instanceKlass com/google/inject/internal/SingleFieldInjector
instanceKlass org/apache/maven/extension/internal/CoreExportsProvider$$FastClassByGuice$$15960258
instanceKlass org/apache/maven/execution/DefaultMavenExecutionRequestPopulator$$FastClassByGuice$$15556638
instanceKlass org/apache/maven/classrealm/DefaultClassRealmManager$$FastClassByGuice$$14497322
instanceKlass org/apache/maven/DefaultArtifactFilterManager$$FastClassByGuice$$13035522
instanceKlass com/google/inject/internal/SingleParameterInjector
instanceKlass com/google/inject/internal/DefaultConstructionProxyFactory$ReflectiveProxy
instanceKlass org/apache/maven/lifecycle/internal/LifecycleStarter$$FastClassByGuice$$12533643
instanceKlass org/apache/maven/lifecycle/internal/builder/BuilderCommon$$FastClassByGuice$$11121863
instanceKlass org/apache/maven/eventspy/internal/EventSpyDispatcher$$FastClassByGuice$$10171032
instanceKlass org/eclipse/sisu/PreDestroy
instanceKlass org/eclipse/sisu/PostConstruct
instanceKlass org/apache/maven/lifecycle/internal/LifecycleModuleBuilder$$FastClassByGuice$$8787667
instanceKlass org/eclipse/sisu/bean/BeanPropertySetter
instanceKlass org/apache/maven/lifecycle/Lifecycle$$FastClassByGuice$$7986671
instanceKlass org/eclipse/sisu/plexus/PlexusConfigurations$ConfigurationProvider
instanceKlass org/apache/maven/lifecycle/internal/MojoExecutor$$FastClassByGuice$$7016029
instanceKlass org/apache/maven/lifecycle/internal/LifecycleDebugLogger$$FastClassByGuice$$5244008
instanceKlass org/apache/maven/lifecycle/DefaultLifecycles$$FastClassByGuice$$5172696
instanceKlass org/apache/maven/lifecycle/internal/LifecyclePluginResolver$$FastClassByGuice$$3260799
instanceKlass org/apache/maven/lifecycle/internal/BuildListCalculator$$FastClassByGuice$$2441423
instanceKlass org/apache/maven/lifecycle/internal/MojoDescriptorCreator$$FastClassByGuice$$1454263
instanceKlass com/google/inject/internal/ProxyFactory
instanceKlass com/google/common/collect/TransformedIterator
instanceKlass com/google/inject/spi/InterceptorBinding
instanceKlass com/google/inject/internal/MethodAspect
instanceKlass com/google/inject/internal/MembersInjectorImpl
instanceKlass org/eclipse/sisu/bean/BeanInjector
instanceKlass org/eclipse/sisu/plexus/PlexusLifecycleManager$2
instanceKlass org/eclipse/sisu/bean/PropertyBinder$1
instanceKlass org/eclipse/sisu/plexus/ProvidedPropertyBinding
instanceKlass org/eclipse/sisu/plexus/PlexusRequirements$AbstractRequirementProvider
instanceKlass org/eclipse/sisu/bean/BeanPropertyField
instanceKlass org/eclipse/sisu/bean/DeclaredMembers$MemberIterator
instanceKlass org/eclipse/sisu/bean/BeanPropertyIterator
instanceKlass org/eclipse/sisu/bean/DeclaredMembers
instanceKlass org/eclipse/sisu/bean/IgnoreSetters
instanceKlass org/eclipse/sisu/bean/BeanProperties
instanceKlass org/eclipse/sisu/plexus/PlexusRequirements
instanceKlass org/eclipse/sisu/plexus/PlexusConfigurations
instanceKlass org/eclipse/sisu/plexus/PlexusPropertyBinder
instanceKlass org/eclipse/sisu/bean/BeanLifecycle
instanceKlass com/google/inject/internal/EncounterImpl
instanceKlass org/apache/maven/execution/scope/internal/MojoExecutionScope$2
instanceKlass com/google/inject/internal/ProviderInternalFactory
instanceKlass com/google/inject/internal/InternalProviderInstanceBindingImpl$Factory
instanceKlass com/google/inject/internal/FactoryProxy
instanceKlass com/google/inject/internal/InternalFactoryToProviderAdapter
instanceKlass com/google/inject/internal/ConstructionContext
instanceKlass com/google/inject/internal/SingletonScope$1
instanceKlass com/google/inject/internal/ProviderToInternalFactoryAdapter
instanceKlass com/google/inject/internal/CycleDetectingLock$CycleDetectingLockFactory$ReentrantCycleDetectingLock
instanceKlass com/google/inject/internal/Initializer$InjectableReference
instanceKlass com/google/inject/internal/ProvisionListenerStackCallback
instanceKlass com/google/common/cache/LocalCache$AbstractReferenceEntry
instanceKlass com/google/inject/internal/ProvisionListenerCallbackStore$KeyBinding
instanceKlass com/google/inject/internal/util/Classes
instanceKlass com/google/inject/spi/ExposedBinding
instanceKlass com/google/inject/internal/CreationListener
instanceKlass com/google/inject/internal/InjectorShell$LoggerFactory
instanceKlass com/google/inject/internal/InjectorShell$InjectorFactory
instanceKlass com/google/inject/internal/Initializables$1
instanceKlass com/google/inject/internal/Initializables
instanceKlass com/google/inject/internal/ConstantFactory
instanceKlass com/google/inject/internal/InjectorShell
instanceKlass com/google/inject/internal/ProvisionListenerCallbackStore
instanceKlass com/google/inject/spi/TypeEncounter
instanceKlass com/google/inject/internal/SingleMemberInjector
instanceKlass com/google/inject/internal/MembersInjectorStore
instanceKlass com/google/inject/internal/TypeConverterBindingProcessor$4
instanceKlass com/google/inject/internal/TypeConverterBindingProcessor$2
instanceKlass com/google/inject/internal/TypeConverterBindingProcessor$1
instanceKlass com/google/inject/internal/TypeConverterBindingProcessor$5
instanceKlass com/google/inject/internal/FailableCache
instanceKlass com/google/inject/internal/ConstructorInjectorStore
instanceKlass com/google/inject/internal/DeferredLookups
instanceKlass com/google/inject/spi/ProviderBinding
instanceKlass com/google/inject/spi/ConvertedConstantBinding
instanceKlass com/google/inject/internal/InjectorImpl
instanceKlass com/google/inject/internal/Lookups
instanceKlass com/google/inject/internal/InjectorImpl$InjectorOptions
instanceKlass com/google/inject/internal/ProvisionListenerStackCallback$ProvisionCallback
instanceKlass com/google/inject/internal/ConstructorInjector
instanceKlass com/google/inject/internal/DefaultConstructionProxyFactory$FastClassProxy
instanceKlass com/google/inject/internal/aop/ImmutableStringTrie
instanceKlass java/util/function/ToIntFunction
instanceKlass jdk/internal/reflect/UnsafeFieldAccessorFactory
instanceKlass org/apache/maven/plugin/internal/DefaultPluginDependenciesResolver$$FastClassByGuice$$459056
instanceKlass com/google/inject/internal/aop/ChildClassDefiner$ChildLoaderCacheHolder
instanceKlass com/google/inject/internal/aop/BytecodeTasks
instanceKlass org/objectweb/asm/Handle
instanceKlass org/objectweb/asm/Label
instanceKlass org/objectweb/asm/Type
instanceKlass com/google/inject/internal/aop/AbstractGlueGenerator
instanceKlass com/google/inject/internal/aop/UnsafeClassDefiner
instanceKlass com/google/inject/internal/aop/ChildClassDefiner
instanceKlass com/google/inject/internal/aop/ClassDefining$ClassDefinerHolder
instanceKlass com/google/inject/internal/aop/ClassDefiner
instanceKlass com/google/inject/internal/aop/ClassDefining
instanceKlass com/google/inject/internal/BytecodeGen$EnhancerBuilder
instanceKlass com/google/inject/internal/aop/ClassBuilding
instanceKlass com/google/common/collect/MapMakerInternalMap$StrongValueEntry
instanceKlass com/google/common/collect/MapMakerInternalMap$WeakKeyStrongValueEntry$Helper
instanceKlass com/google/common/collect/MapMakerInternalMap$InternalEntry
instanceKlass com/google/common/collect/MapMakerInternalMap$1
instanceKlass com/google/common/collect/MapMakerInternalMap$InternalEntryHelper
instanceKlass com/google/common/collect/MapMakerInternalMap$WeakValueReference
instanceKlass com/google/common/collect/MapMaker
instanceKlass com/google/inject/internal/BytecodeGen
instanceKlass com/google/inject/internal/ConstructionProxy
instanceKlass com/google/inject/internal/DefaultConstructionProxyFactory
instanceKlass com/google/inject/internal/ConstructionProxyFactory
instanceKlass com/google/inject/internal/ConstructorBindingImpl$Factory
instanceKlass org/eclipse/sisu/inject/TypeArguments$Implicit
instanceKlass org/eclipse/sisu/wire/BeanProviders$3
instanceKlass org/sonatype/inject/BeanEntry
instanceKlass org/eclipse/sisu/BeanEntry
instanceKlass org/eclipse/sisu/wire/BeanProviders$4
instanceKlass org/eclipse/sisu/wire/PlaceholderBeanProvider
instanceKlass org/eclipse/sisu/wire/BeanProviders$6
instanceKlass org/eclipse/sisu/wire/BeanProviders$7
instanceKlass org/eclipse/sisu/wire/BeanProviders$1
instanceKlass com/google/inject/spi/ProviderLookup$1
instanceKlass com/google/inject/spi/ProviderWithDependencies
instanceKlass com/google/inject/spi/ProviderLookup
instanceKlass org/eclipse/sisu/wire/BeanProviders
instanceKlass org/eclipse/sisu/inject/HiddenSource
instanceKlass org/eclipse/sisu/wire/LocatorWiring
instanceKlass com/google/inject/ProvidedBy
instanceKlass com/google/inject/ImplementedBy
instanceKlass org/sonatype/plexus/components/cipher/PBECipher
instanceKlass org/codehaus/classworlds/ClassRealm
instanceKlass org/apache/maven/settings/crypto/SettingsDecryptionResult
instanceKlass org/apache/maven/settings/building/DefaultSettingsProblemCollector
instanceKlass org/apache/maven/settings/merge/MavenSettingsMerger
instanceKlass org/apache/maven/settings/building/SettingsBuildingResult
instanceKlass org/apache/maven/settings/building/SettingsProblemCollector
instanceKlass org/eclipse/aether/impl/MetadataGenerator
instanceKlass org/apache/maven/model/Relocation
instanceKlass org/apache/maven/repository/internal/ArtifactDescriptorReaderDelegate
instanceKlass org/eclipse/aether/named/support/AdaptedSemaphoreNamedLock$AdaptedSemaphore
instanceKlass org/eclipse/aether/named/support/NamedLockFactorySupport$NamedLockHolder
instanceKlass org/eclipse/aether/named/support/NamedLockSupport
instanceKlass org/eclipse/aether/named/NamedLock
instanceKlass org/eclipse/aether/internal/impl/synccontext/named/NamedLockFactoryAdapter
instanceKlass org/eclipse/aether/spi/log/Logger
instanceKlass org/eclipse/aether/internal/impl/filter/PrefixesRemoteRepositoryFilterSource$Node
instanceKlass org/eclipse/aether/spi/connector/filter/RemoteRepositoryFilter$Result
instanceKlass org/eclipse/aether/spi/connector/filter/RemoteRepositoryFilter
instanceKlass org/eclipse/aether/collection/DependencyTraverser
instanceKlass org/eclipse/aether/collection/DependencyManager
instanceKlass org/eclipse/aether/internal/impl/collect/df/DfDependencyCollector$Args
instanceKlass org/eclipse/aether/internal/impl/collect/bf/BfDependencyCollector$DescriptorResolutionResult
instanceKlass org/eclipse/aether/internal/impl/collect/bf/BfDependencyCollector$Args
instanceKlass org/eclipse/aether/internal/impl/collect/bf/DependencyProcessingContext
instanceKlass org/eclipse/aether/internal/impl/collect/bf/DependencyResolutionSkipper
instanceKlass org/eclipse/aether/collection/VersionFilter
instanceKlass org/eclipse/aether/graph/DefaultDependencyNode
instanceKlass org/eclipse/aether/version/Version
instanceKlass org/eclipse/aether/internal/impl/collect/PremanagedDependency
instanceKlass org/eclipse/aether/internal/impl/collect/DependencyCollectorDelegate$Results
instanceKlass org/eclipse/aether/internal/impl/collect/DefaultVersionFilterContext
instanceKlass org/eclipse/aether/internal/impl/collect/DefaultDependencyCollectionContext
instanceKlass org/eclipse/aether/collection/DependencyCollectionContext
instanceKlass org/eclipse/aether/internal/impl/collect/DataPool
instanceKlass org/eclipse/aether/collection/VersionFilter$VersionFilterContext
instanceKlass org/eclipse/aether/collection/DependencyGraphTransformationContext
instanceKlass org/eclipse/aether/spi/connector/Transfer
instanceKlass org/eclipse/aether/internal/impl/checksum/SummaryFileTrustedChecksumsSource$SummaryFileWriter
instanceKlass org/eclipse/aether/internal/impl/checksum/SparseDirectoryTrustedChecksumsSource$SparseDirectoryWriter
instanceKlass org/eclipse/aether/spi/checksums/TrustedChecksumsSource$Writer
instanceKlass org/eclipse/aether/spi/connector/checksum/ChecksumAlgorithm
instanceKlass org/eclipse/aether/impl/UpdateCheck
instanceKlass org/eclipse/aether/spi/connector/transport/Transporter
instanceKlass java/nio/channels/FileLock
instanceKlass org/eclipse/aether/resolution/VersionRequest
instanceKlass org/eclipse/aether/collection/CollectResult
instanceKlass org/eclipse/aether/collection/CollectRequest
instanceKlass org/eclipse/aether/resolution/VersionRangeResult
instanceKlass org/eclipse/aether/resolution/VersionRangeRequest
instanceKlass org/eclipse/aether/resolution/ArtifactDescriptorRequest
instanceKlass org/eclipse/aether/resolution/DependencyResult
instanceKlass org/eclipse/aether/resolution/DependencyRequest
instanceKlass java/util/concurrent/atomic/AtomicBoolean
instanceKlass org/eclipse/aether/spi/connector/layout/RepositoryLayout
instanceKlass org/eclipse/aether/RepositoryEvent
instanceKlass org/eclipse/aether/repository/LocalRepository
instanceKlass org/eclipse/aether/internal/impl/LocalPathPrefixComposer
instanceKlass org/eclipse/aether/transform/FileTransformer
instanceKlass org/eclipse/aether/installation/InstallResult
instanceKlass org/eclipse/aether/installation/InstallRequest
instanceKlass org/eclipse/aether/spi/io/FileProcessor$ProgressListener
instanceKlass org/eclipse/aether/internal/impl/DefaultDeployer$EventCatapult
instanceKlass org/eclipse/aether/repository/RepositoryPolicy
instanceKlass org/eclipse/aether/deployment/DeployResult
instanceKlass org/eclipse/aether/deployment/DeployRequest
instanceKlass org/eclipse/aether/transfer/TransferResource
instanceKlass org/eclipse/aether/spi/connector/checksum/ChecksumPolicy
instanceKlass org/eclipse/aether/resolution/ArtifactRequest
instanceKlass org/eclipse/aether/internal/impl/DefaultArtifactResolver$ResolutionGroup
instanceKlass org/eclipse/aether/resolution/VersionResult
instanceKlass org/eclipse/aether/repository/LocalArtifactResult
instanceKlass org/eclipse/aether/SyncContext
instanceKlass org/eclipse/aether/spi/locator/ServiceLocator
instanceKlass org/eclipse/aether/repository/RemoteRepository
instanceKlass org/eclipse/aether/spi/connector/RepositoryConnector
instanceKlass org/apache/maven/model/validation/DefaultModelValidator$1ActivationFrame
instanceKlass org/apache/maven/model/profile/activation/JdkVersionProfileActivator$RangeValue
instanceKlass org/apache/maven/model/InputLocation
instanceKlass org/apache/maven/model/InputSource
instanceKlass org/apache/maven/model/interpolation/StringVisitorModelInterpolator$InnerInterpolator
instanceKlass org/apache/maven/model/ActivationFile
instanceKlass org/apache/maven/model/ActivationProperty
instanceKlass org/apache/maven/model/ActivationOS
instanceKlass org/codehaus/plexus/interpolation/RegexBasedInterpolator
instanceKlass org/apache/maven/model/Activation
instanceKlass org/apache/maven/model/profile/DefaultProfileActivationContext
instanceKlass org/apache/maven/model/building/ModelBuildingEventCatapult
instanceKlass org/apache/maven/model/building/ModelData
instanceKlass org/apache/maven/model/building/DefaultModelProblemCollector
instanceKlass org/apache/maven/model/building/ModelCacheTag
instanceKlass org/apache/maven/model/building/ModelBuildingEvent
instanceKlass org/apache/maven/model/building/ModelProblemCollectorExt
instanceKlass org/apache/maven/model/profile/ProfileActivationContext
instanceKlass org/apache/maven/cli/internal/extension/model/CoreExtension
instanceKlass org/apache/maven/building/ProblemCollector
instanceKlass org/apache/maven/toolchain/merge/MavenToolchainMerger
instanceKlass org/apache/maven/toolchain/building/ToolchainsBuildingResult
instanceKlass org/codehaus/plexus/interpolation/InterpolationPostProcessor
instanceKlass org/eclipse/aether/graph/Dependency
instanceKlass org/eclipse/aether/resolution/ArtifactDescriptorResult
instanceKlass org/apache/maven/plugin/internal/DefaultPluginValidationManager$PluginValidationIssues
instanceKlass com/google/inject/util/Types
instanceKlass org/eclipse/sisu/Nullable
instanceKlass org/eclipse/aether/repository/LocalRepositoryManager
instanceKlass org/eclipse/aether/repository/AuthenticationSelector
instanceKlass org/eclipse/aether/repository/ProxySelector
instanceKlass org/eclipse/aether/repository/MirrorSelector
instanceKlass org/eclipse/aether/resolution/ResolutionErrorPolicy
instanceKlass org/apache/maven/classrealm/ClassRealmManagerDelegate
instanceKlass org/apache/maven/classrealm/ClassRealmConstituent
instanceKlass org/apache/maven/classrealm/ClassRealmRequest
instanceKlass org/eclipse/aether/repository/WorkspaceRepository
instanceKlass org/apache/maven/ArtifactFilterManagerDelegate
instanceKlass org/apache/maven/execution/ProjectDependencyGraph
instanceKlass org/apache/maven/graph/DefaultGraphBuilder
instanceKlass org/apache/maven/settings/RepositoryPolicy
instanceKlass org/apache/maven/settings/RepositoryBase
instanceKlass org/apache/maven/artifact/resolver/DefaultResolutionErrorHandler
instanceKlass org/apache/maven/plugin/version/internal/DefaultPluginVersionResolver$Versions
instanceKlass org/apache/maven/plugin/version/internal/DefaultPluginVersionResult
instanceKlass org/apache/maven/plugin/version/internal/DefaultPluginVersionResolver$Key
instanceKlass org/apache/maven/plugin/version/PluginVersionResult
instanceKlass org/apache/maven/plugin/version/internal/DefaultPluginVersionResolver
instanceKlass org/apache/maven/profiles/ProfileManager
instanceKlass org/apache/maven/project/DefaultMavenProjectBuilder
instanceKlass org/apache/maven/project/path/DefaultPathTranslator
instanceKlass org/apache/maven/repository/legacy/repository/DefaultArtifactRepositoryFactory
instanceKlass org/apache/maven/profiles/ProfilesRoot
instanceKlass org/apache/maven/plugin/internal/DefaultPluginManager
instanceKlass org/eclipse/aether/resolution/ArtifactResult
instanceKlass org/eclipse/aether/collection/DependencySelector
instanceKlass org/eclipse/aether/resolution/ArtifactDescriptorPolicy
instanceKlass org/apache/maven/plugin/internal/DefaultPluginDependenciesResolver
instanceKlass org/apache/maven/execution/ExecutionEvent
instanceKlass org/apache/maven/lifecycle/internal/DefaultExecutionEventCatapult
instanceKlass org/apache/maven/repository/legacy/resolver/conflict/DefaultConflictResolverFactory
instanceKlass org/apache/maven/project/ReactorModelPool
instanceKlass org/apache/maven/model/building/ModelBuildingResult
instanceKlass org/apache/maven/project/DefaultProjectBuilder$InternalConfig
instanceKlass org/apache/maven/model/resolution/ModelResolver
instanceKlass org/apache/maven/model/building/ModelBuildingListener
instanceKlass org/apache/maven/model/building/ModelSource
instanceKlass org/apache/maven/model/building/ModelCache
instanceKlass org/apache/maven/project/DefaultProjectBuilder
instanceKlass org/eclipse/aether/RepositoryListener
instanceKlass org/apache/maven/execution/DefaultRuntimeInformation
instanceKlass org/apache/maven/configuration/BeanConfigurationRequest
instanceKlass org/codehaus/plexus/component/configurator/converters/lookup/ConverterLookup
instanceKlass org/apache/maven/configuration/internal/DefaultBeanConfigurator
instanceKlass org/apache/maven/repository/legacy/resolver/conflict/FarthestConflictResolver
instanceKlass org/apache/maven/DefaultProjectDependenciesResolver
instanceKlass org/apache/maven/repository/DefaultMirrorSelector
instanceKlass org/apache/maven/artifact/repository/DefaultArtifactRepositoryFactory
instanceKlass org/apache/maven/plugin/PluginDescriptorCache$PluginDescriptorSupplier
instanceKlass org/apache/maven/plugin/PluginDescriptorCache$Key
instanceKlass org/apache/maven/plugin/DefaultPluginDescriptorCache
instanceKlass org/apache/maven/artifact/repository/metadata/io/DefaultMetadataReader
instanceKlass org/apache/maven/artifact/resolver/DefaultArtifactResolver
instanceKlass org/apache/maven/execution/ProjectExecutionListener
instanceKlass org/apache/maven/execution/BuildSummary
instanceKlass org/apache/maven/plugin/PluginRealmCache$PluginRealmSupplier
instanceKlass org/apache/maven/plugin/PluginRealmCache$Key
instanceKlass org/apache/maven/plugin/DefaultPluginRealmCache
instanceKlass org/apache/maven/plugin/internal/DefaultLegacySupport
instanceKlass org/apache/maven/plugin/ExtensionRealmCache$Key
instanceKlass org/apache/maven/plugin/DefaultExtensionRealmCache
instanceKlass org/apache/maven/plugin/PluginArtifactsCache$CacheRecord
instanceKlass org/apache/maven/plugin/PluginArtifactsCache$Key
instanceKlass org/apache/maven/plugin/DefaultPluginArtifactsCache
instanceKlass org/apache/maven/repository/legacy/resolver/DefaultLegacyArtifactCollector
instanceKlass org/apache/http/impl/conn/PoolingHttpClientConnectionManager
instanceKlass org/apache/http/pool/ConnPoolControl
instanceKlass org/apache/http/config/Registry
instanceKlass org/apache/http/client/methods/CloseableHttpResponse
instanceKlass org/apache/http/HttpResponse
instanceKlass org/apache/maven/wagon/shared/http/BasicAuthScope
instanceKlass org/apache/maven/wagon/shared/http/HttpConfiguration
instanceKlass org/apache/http/impl/client/CloseableHttpClient
instanceKlass org/apache/http/client/HttpClient
instanceKlass org/apache/http/client/RedirectStrategy
instanceKlass org/apache/http/config/Lookup
instanceKlass org/apache/http/client/HttpRequestRetryHandler
instanceKlass org/apache/http/conn/ssl/TrustStrategy
instanceKlass org/apache/http/ssl/TrustStrategy
instanceKlass org/apache/http/Header
instanceKlass org/apache/http/NameValuePair
instanceKlass org/apache/http/client/ServiceUnavailableRetryStrategy
instanceKlass org/apache/http/auth/Credentials
instanceKlass org/apache/http/client/AuthCache
instanceKlass org/apache/http/client/CredentialsProvider
instanceKlass org/apache/http/protocol/HttpContext
instanceKlass org/apache/http/HttpEntity
instanceKlass org/apache/http/client/methods/HttpUriRequest
instanceKlass org/apache/http/HttpRequest
instanceKlass org/apache/http/HttpMessage
instanceKlass org/apache/http/auth/AuthScheme
instanceKlass org/apache/http/conn/HttpClientConnectionManager
instanceKlass org/apache/maven/artifact/repository/Authentication
instanceKlass org/apache/maven/repository/Proxy
instanceKlass org/apache/maven/model/RepositoryPolicy
instanceKlass org/apache/maven/repository/ArtifactTransferListener
instanceKlass org/apache/maven/artifact/resolver/ArtifactResolutionResult
instanceKlass org/apache/maven/artifact/resolver/ArtifactResolutionRequest
instanceKlass org/apache/maven/repository/legacy/LegacyRepositorySystem
instanceKlass org/apache/maven/artifact/handler/manager/DefaultArtifactHandlerManager
instanceKlass org/eclipse/aether/version/VersionScheme
instanceKlass org/apache/maven/rtinfo/internal/DefaultRuntimeInformation
instanceKlass org/apache/maven/repository/metadata/MetadataGraphVertex
instanceKlass org/apache/maven/repository/metadata/DefaultGraphConflictResolver
instanceKlass org/apache/maven/lifecycle/internal/DefaultLifecycleTaskSegmentCalculator
instanceKlass org/apache/maven/artifact/repository/ArtifactRepositoryPolicy
instanceKlass org/apache/maven/project/artifact/DefaultMavenMetadataCache$CacheKey
instanceKlass org/apache/maven/project/artifact/DefaultMavenMetadataCache
instanceKlass org/eclipse/aether/util/graph/visitor/AbstractDepthFirstNodeListGenerator
instanceKlass org/eclipse/aether/graph/DependencyNode
instanceKlass org/apache/maven/plugin/PluginRealmCache$CacheRecord
instanceKlass org/apache/maven/plugin/ExtensionRealmCache$CacheRecord
instanceKlass org/apache/maven/plugin/descriptor/PluginDescriptorBuilder
instanceKlass org/codehaus/plexus/component/configurator/expression/ExpressionEvaluator
instanceKlass org/codehaus/plexus/configuration/PlexusConfiguration
instanceKlass org/apache/maven/plugin/logging/Log
instanceKlass org/codehaus/plexus/component/configurator/ConfigurationListener
instanceKlass org/apache/maven/plugin/internal/DefaultMavenPluginManager
instanceKlass org/apache/maven/toolchain/DefaultToolchainsBuilder
instanceKlass org/apache/maven/project/DefaultProjectBuildingHelper
instanceKlass org/apache/maven/repository/legacy/resolver/conflict/OldestConflictResolver
instanceKlass org/apache/maven/model/Reporting
instanceKlass org/apache/maven/model/RepositoryBase
instanceKlass org/apache/maven/project/inheritance/DefaultModelInheritanceAssembler
instanceKlass org/sonatype/plexus/components/sec/dispatcher/PasswordDecryptor
instanceKlass sun/reflect/generics/tree/MethodTypeSignature
instanceKlass sun/reflect/generics/tree/VoidDescriptor
instanceKlass org/sonatype/plexus/components/sec/dispatcher/model/SettingsSecurity
instanceKlass org/apache/maven/project/ProjectBuilderConfiguration
instanceKlass org/apache/maven/lifecycle/internal/builder/singlethreaded/SingleThreadedBuilder
instanceKlass org/apache/maven/repository/metadata/MetadataGraphEdge
instanceKlass org/apache/maven/artifact/versioning/ArtifactVersion
instanceKlass org/apache/maven/repository/metadata/DefaultGraphConflictResolutionPolicy
instanceKlass org/apache/maven/project/validation/ModelValidationResult
instanceKlass org/apache/maven/project/validation/DefaultModelValidator
instanceKlass org/apache/maven/artifact/handler/DefaultArtifactHandler
instanceKlass org/apache/maven/lifecycle/internal/PhaseRecorder
instanceKlass org/apache/maven/lifecycle/internal/DependencyContext
instanceKlass org/apache/maven/lifecycle/internal/ProjectIndex
instanceKlass org/apache/maven/plugin/MojoExecutionRunner
instanceKlass org/apache/maven/lifecycle/internal/DefaultLifecycleMappingDelegate
instanceKlass org/eclipse/aether/RequestTrace
instanceKlass org/apache/maven/model/PluginContainer
instanceKlass org/eclipse/aether/repository/ArtifactRepository
instanceKlass org/apache/maven/plugin/prefix/PluginPrefixResult
instanceKlass org/apache/maven/plugin/prefix/internal/DefaultPluginPrefixResolver
instanceKlass org/eclipse/aether/graph/DependencyFilter
instanceKlass org/apache/maven/project/ProjectRealmCache$CacheRecord
instanceKlass org/apache/maven/project/ProjectRealmCache$Key
instanceKlass org/apache/maven/project/DefaultProjectRealmCache
instanceKlass org/apache/maven/settings/crypto/SettingsDecryptionRequest
instanceKlass org/apache/maven/wagon/observers/ChecksumObserver
instanceKlass org/apache/maven/repository/legacy/DefaultWagonManager
instanceKlass org/apache/maven/artifact/versioning/VersionRange
instanceKlass org/apache/maven/artifact/factory/DefaultArtifactFactory
instanceKlass org/apache/maven/artifact/repository/layout/FlatRepositoryLayout
instanceKlass org/apache/maven/artifact/repository/metadata/Metadata
instanceKlass org/apache/maven/project/artifact/MavenMetadataSource$ProjectRelocation
instanceKlass org/apache/maven/model/Dependency
instanceKlass org/apache/maven/artifact/resolver/filter/ArtifactFilter
instanceKlass org/apache/maven/repository/legacy/metadata/MetadataResolutionRequest
instanceKlass org/apache/maven/repository/legacy/metadata/ResolutionGroup
instanceKlass org/apache/maven/project/artifact/MavenMetadataSource
instanceKlass org/apache/maven/repository/legacy/resolver/conflict/NewestConflictResolver
instanceKlass org/apache/maven/plugin/descriptor/Parameter
instanceKlass org/apache/maven/lifecycle/internal/DefaultMojoExecutionConfigurator
instanceKlass org/apache/maven/project/artifact/ProjectArtifactsCache$CacheRecord
instanceKlass org/apache/maven/project/artifact/ProjectArtifactsCache$Key
instanceKlass org/apache/maven/project/artifact/DefaultProjectArtifactsCache
instanceKlass org/apache/maven/lifecycle/mapping/DefaultLifecycleMapping
instanceKlass org/objectweb/asm/Handler
instanceKlass org/objectweb/asm/Frame
instanceKlass org/objectweb/asm/ByteVector
instanceKlass org/objectweb/asm/Symbol
instanceKlass org/objectweb/asm/SymbolTable
instanceKlass org/objectweb/asm/FieldVisitor
instanceKlass org/objectweb/asm/MethodVisitor
instanceKlass org/objectweb/asm/ModuleVisitor
instanceKlass org/objectweb/asm/RecordComponentVisitor
instanceKlass org/apache/maven/wagon/InputData
instanceKlass org/apache/maven/wagon/OutputData
instanceKlass java/util/EventObject
instanceKlass org/apache/maven/wagon/events/SessionListener
instanceKlass org/apache/maven/wagon/events/TransferListener
instanceKlass org/apache/maven/wagon/resource/Resource
instanceKlass org/apache/maven/wagon/repository/RepositoryPermissions
instanceKlass org/apache/maven/wagon/proxy/ProxyInfo
instanceKlass org/apache/maven/wagon/authentication/AuthenticationInfo
instanceKlass org/apache/maven/wagon/events/TransferEventSupport
instanceKlass org/apache/maven/wagon/events/SessionEventSupport
instanceKlass org/apache/maven/wagon/repository/Repository
instanceKlass org/apache/maven/wagon/proxy/ProxyInfoProvider
instanceKlass org/apache/maven/wagon/AbstractWagon
instanceKlass org/apache/maven/wagon/StreamingWagon
instanceKlass org/codehaus/plexus/component/repository/ComponentSetDescriptor
instanceKlass org/apache/maven/plugin/DefaultBuildPluginManager
instanceKlass org/apache/maven/project/ProjectBuildingResult
instanceKlass org/apache/maven/model/building/ModelProblem
instanceKlass org/apache/maven/exception/ExceptionSummary
instanceKlass org/apache/maven/exception/DefaultExceptionHandler
instanceKlass org/apache/maven/project/DefaultDependencyResolutionResult
instanceKlass org/apache/maven/project/DependencyResolutionRequest
instanceKlass org/eclipse/aether/graph/DependencyVisitor
instanceKlass org/apache/maven/project/DependencyResolutionResult
instanceKlass org/apache/maven/project/DefaultProjectDependenciesResolver
instanceKlass org/apache/maven/lifecycle/internal/DefaultLifecyclePluginAnalyzer$GoalSpec
instanceKlass org/apache/maven/lifecycle/mapping/LifecyclePhase
instanceKlass org/apache/maven/lifecycle/internal/DefaultLifecyclePluginAnalyzer
instanceKlass org/apache/maven/artifact/resolver/ResolutionNode
instanceKlass org/apache/maven/repository/legacy/resolver/conflict/NearestConflictResolver
instanceKlass org/eclipse/aether/metadata/Metadata
instanceKlass org/eclipse/aether/artifact/Artifact
instanceKlass org/apache/maven/lifecycle/internal/DefaultLifecycleExecutionPlanCalculator
instanceKlass org/apache/maven/lifecycle/internal/builder/multithreaded/ConcurrencyDependencyGraph
instanceKlass org/apache/maven/lifecycle/internal/builder/multithreaded/ThreadOutputMuxer
instanceKlass org/apache/maven/lifecycle/internal/TaskSegment
instanceKlass org/apache/maven/lifecycle/internal/ProjectSegment
instanceKlass org/apache/maven/lifecycle/internal/ReactorBuildStatus
instanceKlass org/apache/maven/lifecycle/internal/ReactorContext
instanceKlass java/util/concurrent/CompletionService
instanceKlass org/apache/maven/lifecycle/internal/builder/multithreaded/MultiThreadedBuilder
instanceKlass org/apache/maven/artifact/repository/metadata/Versioning
instanceKlass org/apache/maven/artifact/repository/metadata/RepositoryMetadata
instanceKlass org/apache/maven/artifact/metadata/ArtifactMetadata
instanceKlass org/apache/maven/repository/legacy/metadata/ArtifactMetadata
instanceKlass org/apache/maven/artifact/repository/layout/DefaultRepositoryLayout
instanceKlass org/apache/maven/lifecycle/internal/ProjectBuildList
instanceKlass org/apache/maven/repository/metadata/ClasspathContainer
instanceKlass org/apache/maven/repository/metadata/MetadataGraph
instanceKlass org/apache/maven/repository/metadata/DefaultClasspathTransformation
instanceKlass org/apache/maven/model/ConfigurationContainer
instanceKlass org/apache/maven/plugin/version/PluginVersionRequest
instanceKlass org/apache/maven/plugin/prefix/PluginPrefixRequest
instanceKlass org/apache/maven/toolchain/model/TrackableBase
instanceKlass org/apache/maven/toolchain/DefaultToolchain
instanceKlass org/apache/maven/toolchain/ToolchainPrivate
instanceKlass org/apache/maven/toolchain/java/JavaToolchain
instanceKlass org/apache/maven/toolchain/java/JavaToolchainFactory
instanceKlass org/apache/maven/artifact/repository/RepositoryRequest
instanceKlass org/apache/maven/artifact/repository/ArtifactRepository
instanceKlass org/apache/maven/artifact/Artifact
instanceKlass org/apache/maven/repository/legacy/resolver/transform/DefaultArtifactTransformationManager
instanceKlass org/apache/maven/toolchain/Toolchain
instanceKlass org/apache/maven/toolchain/DefaultToolchainManager
instanceKlass org/apache/maven/model/building/ModelProblemCollector
instanceKlass org/apache/maven/model/building/ModelBuildingRequest
instanceKlass org/apache/maven/model/ModelBase
instanceKlass org/apache/maven/model/InputLocationTracker
instanceKlass org/apache/maven/model/merge/ModelMerger
instanceKlass org/apache/maven/model/plugin/DefaultLifecycleBindingsInjector
instanceKlass org/apache/maven/lifecycle/MavenExecutionPlan
instanceKlass org/apache/maven/lifecycle/DefaultLifecycleExecutor
instanceKlass org/eclipse/aether/DefaultRepositorySystemSession
instanceKlass org/apache/maven/model/building/Result
instanceKlass org/eclipse/aether/RepositorySystemSession
instanceKlass org/apache/maven/execution/MavenExecutionResult
instanceKlass org/apache/maven/DefaultMaven
instanceKlass org/apache/maven/settings/TrackableBase
instanceKlass org/apache/maven/settings/building/SettingsBuildingRequest
instanceKlass org/codehaus/plexus/logging/AbstractLogEnabled
instanceKlass com/google/inject/spi/ProviderWithExtensionVisitor
instanceKlass com/google/common/collect/Iterables
instanceKlass java/util/stream/ForEachOps$ForEachOp
instanceKlass java/util/stream/ForEachOps
instanceKlass org/eclipse/sisu/plexus/PlexusBean
instanceKlass org/codehaus/plexus/component/repository/ComponentDescriptor
instanceKlass com/google/inject/spi/ProvidesMethodBinding
instanceKlass org/eclipse/sisu/inject/Guice4
instanceKlass com/google/inject/internal/GuiceInternal
instanceKlass org/sonatype/inject/Parameters
instanceKlass org/eclipse/sisu/plexus/PlexusXmlBeanConverter
instanceKlass org/eclipse/sisu/plexus/PlexusBeanConverter
instanceKlass com/google/inject/spi/TypeConverterBinding
instanceKlass java/lang/reflect/AnnotatedParameterizedType
instanceKlass sun/reflect/generics/tree/Wildcard
instanceKlass sun/reflect/generics/tree/BottomSignature
instanceKlass org/eclipse/sisu/inject/DefaultRankingFunction
instanceKlass com/google/inject/spi/ProvisionListenerBinding
instanceKlass com/google/inject/spi/TypeListenerBinding
instanceKlass org/eclipse/sisu/bean/BeanListener
instanceKlass com/google/inject/matcher/Matchers
instanceKlass org/eclipse/sisu/bean/PropertyBinder
instanceKlass org/eclipse/sisu/plexus/PlexusBeanBinder
instanceKlass com/google/inject/spi/InjectionListener
instanceKlass org/sonatype/plexus/components/sec/dispatcher/DefaultSecDispatcher
instanceKlass org/sonatype/plexus/components/cipher/DefaultPlexusCipher
instanceKlass org/sonatype/plexus/components/cipher/PlexusCipher
instanceKlass org/codehaus/plexus/component/configurator/AbstractComponentConfigurator
instanceKlass org/codehaus/plexus/component/configurator/ComponentConfigurator
instanceKlass org/apache/maven/settings/validation/DefaultSettingsValidator
instanceKlass org/apache/maven/settings/validation/SettingsValidator
instanceKlass org/apache/maven/settings/io/DefaultSettingsWriter
instanceKlass org/apache/maven/settings/io/SettingsWriter
instanceKlass org/apache/maven/settings/io/DefaultSettingsReader
instanceKlass org/apache/maven/settings/io/SettingsReader
instanceKlass org/apache/maven/settings/crypto/DefaultSettingsDecrypter
instanceKlass org/apache/maven/settings/crypto/SettingsDecrypter
instanceKlass org/apache/maven/settings/building/DefaultSettingsBuilder
instanceKlass org/apache/maven/settings/building/SettingsBuilder
instanceKlass org/eclipse/aether/transport/wagon/WagonTransporterFactory
instanceKlass org/eclipse/aether/internal/transport/wagon/PlexusWagonProvider
instanceKlass org/eclipse/aether/transport/wagon/WagonProvider
instanceKlass org/eclipse/aether/internal/transport/wagon/PlexusWagonConfigurator
instanceKlass org/eclipse/aether/transport/wagon/WagonConfigurator
instanceKlass org/eclipse/aether/transport/http/ChecksumExtractor
instanceKlass org/eclipse/aether/transport/http/HttpTransporterFactory
instanceKlass org/eclipse/aether/transport/file/FileTransporterFactory
instanceKlass org/eclipse/aether/spi/connector/transport/TransporterFactory
instanceKlass org/apache/maven/repository/internal/VersionsMetadataGeneratorFactory
instanceKlass org/apache/maven/repository/internal/SnapshotMetadataGeneratorFactory
instanceKlass org/apache/maven/repository/internal/PluginsMetadataGeneratorFactory
instanceKlass org/eclipse/aether/impl/MetadataGeneratorFactory
instanceKlass org/apache/maven/repository/internal/DefaultVersionResolver
instanceKlass org/eclipse/aether/impl/VersionResolver
instanceKlass org/apache/maven/repository/internal/DefaultVersionRangeResolver
instanceKlass org/eclipse/aether/impl/VersionRangeResolver
instanceKlass org/apache/maven/repository/internal/DefaultModelCacheFactory
instanceKlass org/apache/maven/repository/internal/ModelCacheFactory
instanceKlass org/apache/maven/repository/internal/DefaultArtifactDescriptorReader
instanceKlass org/eclipse/aether/impl/ArtifactDescriptorReader
instanceKlass org/eclipse/aether/named/support/NamedLockFactorySupport
instanceKlass org/eclipse/aether/named/NamedLockFactory
instanceKlass org/eclipse/aether/internal/impl/synccontext/named/providers/StaticNameMapperProvider
instanceKlass org/eclipse/aether/internal/impl/synccontext/named/providers/GAVNameMapperProvider
instanceKlass org/eclipse/aether/internal/impl/synccontext/named/providers/GAECVNameMapperProvider
instanceKlass org/eclipse/aether/internal/impl/synccontext/named/providers/FileStaticNameMapperProvider
instanceKlass org/eclipse/aether/internal/impl/synccontext/named/providers/FileHashingGAVNameMapperProvider
instanceKlass org/eclipse/aether/internal/impl/synccontext/named/providers/FileHashingGAECVNameMapperProvider
instanceKlass org/eclipse/aether/internal/impl/synccontext/named/providers/FileGAVNameMapperProvider
instanceKlass org/eclipse/aether/internal/impl/synccontext/named/providers/FileGAECVNameMapperProvider
instanceKlass org/eclipse/aether/internal/impl/synccontext/named/NameMapper
instanceKlass org/eclipse/aether/internal/impl/synccontext/named/providers/DiscriminatingNameMapperProvider
instanceKlass org/eclipse/aether/internal/impl/synccontext/named/NamedLockFactoryAdapterFactoryImpl
instanceKlass org/eclipse/aether/internal/impl/synccontext/named/NamedLockFactoryAdapterFactory
instanceKlass org/eclipse/aether/internal/impl/synccontext/legacy/DefaultSyncContextFactory
instanceKlass org/eclipse/aether/impl/SyncContextFactory
instanceKlass org/eclipse/aether/internal/impl/synccontext/DefaultSyncContextFactory
instanceKlass org/eclipse/aether/spi/synccontext/SyncContextFactory
instanceKlass java/lang/Deprecated
instanceKlass org/eclipse/aether/internal/impl/slf4j/Slf4jLoggerFactory
instanceKlass org/eclipse/aether/internal/impl/resolution/ArtifactResolverPostProcessorSupport
instanceKlass org/eclipse/aether/internal/impl/filter/RemoteRepositoryFilterSourceSupport
instanceKlass org/eclipse/aether/spi/connector/filter/RemoteRepositoryFilterSource
instanceKlass org/eclipse/aether/spi/resolution/ArtifactResolverPostProcessor
instanceKlass org/eclipse/aether/internal/impl/filter/DefaultRemoteRepositoryFilterManager
instanceKlass org/eclipse/aether/impl/RemoteRepositoryFilterManager
instanceKlass org/eclipse/aether/internal/impl/collect/DependencyCollectorDelegate
instanceKlass org/eclipse/aether/internal/impl/collect/DefaultDependencyCollector
instanceKlass org/eclipse/aether/impl/DependencyCollector
instanceKlass org/eclipse/aether/internal/impl/checksum/TrustedToProvidedChecksumsSourceAdapter
instanceKlass org/eclipse/aether/spi/checksums/ProvidedChecksumsSource
instanceKlass org/eclipse/aether/internal/impl/checksum/FileTrustedChecksumsSourceSupport
instanceKlass org/eclipse/aether/spi/checksums/TrustedChecksumsSource
instanceKlass org/eclipse/aether/spi/connector/checksum/ChecksumAlgorithmFactorySupport
instanceKlass org/eclipse/aether/spi/connector/checksum/ChecksumAlgorithmFactory
instanceKlass org/eclipse/aether/internal/impl/checksum/DefaultChecksumAlgorithmFactorySelector
instanceKlass org/eclipse/aether/spi/connector/checksum/ChecksumAlgorithmFactorySelector
instanceKlass org/eclipse/aether/internal/impl/SimpleLocalRepositoryManagerFactory
instanceKlass org/eclipse/aether/internal/impl/Maven2RepositoryLayoutFactory
instanceKlass org/eclipse/aether/spi/connector/layout/RepositoryLayoutFactory
instanceKlass org/eclipse/aether/spi/log/LoggerFactory
instanceKlass org/eclipse/aether/internal/impl/LoggerFactoryProvider
instanceKlass org/eclipse/aether/internal/impl/EnhancedLocalRepositoryManagerFactory
instanceKlass org/eclipse/aether/spi/localrepo/LocalRepositoryManagerFactory
instanceKlass org/eclipse/aether/internal/impl/DefaultUpdatePolicyAnalyzer
instanceKlass org/eclipse/aether/impl/UpdatePolicyAnalyzer
instanceKlass org/eclipse/aether/internal/impl/DefaultUpdateCheckManager
instanceKlass org/eclipse/aether/impl/UpdateCheckManager
instanceKlass java/lang/Long$LongCache
instanceKlass org/eclipse/aether/internal/impl/DefaultTransporterProvider
instanceKlass org/eclipse/aether/spi/connector/transport/TransporterProvider
instanceKlass org/eclipse/aether/internal/impl/DefaultTrackingFileManager
instanceKlass org/eclipse/aether/internal/impl/TrackingFileManager
instanceKlass org/eclipse/aether/internal/impl/DefaultRepositorySystemLifecycle
instanceKlass org/eclipse/aether/impl/RepositorySystemLifecycle
instanceKlass org/eclipse/aether/internal/impl/DefaultRepositorySystem
instanceKlass org/eclipse/aether/RepositorySystem
instanceKlass org/eclipse/aether/internal/impl/DefaultRepositoryLayoutProvider
instanceKlass org/eclipse/aether/spi/connector/layout/RepositoryLayoutProvider
instanceKlass org/eclipse/aether/internal/impl/DefaultRepositoryEventDispatcher
instanceKlass org/eclipse/aether/impl/RepositoryEventDispatcher
instanceKlass org/eclipse/aether/internal/impl/DefaultRepositoryConnectorProvider
instanceKlass org/eclipse/aether/impl/RepositoryConnectorProvider
instanceKlass org/eclipse/aether/internal/impl/DefaultRemoteRepositoryManager
instanceKlass org/eclipse/aether/impl/RemoteRepositoryManager
instanceKlass org/eclipse/aether/internal/impl/DefaultOfflineController
instanceKlass org/eclipse/aether/impl/OfflineController
instanceKlass org/eclipse/aether/internal/impl/DefaultMetadataResolver
instanceKlass org/eclipse/aether/impl/MetadataResolver
instanceKlass org/eclipse/aether/internal/impl/DefaultLocalRepositoryProvider
instanceKlass org/eclipse/aether/impl/LocalRepositoryProvider
instanceKlass org/eclipse/aether/internal/impl/LocalPathPrefixComposerFactorySupport
instanceKlass org/eclipse/aether/internal/impl/LocalPathPrefixComposerFactory
instanceKlass org/eclipse/aether/internal/impl/DefaultLocalPathComposer
instanceKlass org/eclipse/aether/internal/impl/LocalPathComposer
instanceKlass org/eclipse/aether/internal/impl/DefaultInstaller
instanceKlass org/eclipse/aether/impl/Installer
instanceKlass org/eclipse/aether/internal/impl/DefaultFileProcessor
instanceKlass org/eclipse/aether/spi/io/FileProcessor
instanceKlass org/eclipse/aether/internal/impl/DefaultDeployer
instanceKlass org/eclipse/aether/impl/Deployer
instanceKlass org/eclipse/aether/internal/impl/DefaultChecksumPolicyProvider
instanceKlass org/eclipse/aether/spi/connector/checksum/ChecksumPolicyProvider
instanceKlass org/eclipse/aether/internal/impl/DefaultArtifactResolver
instanceKlass org/eclipse/aether/impl/ArtifactResolver
instanceKlass org/eclipse/aether/connector/basic/BasicRepositoryConnectorFactory
instanceKlass org/eclipse/aether/spi/locator/Service
instanceKlass org/eclipse/aether/spi/connector/RepositoryConnectorFactory
instanceKlass org/apache/maven/model/validation/DefaultModelValidator
instanceKlass org/apache/maven/model/validation/ModelValidator
instanceKlass org/apache/maven/model/superpom/DefaultSuperPomProvider
instanceKlass org/apache/maven/model/superpom/SuperPomProvider
instanceKlass org/apache/maven/model/profile/activation/PropertyProfileActivator
instanceKlass org/apache/maven/model/profile/activation/OperatingSystemProfileActivator
instanceKlass org/apache/maven/model/profile/activation/JdkVersionProfileActivator
instanceKlass org/apache/maven/model/profile/activation/FileProfileActivator
instanceKlass org/apache/maven/model/profile/activation/ProfileActivator
instanceKlass org/apache/maven/model/profile/DefaultProfileSelector
instanceKlass org/apache/maven/model/profile/ProfileSelector
instanceKlass org/apache/maven/model/profile/DefaultProfileInjector
instanceKlass org/apache/maven/model/profile/ProfileInjector
instanceKlass org/apache/maven/model/plugin/DefaultReportingConverter
instanceKlass org/apache/maven/model/plugin/ReportingConverter
instanceKlass org/apache/maven/model/plugin/DefaultReportConfigurationExpander
instanceKlass org/apache/maven/model/plugin/ReportConfigurationExpander
instanceKlass org/apache/maven/model/plugin/DefaultPluginConfigurationExpander
instanceKlass org/apache/maven/model/plugin/PluginConfigurationExpander
instanceKlass org/apache/maven/model/path/ProfileActivationFilePathInterpolator
instanceKlass org/apache/maven/model/path/DefaultUrlNormalizer
instanceKlass org/apache/maven/model/path/UrlNormalizer
instanceKlass org/apache/maven/model/path/DefaultPathTranslator
instanceKlass org/apache/maven/model/path/PathTranslator
instanceKlass org/apache/maven/model/path/DefaultModelUrlNormalizer
instanceKlass org/apache/maven/model/path/ModelUrlNormalizer
instanceKlass org/apache/maven/model/path/DefaultModelPathTranslator
instanceKlass org/apache/maven/model/path/ModelPathTranslator
instanceKlass org/apache/maven/model/normalization/DefaultModelNormalizer
instanceKlass org/apache/maven/model/normalization/ModelNormalizer
instanceKlass org/apache/maven/model/management/DefaultPluginManagementInjector
instanceKlass org/apache/maven/model/management/PluginManagementInjector
instanceKlass org/apache/maven/model/management/DefaultDependencyManagementInjector
instanceKlass org/apache/maven/model/management/DependencyManagementInjector
instanceKlass org/apache/maven/model/locator/DefaultModelLocator
instanceKlass org/apache/maven/model/io/DefaultModelWriter
instanceKlass org/apache/maven/model/io/ModelWriter
instanceKlass org/apache/maven/model/io/DefaultModelReader
instanceKlass org/apache/maven/model/interpolation/AbstractStringBasedModelInterpolator
instanceKlass org/apache/maven/model/interpolation/ModelInterpolator
instanceKlass org/apache/maven/model/interpolation/DefaultModelVersionProcessor
instanceKlass org/apache/maven/model/interpolation/ModelVersionProcessor
instanceKlass org/apache/maven/model/inheritance/DefaultInheritanceAssembler
instanceKlass org/apache/maven/model/inheritance/InheritanceAssembler
instanceKlass org/apache/maven/model/composition/DefaultDependencyManagementImporter
instanceKlass org/apache/maven/model/composition/DependencyManagementImporter
instanceKlass org/apache/maven/model/building/DefaultModelProcessor
instanceKlass org/apache/maven/model/building/ModelProcessor
instanceKlass org/apache/maven/model/io/ModelReader
instanceKlass org/apache/maven/model/locator/ModelLocator
instanceKlass org/apache/maven/model/building/DefaultModelBuilder
instanceKlass org/apache/maven/model/building/ModelBuilder
instanceKlass org/apache/maven/cli/internal/BootstrapCoreExtensionManager
instanceKlass org/apache/maven/cli/configuration/SettingsXmlConfigurationProcessor
instanceKlass org/apache/maven/cli/configuration/ConfigurationProcessor
instanceKlass org/apache/maven/toolchain/io/DefaultToolchainsWriter
instanceKlass org/apache/maven/toolchain/io/ToolchainsWriter
instanceKlass org/apache/maven/toolchain/io/DefaultToolchainsReader
instanceKlass org/apache/maven/toolchain/io/ToolchainsReader
instanceKlass org/apache/maven/toolchain/building/DefaultToolchainsBuilder
instanceKlass org/apache/maven/toolchain/building/ToolchainsBuilder
instanceKlass org/apache/maven/execution/MavenSession
instanceKlass org/apache/maven/session/scope/internal/SessionScope$ScopeState
instanceKlass org/apache/maven/session/scope/internal/SessionScope
instanceKlass org/apache/maven/plugin/internal/MavenPluginMavenPrerequisiteChecker
instanceKlass org/apache/maven/plugin/internal/MavenPluginJavaPrerequisiteChecker
instanceKlass org/apache/maven/plugin/MavenPluginPrerequisitesChecker
instanceKlass jdk/internal/reflect/ClassDefiner$1
instanceKlass jdk/internal/reflect/ClassDefiner
instanceKlass jdk/internal/reflect/MethodAccessorGenerator$1
instanceKlass jdk/internal/reflect/Label$PatchInfo
instanceKlass jdk/internal/reflect/Label
instanceKlass jdk/internal/reflect/UTF8
instanceKlass jdk/internal/reflect/ClassFileAssembler
instanceKlass jdk/internal/reflect/ByteVectorImpl
instanceKlass jdk/internal/reflect/ByteVector
instanceKlass jdk/internal/reflect/ByteVectorFactory
instanceKlass jdk/internal/reflect/AccessorGenerator
instanceKlass jdk/internal/reflect/ClassFileConstants
instanceKlass org/apache/maven/plugin/internal/AbstractMavenPluginDependenciesValidator
instanceKlass org/apache/maven/plugin/internal/MavenPluginDependenciesValidator
instanceKlass org/apache/maven/plugin/internal/AbstractMavenPluginParametersValidator
instanceKlass org/apache/maven/plugin/internal/MavenPluginConfigurationValidator
instanceKlass org/apache/maven/eventspy/AbstractEventSpy
instanceKlass org/apache/maven/eventspy/EventSpy
instanceKlass org/apache/maven/plugin/PluginValidationManager
instanceKlass org/apache/maven/plugin/DefaultMojosExecutionStrategy
instanceKlass org/apache/maven/plugin/MojosExecutionStrategy
instanceKlass org/apache/maven/lifecycle/internal/LifecycleDependencyResolver
instanceKlass org/apache/maven/lifecycle/internal/DefaultProjectArtifactFactory
instanceKlass org/apache/maven/lifecycle/internal/ProjectArtifactFactory
instanceKlass org/apache/maven/internal/aether/ResolverLifecycle
instanceKlass org/apache/maven/internal/aether/DefaultRepositorySystemSessionFactory
instanceKlass org/apache/maven/extension/internal/CoreExportsProvider
instanceKlass org/apache/maven/plugin/MojoExecution
instanceKlass org/apache/maven/project/MavenProject
instanceKlass org/apache/maven/execution/scope/internal/MojoExecutionScope$ScopeState
instanceKlass org/apache/maven/execution/MojoExecutionEvent
instanceKlass org/apache/maven/execution/scope/MojoExecutionScoped
instanceKlass com/google/inject/RestrictedBindingSource$Permit
instanceKlass org/apache/maven/execution/scope/internal/MojoExecutionScope$1
instanceKlass org/apache/maven/execution/scope/internal/MojoExecutionScope
instanceKlass org/apache/maven/execution/MojoExecutionListener
instanceKlass org/eclipse/sisu/space/QualifiedTypeBinder$1
instanceKlass org/apache/maven/execution/DefaultMavenExecutionRequestPopulator
instanceKlass org/apache/maven/execution/MavenExecutionRequestPopulator
instanceKlass org/apache/maven/classrealm/DefaultClassRealmManager
instanceKlass org/apache/maven/classrealm/ClassRealmManager
instanceKlass org/apache/maven/SessionScoped
instanceKlass org/apache/maven/ReactorReader
instanceKlass org/apache/maven/repository/internal/MavenWorkspaceReader
instanceKlass org/eclipse/aether/repository/WorkspaceReader
instanceKlass org/eclipse/sisu/space/WildcardKey$QualifiedImpl
instanceKlass org/eclipse/sisu/space/WildcardKey$Qualified
instanceKlass org/eclipse/sisu/space/WildcardKey
instanceKlass org/eclipse/sisu/Typed
instanceKlass org/sonatype/inject/EagerSingleton
instanceKlass org/eclipse/sisu/EagerSingleton
instanceKlass org/sonatype/inject/Mediator
instanceKlass org/eclipse/sisu/inject/TypeArguments
instanceKlass org/apache/maven/DefaultArtifactFilterManager
instanceKlass org/apache/maven/ArtifactFilterManager
instanceKlass org/objectweb/asm/Context
instanceKlass org/objectweb/asm/Attribute
instanceKlass org/objectweb/asm/AnnotationVisitor
instanceKlass org/objectweb/asm/ClassReader
instanceKlass org/eclipse/sisu/space/IndexedClassFinder$1
instanceKlass jdk/internal/misc/ScopedMemoryAccess$Scope
instanceKlass org/eclipse/sisu/inject/Logs$SLF4JSink
instanceKlass org/eclipse/sisu/inject/Logs$Sink
instanceKlass org/eclipse/sisu/inject/Logs
instanceKlass org/eclipse/sisu/space/QualifierCache
instanceKlass org/eclipse/sisu/space/QualifiedTypeVisitor
instanceKlass org/eclipse/sisu/plexus/PlexusTypeVisitor$ComponentAnnotationVisitor
instanceKlass org/eclipse/sisu/space/AnnotationVisitor
instanceKlass org/eclipse/sisu/plexus/PlexusTypeVisitor
instanceKlass org/eclipse/sisu/space/ClassVisitor
instanceKlass org/eclipse/sisu/plexus/PlexusXmlBeanModule$PlexusXmlBeanSource
instanceKlass org/eclipse/sisu/inject/DescriptionSource
instanceKlass org/eclipse/sisu/inject/AnnotatedSource
instanceKlass org/eclipse/sisu/Priority
instanceKlass org/eclipse/sisu/Hidden
instanceKlass org/eclipse/sisu/Description
instanceKlass org/eclipse/sisu/inject/Sources
instanceKlass com/google/inject/Key$AnnotationInstanceStrategy
instanceKlass com/google/inject/name/NamedImpl
instanceKlass com/google/inject/name/Named
instanceKlass com/google/inject/name/Names
instanceKlass com/google/inject/internal/MoreTypes$ParameterizedTypeImpl
instanceKlass sun/reflect/generics/reflectiveObjects/ParameterizedTypeImpl
instanceKlass sun/reflect/generics/reflectiveObjects/LazyReflectiveObjectGenerator
instanceKlass org/apache/maven/wagon/Wagon
instanceKlass org/apache/maven/toolchain/ToolchainsBuilder
instanceKlass org/apache/maven/toolchain/ToolchainManagerPrivate
instanceKlass org/apache/maven/toolchain/ToolchainManager
instanceKlass org/apache/maven/toolchain/ToolchainFactory
instanceKlass org/apache/maven/settings/MavenSettingsBuilder
instanceKlass org/apache/maven/rtinfo/RuntimeInformation
instanceKlass org/apache/maven/project/artifact/ProjectArtifactsCache
instanceKlass org/apache/maven/project/artifact/MavenMetadataCache
instanceKlass org/apache/maven/project/ProjectRealmCache
instanceKlass org/apache/maven/project/ProjectDependenciesResolver
instanceKlass org/apache/maven/project/ProjectBuildingHelper
instanceKlass org/apache/maven/project/ProjectBuilder
instanceKlass org/apache/maven/project/MavenProjectHelper
instanceKlass org/apache/maven/plugin/version/PluginVersionResolver
instanceKlass org/apache/maven/plugin/prefix/PluginPrefixResolver
instanceKlass org/apache/maven/plugin/internal/PluginDependenciesResolver
instanceKlass org/apache/maven/plugin/PluginRealmCache
instanceKlass org/apache/maven/plugin/PluginManager
instanceKlass org/apache/maven/plugin/PluginDescriptorCache
instanceKlass org/apache/maven/plugin/PluginArtifactsCache
instanceKlass org/apache/maven/plugin/MavenPluginManager
instanceKlass org/apache/maven/plugin/LegacySupport
instanceKlass org/apache/maven/plugin/ExtensionRealmCache
instanceKlass org/apache/maven/plugin/BuildPluginManager
instanceKlass org/apache/maven/model/plugin/LifecycleBindingsInjector
instanceKlass org/apache/maven/lifecycle/internal/builder/BuilderCommon
instanceKlass org/apache/maven/lifecycle/internal/builder/Builder
instanceKlass org/apache/maven/lifecycle/internal/MojoExecutor
instanceKlass org/apache/maven/lifecycle/internal/MojoDescriptorCreator
instanceKlass org/apache/maven/lifecycle/internal/LifecycleTaskSegmentCalculator
instanceKlass org/apache/maven/lifecycle/internal/LifecycleStarter
instanceKlass org/apache/maven/lifecycle/internal/LifecyclePluginResolver
instanceKlass org/apache/maven/lifecycle/internal/LifecycleModuleBuilder
instanceKlass org/apache/maven/lifecycle/internal/LifecycleExecutionPlanCalculator
instanceKlass org/apache/maven/lifecycle/internal/LifecycleDebugLogger
instanceKlass org/apache/maven/lifecycle/internal/ExecutionEventCatapult
instanceKlass org/apache/maven/lifecycle/internal/BuildListCalculator
instanceKlass org/apache/maven/lifecycle/MojoExecutionConfigurator
instanceKlass org/apache/maven/lifecycle/LifecycleMappingDelegate
instanceKlass org/apache/maven/lifecycle/LifecycleExecutor
instanceKlass org/apache/maven/lifecycle/LifeCyclePluginAnalyzer
instanceKlass org/apache/maven/lifecycle/DefaultLifecycles
instanceKlass org/apache/maven/graph/GraphBuilder
instanceKlass org/apache/maven/eventspy/internal/EventSpyDispatcher
instanceKlass org/apache/maven/configuration/BeanConfigurator
instanceKlass org/apache/maven/bridge/MavenRepositorySystem
instanceKlass org/apache/maven/artifact/resolver/ResolutionErrorHandler
instanceKlass org/apache/maven/artifact/repository/metadata/io/MetadataReader
instanceKlass org/apache/maven/artifact/metadata/ArtifactMetadataSource
instanceKlass org/apache/maven/repository/legacy/metadata/ArtifactMetadataSource
instanceKlass org/apache/maven/artifact/handler/manager/ArtifactHandlerManager
instanceKlass org/apache/maven/artifact/factory/ArtifactFactory
instanceKlass org/apache/maven/ProjectDependenciesResolver
instanceKlass org/apache/maven/Maven
instanceKlass org/apache/maven/artifact/handler/ArtifactHandler
instanceKlass org/sonatype/plexus/components/sec/dispatcher/SecDispatcher
instanceKlass org/apache/maven/lifecycle/Lifecycle
instanceKlass org/eclipse/sisu/space/CloningClassSpace$1
instanceKlass org/apache/maven/lifecycle/mapping/LifecycleMapping
instanceKlass org/apache/maven/repository/metadata/GraphConflictResolver
instanceKlass org/apache/maven/repository/metadata/GraphConflictResolutionPolicy
instanceKlass org/eclipse/sisu/plexus/ConfigurationImpl
instanceKlass org/apache/maven/repository/metadata/ClasspathTransformation
instanceKlass org/apache/maven/repository/legacy/resolver/transform/ArtifactTransformationManager
instanceKlass org/apache/maven/repository/legacy/resolver/transform/ArtifactTransformation
instanceKlass org/apache/maven/repository/legacy/resolver/conflict/ConflictResolverFactory
instanceKlass org/apache/maven/repository/legacy/resolver/conflict/ConflictResolver
instanceKlass jdk/internal/access/foreign/MemorySegmentProxy
instanceKlass org/apache/maven/repository/legacy/repository/ArtifactRepositoryFactory
instanceKlass org/apache/maven/repository/legacy/UpdateCheckManager
instanceKlass org/apache/maven/repository/RepositorySystem
instanceKlass org/apache/maven/repository/MirrorSelector
instanceKlass org/apache/maven/project/validation/ModelValidator
instanceKlass org/apache/maven/project/path/PathTranslator
instanceKlass org/apache/maven/project/interpolation/ModelInterpolator
instanceKlass org/apache/maven/project/inheritance/ModelInheritanceAssembler
instanceKlass org/apache/maven/project/MavenProjectBuilder
instanceKlass org/apache/maven/profiles/MavenProfilesBuilder
instanceKlass org/apache/maven/execution/RuntimeInformation
instanceKlass org/apache/maven/artifact/resolver/ArtifactResolver
instanceKlass org/apache/maven/artifact/resolver/ArtifactCollector
instanceKlass org/apache/maven/repository/legacy/resolver/LegacyArtifactCollector
instanceKlass org/apache/maven/artifact/repository/metadata/RepositoryMetadataManager
instanceKlass org/apache/maven/artifact/repository/layout/ArtifactRepositoryLayout
instanceKlass org/apache/maven/artifact/repository/ArtifactRepositoryFactory
instanceKlass org/apache/maven/artifact/manager/WagonManager
instanceKlass org/apache/maven/repository/legacy/WagonManager
instanceKlass org/apache/maven/artifact/installer/ArtifactInstaller
instanceKlass org/eclipse/sisu/plexus/PlexusXmlMetadata
instanceKlass org/eclipse/sisu/plexus/Roles
instanceKlass org/apache/maven/artifact/deployer/ArtifactDeployer
instanceKlass org/eclipse/sisu/plexus/Hints
instanceKlass org/eclipse/sisu/space/AbstractDeferredClass
instanceKlass org/eclipse/sisu/plexus/RequirementImpl
instanceKlass org/codehaus/plexus/component/annotations/Requirement
instanceKlass org/eclipse/sisu/space/Streams
instanceKlass org/eclipse/sisu/plexus/ComponentImpl
instanceKlass org/codehaus/plexus/component/annotations/Component
instanceKlass org/eclipse/sisu/plexus/PlexusTypeRegistry
instanceKlass org/eclipse/sisu/plexus/PlexusXmlScanner
instanceKlass org/eclipse/sisu/space/QualifiedTypeBinder
instanceKlass org/eclipse/sisu/plexus/PlexusTypeBinder
instanceKlass com/google/inject/spi/InjectionRequest
instanceKlass org/eclipse/sisu/bean/BeanProperty
instanceKlass com/google/common/collect/ObjectArrays
instanceKlass com/google/inject/internal/Nullability
instanceKlass com/google/inject/internal/KotlinSupport$KotlinUnsupported
instanceKlass com/google/inject/internal/KotlinSupport$KotlinSupportHolder
instanceKlass com/google/inject/internal/KotlinSupportInterface
instanceKlass com/google/inject/internal/KotlinSupport
instanceKlass com/google/inject/spi/InjectionPoint$OverrideIndex
instanceKlass org/eclipse/sisu/inject/RankedBindings
instanceKlass org/eclipse/sisu/Mediator
instanceKlass sun/reflect/generics/tree/TypeVariableSignature
instanceKlass com/google/inject/Inject
instanceKlass javax/inject/Inject
instanceKlass java/lang/reflect/WildcardType
instanceKlass com/google/inject/spi/InjectionPoint$InjectableMembers
instanceKlass com/google/inject/spi/InjectionPoint$InjectableMember
instanceKlass com/google/inject/spi/InjectionPoint
instanceKlass java/lang/reflect/ParameterizedType
instanceKlass com/google/inject/internal/MoreTypes$GenericArrayTypeImpl
instanceKlass com/google/inject/internal/MoreTypes$CompositeType
instanceKlass com/google/inject/Key$AnnotationTypeStrategy
instanceKlass com/google/common/cache/LocalCache$StrongValueReference
instanceKlass com/google/common/util/concurrent/AbstractFuture$Failure
instanceKlass com/google/common/util/concurrent/AbstractFuture$Cancellation
instanceKlass com/google/common/util/concurrent/AbstractFuture$DelegatingToFuture
instanceKlass com/google/common/util/concurrent/Platform
instanceKlass com/google/common/util/concurrent/Uninterruptibles
instanceKlass com/google/common/util/concurrent/AbstractFuture$Listener
instanceKlass com/google/common/util/concurrent/AbstractFutureState$Waiter
instanceKlass com/google/common/util/concurrent/LazyLogger
instanceKlass java/util/concurrent/Executor
instanceKlass com/google/common/util/concurrent/AbstractFutureState$AtomicHelper
instanceKlass com/google/common/util/concurrent/internal/InternalFutureFailureAccess
instanceKlass com/google/common/util/concurrent/AbstractFuture$Trusted
instanceKlass com/google/common/util/concurrent/ListenableFuture
instanceKlass java/lang/invoke/VarHandle$AccessDescriptor
instanceKlass java/lang/annotation/Documented
instanceKlass java/lang/annotation/Target
instanceKlass javax/inject/Named
instanceKlass javax/inject/Qualifier
instanceKlass com/google/inject/BindingAnnotation
instanceKlass javax/inject/Scope
instanceKlass com/google/inject/ScopeAnnotation
instanceKlass com/google/inject/internal/Annotations$AnnotationChecker
instanceKlass java/lang/reflect/Proxy$ProxyBuilder$1
instanceKlass jdk/internal/org/objectweb/asm/Edge
instanceKlass java/lang/reflect/ProxyGenerator$PrimitiveTypeInfo
instanceKlass java/util/StringJoiner
instanceKlass java/lang/reflect/ProxyGenerator$ProxyMethod
instanceKlass java/lang/WeakPairMap$Pair$Lookup
instanceKlass java/lang/WeakPairMap$Pair
instanceKlass java/lang/WeakPairMap
instanceKlass java/lang/Module$ReflectionData
instanceKlass jdk/internal/module/Checks
instanceKlass java/lang/module/ModuleDescriptor$Builder
instanceKlass java/lang/PublicMethods
instanceKlass java/util/Collections$1
instanceKlass java/lang/reflect/Proxy$ProxyBuilder
instanceKlass java/lang/reflect/Proxy
instanceKlass sun/reflect/annotation/AnnotationInvocationHandler
instanceKlass sun/reflect/annotation/AnnotationParser$1
instanceKlass sun/reflect/annotation/ExceptionProxy
instanceKlass java/lang/annotation/Inherited
instanceKlass java/lang/annotation/Retention
instanceKlass sun/reflect/annotation/AnnotationType$1
instanceKlass sun/reflect/annotation/AnnotationType
instanceKlass java/lang/reflect/GenericArrayType
instanceKlass sun/reflect/generics/visitor/Reifier
instanceKlass sun/reflect/generics/visitor/TypeTreeVisitor
instanceKlass sun/reflect/generics/factory/CoreReflectionFactory
instanceKlass sun/reflect/generics/factory/GenericsFactory
instanceKlass sun/reflect/generics/scope/AbstractScope
instanceKlass sun/reflect/generics/scope/Scope
instanceKlass com/google/inject/internal/Annotations$TestAnnotation
instanceKlass com/google/inject/internal/Annotations$AnnotationToStringConfig
instanceKlass com/google/common/base/Joiner$MapJoiner
instanceKlass com/google/common/base/Joiner
instanceKlass java/lang/reflect/InvocationHandler
instanceKlass com/google/inject/internal/Annotations
instanceKlass org/eclipse/sisu/Parameters
instanceKlass org/eclipse/sisu/wire/ParameterKeys
instanceKlass com/google/inject/internal/util/StackTraceElements$InMemoryStackTraceElement
instanceKlass com/google/inject/internal/util/StackTraceElements
instanceKlass org/eclipse/sisu/wire/TypeConverterCache
instanceKlass com/google/inject/internal/Scoping
instanceKlass com/google/inject/internal/InternalFactory
instanceKlass java/lang/StackTraceElement$HashedModules
instanceKlass com/google/inject/internal/InternalFlags$1
instanceKlass com/google/inject/internal/InternalFlags
instanceKlass com/google/inject/spi/ProviderInstanceBinding
instanceKlass com/google/inject/spi/ProviderKeyBinding
instanceKlass com/google/inject/internal/DelayedInitialize
instanceKlass com/google/inject/spi/ConstructorBinding
instanceKlass com/google/inject/spi/InstanceBinding
instanceKlass com/google/inject/spi/HasDependencies
instanceKlass com/google/inject/spi/LinkedKeyBinding
instanceKlass com/google/inject/spi/UntargettedBinding
instanceKlass com/google/inject/internal/BindingImpl
instanceKlass com/google/inject/Key$AnnotationStrategy
instanceKlass org/eclipse/sisu/wire/ElementAnalyzer$1
instanceKlass com/google/inject/util/Modules$EmptyModule
instanceKlass com/google/inject/util/Modules$OverriddenModuleBuilder
instanceKlass com/google/inject/util/Modules
instanceKlass java/util/stream/Nodes$ArrayNode
instanceKlass java/util/stream/Node$Builder
instanceKlass java/util/stream/Node$OfDouble
instanceKlass java/util/stream/Node$OfLong
instanceKlass java/util/stream/Node$OfInt
instanceKlass java/util/stream/Node$OfPrimitive
instanceKlass java/util/stream/Nodes$EmptyNode
instanceKlass java/util/stream/Node
instanceKlass java/util/stream/Nodes
instanceKlass java/util/function/IntFunction
instanceKlass java/util/stream/SortedOps
instanceKlass com/google/common/collect/Ordering
instanceKlass com/google/inject/internal/DeclaredMembers
instanceKlass com/google/common/base/ExtraObjectsMethodsForWeb
instanceKlass com/google/common/collect/ImmutableMap$Builder
instanceKlass com/google/inject/internal/MoreTypes
instanceKlass com/google/inject/multibindings/ProvidesIntoOptional
instanceKlass com/google/inject/multibindings/ProvidesIntoMap
instanceKlass com/google/inject/multibindings/ProvidesIntoSet
instanceKlass com/google/inject/Provides
instanceKlass javax/inject/Singleton
instanceKlass com/google/inject/spi/ElementSource
instanceKlass com/google/inject/spi/ScopeBinding
instanceKlass com/google/inject/Scopes$2
instanceKlass com/google/inject/Scopes$1
instanceKlass com/google/inject/internal/SingletonScope
instanceKlass com/google/inject/Scopes
instanceKlass com/google/inject/Singleton
instanceKlass com/google/inject/spi/Elements$ModuleInfo
instanceKlass com/google/inject/PrivateModule
instanceKlass java/util/stream/Streams$2
instanceKlass java/util/stream/Streams$ConcatSpliterator
instanceKlass sun/reflect/annotation/AnnotatedTypeFactory$AnnotatedTypeBaseImpl
instanceKlass java/lang/reflect/AnnotatedType
instanceKlass sun/reflect/annotation/AnnotatedTypeFactory
instanceKlass sun/reflect/annotation/TypeAnnotation$LocationInfo$Location
instanceKlass sun/reflect/annotation/TypeAnnotation$LocationInfo
instanceKlass sun/reflect/generics/tree/ClassSignature
instanceKlass sun/reflect/generics/tree/Signature
instanceKlass sun/reflect/generics/tree/ClassTypeSignature
instanceKlass sun/reflect/generics/tree/SimpleClassTypeSignature
instanceKlass sun/reflect/generics/tree/FieldTypeSignature
instanceKlass sun/reflect/generics/tree/BaseType
instanceKlass sun/reflect/generics/tree/TypeSignature
instanceKlass sun/reflect/generics/tree/ReturnType
instanceKlass sun/reflect/generics/tree/TypeArgument
instanceKlass sun/reflect/generics/tree/FormalTypeParameter
instanceKlass sun/reflect/generics/tree/TypeTree
instanceKlass sun/reflect/generics/tree/Tree
instanceKlass sun/reflect/generics/parser/SignatureParser
instanceKlass java/lang/reflect/TypeVariable
instanceKlass sun/reflect/generics/repository/AbstractRepository
instanceKlass sun/reflect/annotation/TypeAnnotation
instanceKlass sun/reflect/annotation/TypeAnnotationParser
instanceKlass java/lang/Class$AnnotationData
instanceKlass com/google/inject/RestrictedBindingSource
instanceKlass com/google/inject/spi/BindingSourceRestriction
instanceKlass com/google/inject/spi/ModuleSource
instanceKlass com/google/inject/internal/ProviderMethodsModule
instanceKlass com/google/inject/spi/BindingSourceRestriction$PermitMapConstruction$PermitMapImpl
instanceKlass com/google/inject/spi/BindingSourceRestriction$PermitMap
instanceKlass com/google/inject/spi/BindingSourceRestriction$PermitMapConstruction
instanceKlass com/google/common/collect/Hashing
instanceKlass com/google/common/math/IntMath$1
instanceKlass com/google/common/math/MathPreconditions
instanceKlass com/google/common/math/IntMath
instanceKlass com/google/inject/internal/AbstractBindingBuilder
instanceKlass com/google/inject/binder/ConstantBindingBuilder
instanceKlass com/google/inject/binder/AnnotatedElementBuilder
instanceKlass com/google/inject/spi/Elements$RecordingBinder
instanceKlass com/google/inject/Binding
instanceKlass com/google/inject/spi/DefaultBindingTargetVisitor
instanceKlass com/google/inject/spi/BindingTargetVisitor
instanceKlass com/google/inject/spi/Elements
instanceKlass com/google/inject/internal/InjectorShell$RootModule
instanceKlass com/google/common/collect/ListMultimap
instanceKlass com/google/inject/internal/InjectorBindingData
instanceKlass java/util/concurrent/atomic/AtomicReferenceArray
instanceKlass java/util/concurrent/Future
instanceKlass com/google/common/cache/LocalCache$LoadingValueReference
instanceKlass java/lang/invoke/VarForm
instanceKlass java/lang/invoke/VarHandleGuards
instanceKlass jdk/internal/util/Preconditions$1
instanceKlass java/lang/invoke/VarHandle$1
instanceKlass java/lang/ClassValue$Version
instanceKlass java/lang/ClassValue$Identity
instanceKlass java/lang/ClassValue
instanceKlass java/lang/invoke/VarHandles
instanceKlass java/util/concurrent/ConcurrentLinkedQueue$Node
instanceKlass com/google/common/cache/Weigher
instanceKlass com/google/common/base/Predicate
instanceKlass com/google/common/base/Equivalence
instanceKlass java/util/function/BiPredicate
instanceKlass com/google/common/base/MoreObjects
instanceKlass com/google/common/cache/LocalCache$1
instanceKlass com/google/common/cache/ReferenceEntry
instanceKlass com/google/common/cache/CacheLoader
instanceKlass com/google/common/cache/LocalCache$LocalManualCache
instanceKlass java/util/AbstractMap$SimpleImmutableEntry
instanceKlass com/google/common/cache/RemovalListener
instanceKlass com/google/common/cache/LocalCache$ValueReference
instanceKlass com/google/common/cache/CacheBuilder$2
instanceKlass com/google/common/cache/CacheStats
instanceKlass com/google/common/base/Suppliers$SupplierOfInstance
instanceKlass com/google/common/base/Suppliers
instanceKlass com/google/common/cache/CacheBuilder$1
instanceKlass com/google/common/cache/AbstractCache$StatsCounter
instanceKlass com/google/common/cache/LoadingCache
instanceKlass com/google/common/cache/Cache
instanceKlass com/google/common/base/Supplier
instanceKlass com/google/common/cache/CacheBuilder
instanceKlass com/google/inject/internal/WeakKeySet
instanceKlass com/google/common/collect/Sets
instanceKlass com/google/inject/internal/InjectorJitBindingData
instanceKlass com/google/inject/internal/ProcessedBindingData
instanceKlass com/google/inject/spi/DefaultElementVisitor
instanceKlass com/google/inject/internal/InjectorShell$Builder
instanceKlass com/google/common/collect/Lists
instanceKlass com/google/common/collect/CollectPreconditions
instanceKlass com/google/common/collect/LinkedHashMultimap$MultimapIterationChain
instanceKlass java/lang/StrictMath
instanceKlass com/google/common/collect/Platform
instanceKlass com/google/common/collect/Multiset
instanceKlass com/google/common/collect/AbstractMultimap
instanceKlass com/google/common/collect/SetMultimap
instanceKlass com/google/common/base/Converter
instanceKlass com/google/common/collect/ImmutableMap
instanceKlass com/google/common/collect/BiMap
instanceKlass com/google/common/base/Function
instanceKlass com/google/common/collect/SortedMapDifference
instanceKlass com/google/common/collect/MapDifference
instanceKlass com/google/common/collect/Maps
instanceKlass com/google/inject/internal/CycleDetectingLock
instanceKlass com/google/common/collect/Multimap
instanceKlass com/google/inject/internal/CycleDetectingLock$CycleDetectingLockFactory
instanceKlass com/google/inject/internal/Initializable
instanceKlass com/google/inject/internal/Initializer
instanceKlass com/google/common/collect/PeekingIterator
instanceKlass com/google/common/collect/UnmodifiableIterator
instanceKlass com/google/common/collect/Iterators
instanceKlass com/google/common/collect/ImmutableCollection$Builder
instanceKlass com/google/common/collect/ImmutableSet$SetBuilderImpl
instanceKlass com/google/inject/internal/util/SourceProvider
instanceKlass com/google/inject/spi/ErrorDetail
instanceKlass com/google/inject/internal/Errors
instanceKlass com/google/common/base/Preconditions
instanceKlass java/time/Duration
instanceKlass java/time/temporal/TemporalAmount
instanceKlass java/time/temporal/TemporalUnit
instanceKlass java/util/concurrent/TimeUnit$1
instanceKlass jdk/internal/logger/DefaultLoggerFinder$1
instanceKlass java/util/logging/Logger$SystemLoggerHelper$1
instanceKlass java/util/logging/Logger$SystemLoggerHelper
instanceKlass java/util/logging/LogManager$4
instanceKlass jdk/internal/logger/BootstrapLogger$BootstrapExecutors
instanceKlass jdk/internal/logger/BootstrapLogger$RedirectedLoggers
instanceKlass java/util/Spliterators$1Adapter
instanceKlass java/util/Spliterators$ArraySpliterator
instanceKlass java/util/Spliterator$OfDouble
instanceKlass java/util/Spliterator$OfLong
instanceKlass java/util/Spliterators$EmptySpliterator
instanceKlass java/util/Spliterators
instanceKlass jdk/internal/logger/BootstrapLogger$DetectBackend$1
instanceKlass jdk/internal/logger/BootstrapLogger$DetectBackend
instanceKlass jdk/internal/logger/BootstrapLogger
instanceKlass sun/util/logging/PlatformLogger$ConfigurableBridge
instanceKlass sun/util/logging/PlatformLogger$Bridge
instanceKlass java/lang/System$Logger
instanceKlass java/util/stream/Streams
instanceKlass java/util/stream/Stream$Builder
instanceKlass java/util/stream/Streams$AbstractStreamBuilderImpl
instanceKlass java/util/Hashtable$Enumerator
instanceKlass java/util/logging/LogManager$LoggerContext$1
instanceKlass java/util/logging/LogManager$VisitedLoggers
instanceKlass java/util/logging/LogManager$2
instanceKlass java/lang/System$LoggerFinder
instanceKlass java/util/logging/LogManager$LoggingProviderAccess
instanceKlass sun/util/logging/internal/LoggingProviderImpl$LogManagerAccess
instanceKlass java/util/Collections$SynchronizedMap
instanceKlass java/util/logging/LogManager$LogNode
instanceKlass java/util/logging/LogManager$LoggerContext
instanceKlass java/util/logging/LogManager$1
instanceKlass java/util/logging/LogManager
instanceKlass java/util/logging/Logger$ConfigurationData
instanceKlass java/util/logging/Logger$LoggerBundle
instanceKlass java/util/logging/Level
instanceKlass java/util/logging/Handler
instanceKlass java/util/logging/Logger
instanceKlass com/google/common/base/Ticker
instanceKlass com/google/common/base/Stopwatch
instanceKlass com/google/inject/internal/util/ContinuousStopwatch
instanceKlass com/google/inject/Injector
instanceKlass com/google/inject/internal/InternalInjectorCreator
instanceKlass com/google/inject/Guice
instanceKlass org/eclipse/sisu/wire/Wiring
instanceKlass org/eclipse/sisu/wire/WireModule$Strategy$1
instanceKlass org/eclipse/sisu/wire/WireModule$Strategy
instanceKlass org/eclipse/sisu/wire/AbstractTypeConverter
instanceKlass com/google/inject/spi/ElementVisitor
instanceKlass org/eclipse/sisu/wire/WireModule
instanceKlass org/eclipse/sisu/bean/BeanBinder
instanceKlass org/eclipse/sisu/plexus/PlexusBindingModule
instanceKlass org/codehaus/plexus/DefaultPlexusContainer$BootModule
instanceKlass org/codehaus/plexus/component/annotations/Configuration
instanceKlass org/eclipse/sisu/plexus/PlexusAnnotatedMetadata
instanceKlass org/eclipse/sisu/plexus/PlexusBeanMetadata
instanceKlass org/eclipse/sisu/plexus/PlexusAnnotatedBeanModule$PlexusAnnotatedBeanSource
instanceKlass org/eclipse/sisu/space/SpaceModule$2
instanceKlass org/eclipse/sisu/space/SpaceModule$Strategy$2
instanceKlass org/eclipse/sisu/space/SpaceModule$Strategy$1
instanceKlass org/eclipse/sisu/space/DefaultClassFinder
instanceKlass org/objectweb/asm/ClassVisitor
instanceKlass org/eclipse/sisu/space/SpaceScanner
instanceKlass org/eclipse/sisu/space/IndexedClassFinder
instanceKlass org/eclipse/sisu/space/ClassFinder
instanceKlass org/eclipse/sisu/space/SpaceModule
instanceKlass org/eclipse/sisu/space/SpaceVisitor
instanceKlass org/eclipse/sisu/plexus/PlexusTypeListener
instanceKlass org/eclipse/sisu/space/QualifiedTypeListener
instanceKlass org/eclipse/sisu/plexus/PlexusAnnotatedBeanModule$1
instanceKlass org/eclipse/sisu/space/SpaceModule$Strategy
instanceKlass org/eclipse/sisu/plexus/PlexusAnnotatedBeanModule
instanceKlass org/eclipse/sisu/plexus/PlexusBeanSource
instanceKlass org/eclipse/sisu/plexus/PlexusXmlBeanModule
instanceKlass org/eclipse/sisu/plexus/PlexusBeanModule
instanceKlass org/eclipse/sisu/space/URLClassSpace
instanceKlass org/codehaus/plexus/DefaultPlexusContainer$SLF4JLoggerFactoryProvider
instanceKlass com/google/inject/util/Providers$ConstantProvider
instanceKlass com/google/inject/util/Providers
instanceKlass org/codehaus/plexus/personality/plexus/lifecycle/phase/Disposable
instanceKlass org/codehaus/plexus/personality/plexus/lifecycle/phase/Startable
instanceKlass org/codehaus/plexus/personality/plexus/lifecycle/phase/Initializable
instanceKlass org/codehaus/plexus/personality/plexus/lifecycle/phase/Contextualizable
instanceKlass org/codehaus/plexus/logging/LogEnabled
instanceKlass org/eclipse/sisu/bean/PropertyBinding
instanceKlass javax/annotation/PreDestroy
instanceKlass javax/annotation/PostConstruct
instanceKlass org/eclipse/sisu/bean/LifecycleBuilder
instanceKlass org/eclipse/sisu/bean/BeanScheduler$1
instanceKlass com/google/inject/spi/DefaultBindingScopingVisitor
instanceKlass com/google/inject/spi/BindingScopingVisitor
instanceKlass org/eclipse/sisu/bean/BeanScheduler$CycleActivator
instanceKlass com/google/inject/PrivateBinder
instanceKlass com/google/inject/spi/TypeListener
instanceKlass com/google/inject/binder/AnnotatedConstantBindingBuilder
instanceKlass org/aopalliance/intercept/MethodInterceptor
instanceKlass org/aopalliance/intercept/Interceptor
instanceKlass org/aopalliance/aop/Advice
instanceKlass com/google/inject/spi/Message
instanceKlass com/google/inject/spi/Element
instanceKlass com/google/inject/MembersInjector
instanceKlass com/google/inject/Scope
instanceKlass com/google/inject/spi/Dependency
instanceKlass com/google/inject/binder/AnnotatedBindingBuilder
instanceKlass com/google/inject/TypeLiteral
instanceKlass com/google/inject/binder/LinkedBindingBuilder
instanceKlass com/google/inject/binder/ScopedBindingBuilder
instanceKlass com/google/inject/Key
instanceKlass com/google/inject/spi/ModuleAnnotatedMethodScanner
instanceKlass com/google/inject/spi/ProvisionListener
instanceKlass com/google/inject/Binder
instanceKlass org/eclipse/sisu/bean/BeanScheduler
instanceKlass org/eclipse/sisu/plexus/DefaultPlexusBeanLocator
instanceKlass org/eclipse/sisu/plexus/RealmManager
instanceKlass org/codehaus/plexus/context/ContextMapAdapter
instanceKlass org/codehaus/plexus/context/DefaultContext
instanceKlass org/codehaus/plexus/logging/AbstractLogger
instanceKlass org/codehaus/plexus/logging/AbstractLoggerManager
instanceKlass java/util/Date
instanceKlass java/text/DigitList
instanceKlass java/text/FieldPosition
instanceKlass java/lang/StringUTF16$CharsSpliterator
instanceKlass java/util/stream/Sink$ChainedInt
instanceKlass java/util/OptionalInt
instanceKlass java/util/stream/Sink$OfInt
instanceKlass java/util/function/IntConsumer
instanceKlass java/util/function/IntPredicate
instanceKlass java/util/stream/IntStream
instanceKlass java/lang/StringLatin1$CharsSpliterator
instanceKlass java/util/Spliterator$OfInt
instanceKlass java/util/Spliterator$OfPrimitive
instanceKlass java/text/DecimalFormatSymbols
instanceKlass java/util/IdentityHashMap$IdentityHashMapIterator
instanceKlass java/text/DateFormatSymbols
instanceKlass sun/util/calendar/CalendarUtils
instanceKlass sun/util/calendar/CalendarDate
instanceKlass sun/util/resources/Bundles$CacheKeyReference
instanceKlass java/util/ResourceBundle$ResourceBundleProviderHelper
instanceKlass sun/util/resources/Bundles$CacheKey
instanceKlass java/util/ResourceBundle$1
instanceKlass jdk/internal/access/JavaUtilResourceBundleAccess
instanceKlass sun/util/resources/Bundles
instanceKlass sun/util/resources/LocaleData$LocaleDataStrategy
instanceKlass sun/util/resources/Bundles$Strategy
instanceKlass sun/util/resources/LocaleData$1
instanceKlass sun/util/resources/LocaleData
instanceKlass sun/util/locale/provider/LocaleResources
instanceKlass java/util/ResourceBundle
instanceKlass java/util/ResourceBundle$Control
instanceKlass sun/util/locale/provider/CalendarDataUtility$CalendarWeekParameterGetter
instanceKlass sun/util/locale/provider/LocaleServiceProviderPool$LocalizedObjectGetter
instanceKlass sun/util/locale/provider/LocaleServiceProviderPool
instanceKlass java/util/Locale$Builder
instanceKlass sun/util/locale/provider/CalendarDataUtility
instanceKlass sun/util/calendar/CalendarSystem$GregorianHolder
instanceKlass sun/util/calendar/CalendarSystem
instanceKlass java/util/Calendar$Builder
instanceKlass java/util/StringTokenizer
instanceKlass sun/util/locale/provider/AvailableLanguageTags
instanceKlass java/util/ServiceLoader$ProviderImpl
instanceKlass java/util/ServiceLoader$Provider
instanceKlass java/util/ServiceLoader$1
instanceKlass sun/util/resources/cldr/provider/CLDRLocaleDataMetaInfo
instanceKlass jdk/internal/module/ModulePatcher$PatchedModuleReader
instanceKlass java/util/ServiceLoader$3
instanceKlass java/util/ServiceLoader$2
instanceKlass java/util/ServiceLoader$LazyClassPathLookupIterator
instanceKlass java/util/concurrent/CopyOnWriteArrayList$COWIterator
instanceKlass java/util/ServiceLoader$ModuleServicesLookupIterator
instanceKlass java/util/ServiceLoader
instanceKlass sun/util/locale/InternalLocaleBuilder$CaseInsensitiveChar
instanceKlass sun/util/locale/InternalLocaleBuilder
instanceKlass sun/util/locale/StringTokenIterator
instanceKlass sun/util/locale/ParseStatus
instanceKlass sun/util/locale/LanguageTag
instanceKlass sun/util/cldr/CLDRBaseLocaleDataMetaInfo
instanceKlass sun/util/locale/provider/LocaleDataMetaInfo
instanceKlass sun/util/locale/provider/ResourceBundleBasedAdapter
instanceKlass sun/util/locale/provider/LocaleProviderAdapter$1
instanceKlass sun/util/locale/provider/LocaleProviderAdapter
instanceKlass java/util/spi/LocaleServiceProvider
instanceKlass sun/util/calendar/ZoneInfoFile$ZoneOffsetTransitionRule
instanceKlass sun/util/calendar/ZoneInfoFile$1
instanceKlass sun/util/calendar/ZoneInfoFile
instanceKlass java/util/TimeZone
instanceKlass java/util/Calendar
instanceKlass java/text/AttributedCharacterIterator$Attribute
instanceKlass com/google/inject/matcher/AbstractMatcher
instanceKlass com/google/inject/matcher/Matcher
instanceKlass com/google/inject/spi/TypeConverter
instanceKlass org/codehaus/plexus/DefaultPlexusContainer$LoggerProvider
instanceKlass org/codehaus/plexus/DefaultPlexusContainer$DefaultsModule
instanceKlass org/codehaus/plexus/DefaultPlexusContainer$ContainerModule
instanceKlass java/util/concurrent/locks/ReentrantReadWriteLock$WriteLock
instanceKlass java/util/concurrent/locks/ReentrantReadWriteLock$ReadLock
instanceKlass java/util/concurrent/locks/ReentrantReadWriteLock
instanceKlass java/util/concurrent/locks/ReadWriteLock
instanceKlass org/eclipse/sisu/inject/ImplicitBindings
instanceKlass org/eclipse/sisu/inject/MildValues$InverseMapping
instanceKlass org/eclipse/sisu/inject/MildValues
instanceKlass org/eclipse/sisu/inject/Weak
instanceKlass sun/reflect/misc/ReflectUtil
instanceKlass java/util/concurrent/atomic/AtomicReferenceFieldUpdater$AtomicReferenceFieldUpdaterImpl$1
instanceKlass java/util/concurrent/atomic/AtomicReferenceFieldUpdater
instanceKlass org/eclipse/sisu/inject/RankedSequence$Content
instanceKlass org/eclipse/sisu/inject/RankedSequence
instanceKlass org/eclipse/sisu/inject/BindingSubscriber
instanceKlass org/eclipse/sisu/inject/DefaultBeanLocator
instanceKlass org/eclipse/sisu/inject/DeferredClass
instanceKlass org/codehaus/plexus/DefaultPlexusContainer$LoggerManagerProvider
instanceKlass org/eclipse/sisu/inject/DeferredProvider
instanceKlass com/google/inject/Provider
instanceKlass com/google/inject/AbstractModule
instanceKlass org/codehaus/plexus/context/Context
instanceKlass javax/inject/Provider
instanceKlass org/eclipse/sisu/bean/BeanManager
instanceKlass org/eclipse/sisu/plexus/PlexusBeanLocator
instanceKlass org/codehaus/plexus/classworlds/ClassWorldListener
instanceKlass com/google/inject/Module
instanceKlass org/eclipse/sisu/inject/MutableBeanLocator
instanceKlass org/eclipse/sisu/inject/BeanLocator
instanceKlass org/eclipse/sisu/inject/BindingPublisher
instanceKlass org/eclipse/sisu/inject/RankingFunction
instanceKlass org/eclipse/sisu/space/ClassSpace
instanceKlass org/codehaus/plexus/DefaultPlexusContainer
instanceKlass org/codehaus/plexus/MutablePlexusContainer
instanceKlass java/util/stream/ReduceOps$AccumulatingSink
instanceKlass java/util/stream/ReduceOps$Box
instanceKlass java/util/stream/ReduceOps$ReduceOp
instanceKlass java/util/stream/ReduceOps
instanceKlass java/util/function/BinaryOperator
instanceKlass java/util/stream/Collectors$CollectorImpl
instanceKlass java/util/stream/Collector
instanceKlass java/util/stream/Collectors
instanceKlass sun/invoke/util/VerifyAccess$1
instanceKlass java/util/HashMap$HashMapSpliterator
instanceKlass org/apache/maven/extension/internal/CoreExports
instanceKlass java/util/Collections$UnmodifiableCollection$1
instanceKlass org/codehaus/plexus/DefaultContainerConfiguration
instanceKlass org/codehaus/plexus/ContainerConfiguration
instanceKlass org/codehaus/plexus/util/BaseIOUtil
instanceKlass org/codehaus/plexus/util/xml/XMLWriter
instanceKlass org/codehaus/plexus/util/xml/Xpp3Dom
instanceKlass org/codehaus/plexus/util/xml/pull/MXParser
instanceKlass org/codehaus/plexus/util/xml/pull/XmlPullParser
instanceKlass org/codehaus/plexus/util/xml/Xpp3DomBuilder
instanceKlass java/util/regex/ASCII
instanceKlass org/codehaus/plexus/util/ReaderFactory
instanceKlass org/apache/maven/project/ExtensionDescriptor
instanceKlass org/apache/maven/project/ExtensionDescriptorBuilder
instanceKlass org/apache/maven/extension/internal/CoreExtensionEntry
instanceKlass org/codehaus/plexus/logging/Logger
instanceKlass org/apache/maven/cli/logging/Slf4jLoggerManager
instanceKlass org/slf4j/impl/MavenSlf4jSimpleFriend
instanceKlass org/slf4j/MavenSlf4jFriend
instanceKlass org/apache/maven/cli/logging/BaseSlf4jConfiguration
instanceKlass org/codehaus/plexus/util/PropertyUtils
instanceKlass org/apache/maven/cli/logging/Slf4jConfiguration
instanceKlass org/apache/maven/cli/logging/Slf4jConfigurationFactory
instanceKlass org/slf4j/impl/OutputChoice
instanceKlass sun/net/DefaultProgressMeteringPolicy
instanceKlass sun/net/ProgressMeteringPolicy
instanceKlass sun/net/ProgressMonitor
instanceKlass org/slf4j/impl/SimpleLoggerConfiguration$1
instanceKlass java/text/Format
instanceKlass org/slf4j/impl/SimpleLoggerConfiguration
instanceKlass org/slf4j/helpers/NamedLoggerBase
instanceKlass org/slf4j/impl/SimpleLoggerFactory
instanceKlass org/slf4j/impl/StaticLoggerBinder
instanceKlass org/slf4j/spi/LoggerFactoryBinder
instanceKlass java/util/Collections$3
instanceKlass java/net/URLClassLoader$3$1
instanceKlass java/net/URLClassLoader$3
instanceKlass jdk/internal/loader/URLClassPath$1
instanceKlass java/lang/CompoundEnumeration
instanceKlass jdk/internal/loader/BuiltinClassLoader$1
instanceKlass java/util/Collections$EmptyEnumeration
instanceKlass org/slf4j/helpers/Util
instanceKlass org/slf4j/helpers/NOPLoggerFactory
instanceKlass java/util/concurrent/LinkedBlockingQueue$Node
instanceKlass java/util/concurrent/locks/AbstractQueuedSynchronizer$ConditionObject
instanceKlass java/util/concurrent/locks/Condition
instanceKlass java/util/concurrent/BlockingQueue
instanceKlass org/slf4j/helpers/SubstituteLoggerFactory
instanceKlass org/slf4j/ILoggerFactory
instanceKlass org/slf4j/event/LoggingEvent
instanceKlass org/slf4j/LoggerFactory
instanceKlass java/util/LinkedList$ListItr
instanceKlass org/codehaus/plexus/util/StringUtils
instanceKlass org/apache/maven/cli/CLIReportingUtils
instanceKlass java/util/function/BiConsumer
instanceKlass org/codehaus/plexus/interpolation/SimpleRecursionInterceptor
instanceKlass org/codehaus/plexus/interpolation/AbstractValueSource
instanceKlass org/codehaus/plexus/interpolation/RecursionInterceptor
instanceKlass org/codehaus/plexus/interpolation/StringSearchInterpolator
instanceKlass org/codehaus/plexus/interpolation/Interpolator
instanceKlass org/codehaus/plexus/interpolation/BasicInterpolator
instanceKlass org/apache/maven/properties/internal/SystemProperties
instanceKlass java/util/Collections$SynchronizedCollection
instanceKlass java/util/Properties$EntrySet
instanceKlass java/util/Collections$UnmodifiableMap$UnmodifiableEntrySet$UnmodifiableEntry
instanceKlass java/util/Collections$UnmodifiableMap$UnmodifiableEntrySet$1
instanceKlass org/codehaus/plexus/util/Os
instanceKlass org/apache/maven/properties/internal/EnvironmentUtils
instanceKlass java/util/stream/Sink$ChainedReference
instanceKlass java/util/stream/FindOps$FindOp
instanceKlass java/util/stream/TerminalOp
instanceKlass java/util/stream/FindOps$FindSink
instanceKlass java/util/stream/TerminalSink
instanceKlass java/util/stream/Sink
instanceKlass java/util/stream/FindOps
instanceKlass java/util/function/Predicate
instanceKlass sun/reflect/annotation/AnnotationParser
instanceKlass java/lang/Class$3
instanceKlass java/util/EnumMap$1
instanceKlass java/util/stream/StreamOpFlag$MaskBuilder
instanceKlass java/util/stream/Stream
instanceKlass java/util/stream/BaseStream
instanceKlass java/util/stream/PipelineHelper
instanceKlass java/util/stream/StreamSupport
instanceKlass java/util/ArrayList$ArrayListSpliterator
instanceKlass java/util/Spliterator
instanceKlass java/util/LinkedList$Node
instanceKlass java/util/AbstractList$Itr
instanceKlass org/apache/commons/cli/DefaultParser
instanceKlass org/apache/commons/cli/Util
instanceKlass org/apache/commons/cli/CommandLine$Builder
instanceKlass org/apache/commons/cli/CommandLine
instanceKlass java/util/LinkedHashMap$LinkedHashIterator
instanceKlass java/util/function/Consumer
instanceKlass org/apache/commons/cli/Parser
instanceKlass org/apache/maven/cli/CleanArgument
instanceKlass org/apache/commons/cli/OptionValidator
instanceKlass org/apache/commons/cli/Option$Builder
instanceKlass org/apache/commons/cli/Option
instanceKlass org/apache/commons/cli/Options
instanceKlass org/apache/commons/cli/CommandLineParser
instanceKlass org/apache/maven/cli/CLIManager
instanceKlass org/apache/maven/cli/logging/Slf4jStdoutLogger
instanceKlass sun/nio/fs/WindowsPath$1
instanceKlass sun/nio/fs/WindowsLinkSupport
instanceKlass org/eclipse/aether/DefaultRepositoryCache
instanceKlass org/apache/maven/project/ProjectBuildingRequest
instanceKlass org/apache/maven/execution/DefaultMavenExecutionRequest
instanceKlass org/apache/maven/execution/MavenExecutionRequest
instanceKlass java/lang/Shutdown$Lock
instanceKlass java/util/regex/IntHashSet
instanceKlass java/lang/Shutdown
instanceKlass java/lang/ApplicationShutdownHooks$1
instanceKlass java/util/regex/Matcher
instanceKlass java/util/regex/MatchResult
instanceKlass java/lang/ApplicationShutdownHooks
instanceKlass sun/net/www/protocol/jar/JarFileFactory
instanceKlass sun/net/www/protocol/jar/URLJarFile$URLJarFileCloseController
instanceKlass org/fusesource/jansi/io/AnsiOutputStream$ZeroWidthSupplier
instanceKlass java/net/URLClassLoader$2
instanceKlass jdk/internal/loader/NativeLibraries$Unloader
instanceKlass jdk/internal/jimage/ImageLocation
instanceKlass jdk/internal/jimage/decompressor/Decompressor
instanceKlass jdk/internal/jimage/ImageStringsReader
instanceKlass jdk/internal/jimage/ImageStrings
instanceKlass org/fusesource/jansi/internal/OSInfo
instanceKlass jdk/internal/jimage/ImageHeader
instanceKlass jdk/internal/jimage/NativeImageBuffer$1
instanceKlass jdk/internal/jimage/NativeImageBuffer
instanceKlass jdk/internal/jimage/BasicImageReader$1
instanceKlass jdk/internal/jimage/BasicImageReader
instanceKlass jdk/internal/jimage/ImageReader
instanceKlass jdk/internal/jimage/ImageReaderFactory$1
instanceKlass jdk/internal/jimage/ImageReaderFactory
instanceKlass jdk/internal/module/SystemModuleFinders$SystemImage
instanceKlass jdk/internal/module/SystemModuleFinders$SystemModuleReader
instanceKlass java/lang/module/ModuleReader
instanceKlass jdk/internal/loader/BuiltinClassLoader$5
instanceKlass jdk/internal/loader/BuiltinClassLoader$2
instanceKlass jdk/internal/module/Resources
instanceKlass org/fusesource/jansi/internal/JansiLoader$1
instanceKlass org/fusesource/jansi/internal/JansiLoader
instanceKlass org/fusesource/jansi/internal/CLibrary
instanceKlass java/lang/ProcessEnvironment$CheckedEntry
instanceKlass java/lang/ProcessEnvironment$CheckedEntrySet$1
instanceKlass java/lang/ProcessEnvironment$EntryComparator
instanceKlass java/lang/ProcessEnvironment$NameComparator
instanceKlass org/fusesource/jansi/io/AnsiProcessor
instanceKlass org/fusesource/jansi/io/AnsiOutputStream$WidthSupplier
instanceKlass org/fusesource/jansi/AnsiConsole
instanceKlass java/util/concurrent/Callable
instanceKlass org/fusesource/jansi/Ansi
instanceKlass org/apache/maven/shared/utils/logging/LoggerLevelRenderer
instanceKlass org/apache/maven/shared/utils/logging/MessageBuilder
instanceKlass org/apache/maven/shared/utils/logging/MessageUtils
instanceKlass java/util/regex/CharPredicates
instanceKlass java/util/regex/Pattern$BitClass
instanceKlass java/util/regex/Pattern$TreeInfo
instanceKlass java/util/regex/Pattern$BmpCharPredicate
instanceKlass java/util/regex/Pattern$CharPredicate
instanceKlass java/util/regex/Pattern$Node
instanceKlass java/util/regex/Pattern
instanceKlass org/apache/maven/cli/CliRequest
instanceKlass org/apache/maven/eventspy/EventSpy$Context
instanceKlass org/codehaus/plexus/PlexusContainer
instanceKlass org/apache/maven/exception/ExceptionHandler
instanceKlass org/eclipse/aether/RepositoryCache
instanceKlass org/codehaus/plexus/interpolation/ValueSource
instanceKlass org/slf4j/Logger
instanceKlass org/apache/maven/execution/ExecutionListener
instanceKlass org/eclipse/aether/transfer/TransferListener
instanceKlass org/codehaus/plexus/logging/LoggerManager
instanceKlass org/apache/maven/toolchain/building/ToolchainsBuildingRequest
instanceKlass org/apache/maven/building/Source
instanceKlass org/apache/maven/cli/MavenCli
instanceKlass java/io/FilePermissionCollection$1
instanceKlass java/util/function/BiFunction
instanceKlass java/security/Security$2
instanceKlass jdk/internal/access/JavaSecurityPropertiesAccess
instanceKlass java/util/concurrent/ConcurrentHashMap$MapEntry
instanceKlass java/io/FileInputStream$1
instanceKlass java/util/Properties$LineReader
instanceKlass java/security/Security$1
instanceKlass java/security/Security
instanceKlass sun/security/util/SecurityProperties
instanceKlass sun/security/util/FilePermCompat
instanceKlass java/io/FilePermission$1
instanceKlass jdk/internal/access/JavaIOFilePermissionAccess
instanceKlass sun/net/www/MessageHeader
instanceKlass java/net/URLConnection
instanceKlass java/util/TreeMap$Entry
instanceKlass java/net/URLClassLoader$1
instanceKlass java/util/TreeMap$PrivateEntryIterator
instanceKlass java/util/TimSort
instanceKlass java/util/Arrays$LegacyMergeSort
instanceKlass java/lang/invoke/LambdaFormBuffer
instanceKlass java/lang/invoke/LambdaFormEditor$TransformKey
instanceKlass java/lang/invoke/LambdaFormEditor
instanceKlass sun/invoke/util/Wrapper$1
instanceKlass java/lang/invoke/DelegatingMethodHandle$Holder
instanceKlass java/lang/invoke/DirectMethodHandle$2
instanceKlass java/lang/invoke/ClassSpecializer$Factory
instanceKlass java/lang/invoke/ClassSpecializer$SpeciesData
instanceKlass java/lang/invoke/ClassSpecializer$1
instanceKlass java/lang/invoke/ClassSpecializer
instanceKlass java/lang/invoke/InnerClassLambdaMetafactory$1
instanceKlass jdk/internal/org/objectweb/asm/ClassReader
instanceKlass java/lang/invoke/LambdaProxyClassArchive
instanceKlass java/lang/invoke/InfoFromMemberName
instanceKlass java/lang/invoke/MethodHandleInfo
instanceKlass jdk/internal/org/objectweb/asm/ConstantDynamic
instanceKlass jdk/internal/org/objectweb/asm/Handle
instanceKlass sun/security/action/GetBooleanAction
instanceKlass java/lang/invoke/AbstractValidatingLambdaMetafactory
instanceKlass java/lang/invoke/MethodHandleImpl$1
instanceKlass jdk/internal/access/JavaLangInvokeAccess
instanceKlass java/lang/invoke/Invokers$Holder
instanceKlass java/lang/invoke/BootstrapMethodInvoker
instanceKlass java/lang/invoke/MethodHandles$Lookup$ClassDefiner
instanceKlass java/lang/invoke/MethodHandles$Lookup$ClassFile
instanceKlass jdk/internal/org/objectweb/asm/Handler
instanceKlass jdk/internal/org/objectweb/asm/Attribute
instanceKlass jdk/internal/org/objectweb/asm/FieldVisitor
instanceKlass sun/invoke/empty/Empty
instanceKlass sun/invoke/util/VerifyType
instanceKlass java/lang/invoke/InvokerBytecodeGenerator$ClassData
instanceKlass jdk/internal/org/objectweb/asm/AnnotationVisitor
instanceKlass jdk/internal/org/objectweb/asm/Frame
instanceKlass jdk/internal/org/objectweb/asm/Label
instanceKlass jdk/internal/org/objectweb/asm/Type
instanceKlass jdk/internal/org/objectweb/asm/MethodVisitor
instanceKlass sun/invoke/util/BytecodeDescriptor
instanceKlass jdk/internal/org/objectweb/asm/ByteVector
instanceKlass jdk/internal/org/objectweb/asm/Symbol
instanceKlass jdk/internal/org/objectweb/asm/SymbolTable
instanceKlass jdk/internal/org/objectweb/asm/ClassVisitor
instanceKlass java/io/FilenameFilter
instanceKlass java/lang/invoke/InvokerBytecodeGenerator$2
instanceKlass java/lang/invoke/InvokerBytecodeGenerator
instanceKlass java/lang/invoke/LambdaForm$Holder
instanceKlass java/lang/invoke/LambdaForm$Name
instanceKlass java/lang/invoke/Invokers
instanceKlass java/lang/invoke/MethodHandleImpl
instanceKlass sun/invoke/util/ValueConversions
instanceKlass java/lang/invoke/DirectMethodHandle$Holder
instanceKlass java/lang/invoke/LambdaForm$NamedFunction
instanceKlass sun/invoke/util/Wrapper$Format
instanceKlass java/lang/invoke/MethodTypeForm
instanceKlass java/lang/invoke/MethodType$ConcurrentWeakInternSet
instanceKlass java/lang/invoke/LambdaMetafactory
instanceKlass java/util/ArrayList$Itr
instanceKlass org/codehaus/plexus/classworlds/strategy/AbstractStrategy
instanceKlass org/codehaus/plexus/classworlds/strategy/Strategy
instanceKlass org/codehaus/plexus/classworlds/strategy/StrategyFactory
instanceKlass java/util/NavigableMap
instanceKlass java/util/SortedMap
instanceKlass java/util/NavigableSet
instanceKlass java/util/SortedSet
instanceKlass sun/nio/ch/IOStatus
instanceKlass java/nio/DirectByteBuffer$Deallocator
instanceKlass sun/nio/ch/Util$BufferCache
instanceKlass sun/nio/ch/Util
instanceKlass sun/nio/ch/NativeThread
instanceKlass java/nio/charset/CoderResult
instanceKlass java/io/Reader
instanceKlass java/lang/Readable
instanceKlass org/codehaus/plexus/classworlds/launcher/ConfigurationParser
instanceKlass org/codehaus/plexus/classworlds/launcher/Configurator
instanceKlass org/codehaus/plexus/classworlds/launcher/ConfigurationHandler
instanceKlass java/nio/channels/Channels
instanceKlass sun/nio/ch/FileChannelImpl$Closer
instanceKlass sun/nio/ch/NativeDispatcher
instanceKlass sun/nio/ch/NativeThreadSet
instanceKlass sun/nio/ch/IOUtil
instanceKlass java/nio/channels/spi/AbstractInterruptibleChannel
instanceKlass java/nio/channels/InterruptibleChannel
instanceKlass java/nio/channels/ScatteringByteChannel
instanceKlass java/nio/channels/GatheringByteChannel
instanceKlass java/nio/channels/SeekableByteChannel
instanceKlass java/nio/channels/ByteChannel
instanceKlass java/nio/channels/WritableByteChannel
instanceKlass java/nio/channels/ReadableByteChannel
instanceKlass java/nio/channels/Channel
instanceKlass java/util/Collections$EmptyIterator
instanceKlass sun/nio/fs/WindowsChannelFactory$Flags
instanceKlass sun/nio/fs/WindowsChannelFactory$1
instanceKlass sun/nio/fs/WindowsChannelFactory
instanceKlass sun/nio/fs/WindowsSecurityDescriptor
instanceKlass java/nio/file/attribute/FileAttribute
instanceKlass java/net/URI$Parser
instanceKlass java/nio/file/FileSystems$DefaultFileSystemHolder$1
instanceKlass java/nio/file/FileSystems$DefaultFileSystemHolder
instanceKlass java/nio/file/FileSystems
instanceKlass java/nio/file/Paths
instanceKlass java/lang/Void
instanceKlass java/lang/PublicMethods$Key
instanceKlass java/lang/PublicMethods$MethodList
instanceKlass org/codehaus/plexus/classworlds/ClassWorld
instanceKlass org/codehaus/plexus/classworlds/launcher/Launcher
instanceKlass java/security/SecureClassLoader$DebugHolder
instanceKlass java/security/PermissionCollection
instanceKlass java/security/SecureClassLoader$1
instanceKlass java/security/SecureClassLoader$CodeSourceKey
instanceKlass java/util/zip/Checksum$1
instanceKlass java/util/zip/CRC32
instanceKlass java/util/zip/Checksum
instanceKlass sun/nio/ByteBuffered
instanceKlass java/lang/Package$VersionInfo
instanceKlass java/lang/NamedPackage
instanceKlass java/util/jar/Attributes$Name
instanceKlass java/util/jar/Attributes
instanceKlass jdk/internal/loader/Resource
instanceKlass sun/security/action/GetIntegerAction
instanceKlass sun/security/util/Debug
instanceKlass sun/security/util/SignatureFileVerifier
instanceKlass java/util/zip/ZipFile$InflaterCleanupAction
instanceKlass java/util/zip/Inflater$InflaterZStreamRef
instanceKlass java/util/zip/Inflater
instanceKlass java/util/zip/ZipEntry
instanceKlass jdk/internal/util/jar/JarIndex
instanceKlass java/nio/Bits$1
instanceKlass jdk/internal/misc/VM$BufferPool
instanceKlass java/nio/Bits
instanceKlass sun/nio/ch/DirectBuffer
instanceKlass jdk/internal/perf/PerfCounter$CoreCounters
instanceKlass jdk/internal/perf/Perf
instanceKlass jdk/internal/perf/Perf$GetPerfAction
instanceKlass jdk/internal/perf/PerfCounter
instanceKlass java/nio/file/attribute/FileTime
instanceKlass java/util/zip/ZipUtils
instanceKlass java/util/zip/ZipFile$Source$End
instanceKlass java/io/RandomAccessFile$2
instanceKlass jdk/internal/access/JavaIORandomAccessFileAccess
instanceKlass java/io/RandomAccessFile
instanceKlass java/io/DataInput
instanceKlass java/io/DataOutput
instanceKlass sun/nio/fs/WindowsNativeDispatcher$CompletionStatus
instanceKlass sun/nio/fs/WindowsNativeDispatcher$AclInformation
instanceKlass sun/nio/fs/WindowsNativeDispatcher$Account
instanceKlass sun/nio/fs/WindowsNativeDispatcher$DiskFreeSpace
instanceKlass sun/nio/fs/WindowsNativeDispatcher$VolumeInformation
instanceKlass sun/nio/fs/WindowsNativeDispatcher$FirstStream
instanceKlass sun/nio/fs/WindowsNativeDispatcher$FirstFile
instanceKlass java/util/Enumeration
instanceKlass java/util/concurrent/ConcurrentHashMap$Traverser
instanceKlass java/util/concurrent/ConcurrentHashMap$CollectionView
instanceKlass jdk/internal/loader/NativeLibraries$NativeLibraryImpl
instanceKlass jdk/internal/loader/NativeLibrary
instanceKlass java/util/ArrayDeque$DeqIterator
instanceKlass jdk/internal/loader/NativeLibraries$1
instanceKlass jdk/internal/loader/NativeLibraries$LibraryPaths
instanceKlass sun/nio/fs/WindowsNativeDispatcher
instanceKlass sun/nio/fs/NativeBuffer$Deallocator
instanceKlass sun/nio/fs/NativeBuffer
instanceKlass java/lang/ThreadLocal$ThreadLocalMap
instanceKlass sun/nio/fs/NativeBuffers
instanceKlass sun/nio/fs/WindowsFileAttributes
instanceKlass java/nio/file/attribute/DosFileAttributes
instanceKlass sun/nio/fs/AbstractBasicFileAttributeView
instanceKlass sun/nio/fs/DynamicFileAttributeView
instanceKlass sun/nio/fs/WindowsFileAttributeViews
instanceKlass sun/nio/fs/Util
instanceKlass java/nio/file/attribute/BasicFileAttributeView
instanceKlass java/nio/file/attribute/FileAttributeView
instanceKlass java/nio/file/attribute/AttributeView
instanceKlass java/nio/file/Files
instanceKlass java/nio/file/CopyOption
instanceKlass java/nio/file/attribute/BasicFileAttributes
instanceKlass sun/nio/fs/WindowsPath
instanceKlass java/nio/file/Path
instanceKlass java/nio/file/Watchable
instanceKlass java/util/zip/ZipFile$Source$Key
instanceKlass sun/nio/fs/WindowsPathParser$Result
instanceKlass sun/nio/fs/WindowsPathParser
instanceKlass java/util/Collections$UnmodifiableCollection
instanceKlass java/util/Arrays$ArrayItr
instanceKlass java/nio/file/FileSystem
instanceKlass java/nio/file/OpenOption
instanceKlass java/nio/file/spi/FileSystemProvider
instanceKlass sun/nio/fs/DefaultFileSystemProvider
instanceKlass java/util/zip/ZipFile$Source
instanceKlass java/lang/ref/Cleaner$Cleanable
instanceKlass jdk/internal/ref/CleanerImpl
instanceKlass java/lang/ref/Cleaner$1
instanceKlass java/lang/ref/Cleaner
instanceKlass jdk/internal/ref/CleanerFactory$1
instanceKlass java/util/concurrent/ThreadFactory
instanceKlass jdk/internal/ref/CleanerFactory
instanceKlass java/util/zip/ZipCoder
instanceKlass java/util/zip/ZipFile$CleanableResource
instanceKlass java/lang/Runtime$Version
instanceKlass java/util/jar/JavaUtilJarAccessImpl
instanceKlass jdk/internal/access/JavaUtilJarAccess
instanceKlass jdk/internal/loader/FileURLMapper
instanceKlass jdk/internal/loader/URLClassPath$JarLoader$1
instanceKlass java/util/zip/ZipFile$1
instanceKlass jdk/internal/access/JavaUtilZipFileAccess
instanceKlass java/util/zip/ZipFile
instanceKlass java/util/zip/ZipConstants
instanceKlass jdk/internal/loader/URLClassPath$Loader
instanceKlass jdk/internal/loader/URLClassPath$3
instanceKlass java/security/PrivilegedExceptionAction
instanceKlass sun/util/locale/LocaleObjectCache
instanceKlass sun/util/locale/BaseLocale$Key
instanceKlass sun/util/locale/LocaleUtils
instanceKlass sun/util/locale/BaseLocale
instanceKlass java/util/Locale
instanceKlass sun/net/util/URLUtil
instanceKlass java/lang/StringCoding
instanceKlass sun/nio/cs/ArrayDecoder
instanceKlass java/nio/charset/CharsetDecoder
instanceKlass sun/launcher/LauncherHelper
instanceKlass java/lang/reflect/Array
instanceKlass java/lang/invoke/StringConcatFactory$3
instanceKlass java/lang/invoke/StringConcatFactory$2
instanceKlass java/lang/invoke/StringConcatFactory$1
instanceKlass java/lang/invoke/StringConcatFactory
instanceKlass java/lang/ModuleLayer$Controller
instanceKlass java/util/concurrent/CopyOnWriteArrayList
instanceKlass jdk/internal/module/ServicesCatalog$ServiceProvider
instanceKlass jdk/internal/loader/AbstractClassLoaderValue$Memoizer
instanceKlass java/util/ImmutableCollections$ListItr
instanceKlass java/util/ListIterator
instanceKlass java/lang/ModuleLayer
instanceKlass jdk/internal/module/ModuleLoaderMap$Modules
instanceKlass jdk/internal/module/ModuleLoaderMap$Mapper
instanceKlass java/util/function/Function
instanceKlass jdk/internal/module/ModuleLoaderMap
instanceKlass java/util/AbstractMap$1$1
instanceKlass java/lang/module/ResolvedModule
instanceKlass java/lang/module/Configuration
instanceKlass jdk/internal/loader/BuiltinClassLoader$LoadedModule
instanceKlass jdk/internal/loader/AbstractClassLoaderValue
instanceKlass jdk/internal/module/ServicesCatalog
instanceKlass jdk/internal/util/Preconditions
instanceKlass sun/net/util/IPAddressUtil
instanceKlass java/net/URLStreamHandler
instanceKlass java/util/HexFormat
instanceKlass sun/net/www/ParseUtil
instanceKlass java/net/URL$3
instanceKlass jdk/internal/access/JavaNetURLAccess
instanceKlass java/net/URL$DefaultFactory
instanceKlass java/net/URLStreamHandlerFactory
instanceKlass jdk/internal/loader/URLClassPath
instanceKlass java/security/Principal
instanceKlass java/security/ProtectionDomain$Key
instanceKlass java/security/ProtectionDomain$JavaSecurityAccessImpl
instanceKlass jdk/internal/access/JavaSecurityAccess
instanceKlass java/lang/ClassLoader$ParallelLoaders
instanceKlass java/security/cert/Certificate
instanceKlass jdk/internal/loader/ArchivedClassLoaders
instanceKlass java/util/Deque
instanceKlass java/util/Queue
instanceKlass jdk/internal/loader/ClassLoaderHelper
instanceKlass jdk/internal/loader/NativeLibraries
instanceKlass jdk/internal/loader/BootLoader
instanceKlass java/util/Optional
instanceKlass jdk/internal/module/SystemModuleFinders$SystemModuleFinder
instanceKlass java/lang/module/ModuleFinder
instanceKlass jdk/internal/module/SystemModuleFinders$3
instanceKlass jdk/internal/module/ModuleHashes$HashSupplier
instanceKlass jdk/internal/module/SystemModuleFinders$2
instanceKlass java/util/function/Supplier
instanceKlass java/lang/module/ModuleReference
instanceKlass jdk/internal/module/ModuleResolution
instanceKlass java/util/Collections$UnmodifiableMap
instanceKlass jdk/internal/module/ModuleHashes$Builder
instanceKlass jdk/internal/module/ModuleHashes
instanceKlass jdk/internal/module/ModuleTarget
instanceKlass java/util/ImmutableCollections$Set12$1
instanceKlass java/lang/Enum
instanceKlass java/lang/module/ModuleDescriptor$Version
instanceKlass java/lang/module/ModuleDescriptor$Provides
instanceKlass java/lang/module/ModuleDescriptor$Opens
instanceKlass java/util/ImmutableCollections$SetN$SetNIterator
instanceKlass java/lang/module/ModuleDescriptor$Exports
instanceKlass java/lang/module/ModuleDescriptor$Requires
instanceKlass jdk/internal/module/Builder
instanceKlass jdk/internal/module/SystemModules$default
instanceKlass jdk/internal/module/SystemModules
instanceKlass jdk/internal/module/SystemModulesMap
instanceKlass java/net/URI$1
instanceKlass jdk/internal/access/JavaNetUriAccess
instanceKlass java/net/URI
instanceKlass jdk/internal/module/SystemModuleFinders
instanceKlass jdk/internal/module/ArchivedModuleGraph
instanceKlass jdk/internal/module/ArchivedBootLayer
instanceKlass jdk/internal/module/ModuleBootstrap$Counters
instanceKlass jdk/internal/module/ModulePatcher
instanceKlass java/io/FileSystem
instanceKlass java/io/DefaultFileSystem
instanceKlass java/io/File
instanceKlass java/lang/module/ModuleDescriptor$1
instanceKlass jdk/internal/access/JavaLangModuleAccess
instanceKlass sun/invoke/util/VerifyAccess
instanceKlass java/lang/module/ModuleDescriptor
instanceKlass jdk/internal/module/ModuleBootstrap
instanceKlass java/lang/invoke/MethodHandleStatics
instanceKlass java/util/Collections
instanceKlass sun/io/Win32ErrorMode
instanceKlass jdk/internal/misc/OSEnvironment
instanceKlass jdk/internal/misc/Signal$NativeHandler
instanceKlass java/util/Hashtable$Entry
instanceKlass jdk/internal/misc/Signal
instanceKlass java/lang/Terminator$1
instanceKlass jdk/internal/misc/Signal$Handler
instanceKlass java/lang/Terminator
instanceKlass java/nio/ByteOrder
instanceKlass java/nio/Buffer$1
instanceKlass jdk/internal/access/JavaNioAccess
instanceKlass jdk/internal/misc/ScopedMemoryAccess
instanceKlass java/nio/charset/CodingErrorAction
instanceKlass sun/nio/cs/SingleByte
instanceKlass java/lang/StringUTF16
instanceKlass sun/nio/cs/MS1252$Holder
instanceKlass sun/nio/cs/ArrayEncoder
instanceKlass java/nio/charset/CharsetEncoder
instanceKlass java/lang/reflect/Modifier
instanceKlass java/lang/Class$1
instanceKlass java/lang/Class$Atomic
instanceKlass java/lang/Class$ReflectionData
instanceKlass jdk/internal/util/ArraysSupport
instanceKlass java/nio/charset/StandardCharsets
instanceKlass sun/nio/cs/HistoricallyNamedCharset
instanceKlass sun/security/action/GetPropertyAction
instanceKlass java/lang/ThreadLocal
instanceKlass java/nio/charset/spi/CharsetProvider
instanceKlass java/nio/charset/Charset
instanceKlass java/io/Writer
instanceKlass java/io/OutputStream
instanceKlass java/io/Flushable
instanceKlass java/io/FileDescriptor$1
instanceKlass jdk/internal/access/JavaIOFileDescriptorAccess
instanceKlass java/io/FileDescriptor
instanceKlass jdk/internal/util/StaticProperty
instanceKlass java/util/HashMap$HashIterator
instanceKlass java/lang/Integer$IntegerCache
instanceKlass java/lang/CharacterData
instanceKlass java/util/Arrays
instanceKlass java/lang/VersionProps
instanceKlass java/lang/StringConcatHelper
instanceKlass jdk/internal/misc/VM
instanceKlass jdk/internal/util/SystemProps$Raw
instanceKlass jdk/internal/util/SystemProps
instanceKlass java/lang/System$2
instanceKlass jdk/internal/access/JavaLangAccess
instanceKlass java/lang/ref/Reference$1
instanceKlass jdk/internal/access/JavaLangRefAccess
instanceKlass java/lang/ref/ReferenceQueue$Lock
instanceKlass java/lang/ref/ReferenceQueue
instanceKlass jdk/internal/reflect/ReflectionFactory
instanceKlass jdk/internal/reflect/ReflectionFactory$GetReflectionFactoryAction
instanceKlass java/security/PrivilegedAction
instanceKlass java/util/concurrent/locks/LockSupport
instanceKlass java/util/concurrent/ConcurrentHashMap$Node
instanceKlass java/util/concurrent/ConcurrentHashMap$CounterCell
instanceKlass java/util/concurrent/locks/ReentrantLock
instanceKlass java/util/concurrent/locks/Lock
instanceKlass java/lang/Runtime
instanceKlass java/util/HashMap$Node
instanceKlass java/util/KeyValueHolder
instanceKlass java/util/Map$Entry
instanceKlass java/util/ImmutableCollections$MapN$MapNIterator
instanceKlass java/lang/Math
instanceKlass jdk/internal/reflect/Reflection
instanceKlass java/lang/invoke/MethodHandles$Lookup
instanceKlass java/lang/StringLatin1
instanceKlass java/security/Permission
instanceKlass java/security/Guard
instanceKlass java/lang/invoke/MemberName$Factory
instanceKlass java/lang/invoke/MethodHandles
instanceKlass jdk/internal/access/SharedSecrets
instanceKlass java/lang/reflect/ReflectAccess
instanceKlass jdk/internal/access/JavaLangReflectAccess
instanceKlass java/util/ImmutableCollections
instanceKlass java/util/Objects
instanceKlass java/util/Set
instanceKlass jdk/internal/misc/CDS
instanceKlass java/lang/Module$ArchivedData
instanceKlass java/lang/String$CaseInsensitiveComparator
instanceKlass java/util/Comparator
instanceKlass java/io/ObjectStreamField
instanceKlass jdk/internal/vm/vector/VectorSupport$VectorPayload
instanceKlass jdk/internal/vm/vector/VectorSupport
instanceKlass java/lang/reflect/RecordComponent
instanceKlass java/util/Iterator
instanceKlass java/lang/Number
instanceKlass java/lang/Character
instanceKlass java/lang/Boolean
instanceKlass java/util/concurrent/locks/AbstractOwnableSynchronizer
instanceKlass java/lang/LiveStackFrame
instanceKlass java/lang/StackFrameInfo
instanceKlass java/lang/StackWalker$StackFrame
instanceKlass java/lang/StackStreamFactory$AbstractStackWalker
instanceKlass java/lang/StackWalker
instanceKlass java/nio/Buffer
instanceKlass java/lang/StackTraceElement
instanceKlass java/util/RandomAccess
instanceKlass java/util/List
instanceKlass java/util/AbstractCollection
instanceKlass java/util/Collection
instanceKlass java/lang/Iterable
instanceKlass java/util/concurrent/ConcurrentMap
instanceKlass java/util/AbstractMap
instanceKlass java/security/CodeSource
instanceKlass jdk/internal/loader/ClassLoaders
instanceKlass java/util/jar/Manifest
instanceKlass java/net/URL
instanceKlass java/io/InputStream
instanceKlass java/io/Closeable
instanceKlass java/lang/AutoCloseable
instanceKlass jdk/internal/module/Modules
instanceKlass jdk/internal/misc/Unsafe
instanceKlass jdk/internal/misc/UnsafeConstants
instanceKlass java/lang/AbstractStringBuilder
instanceKlass java/lang/Appendable
instanceKlass java/lang/AssertionStatusDirectives
instanceKlass java/lang/invoke/MethodHandleNatives$CallSiteContext
instanceKlass jdk/internal/invoke/NativeEntryPoint
instanceKlass java/lang/invoke/CallSite
instanceKlass java/lang/invoke/MethodType
instanceKlass java/lang/invoke/TypeDescriptor$OfMethod
instanceKlass java/lang/invoke/LambdaForm
instanceKlass java/lang/invoke/MethodHandleNatives
instanceKlass java/lang/invoke/ResolvedMethodName
instanceKlass java/lang/invoke/MemberName
instanceKlass java/lang/invoke/VarHandle
instanceKlass java/lang/invoke/MethodHandle
instanceKlass jdk/internal/reflect/CallerSensitive
instanceKlass java/lang/annotation/Annotation
instanceKlass jdk/internal/reflect/FieldAccessor
instanceKlass jdk/internal/reflect/ConstantPool
instanceKlass jdk/internal/reflect/ConstructorAccessor
instanceKlass jdk/internal/reflect/MethodAccessor
instanceKlass jdk/internal/reflect/MagicAccessorImpl
instanceKlass java/lang/reflect/Parameter
instanceKlass java/lang/reflect/Member
instanceKlass java/lang/reflect/AccessibleObject
instanceKlass java/lang/Module
instanceKlass java/util/Map
instanceKlass java/util/Dictionary
instanceKlass java/lang/ThreadGroup
instanceKlass java/lang/Thread$UncaughtExceptionHandler
instanceKlass java/lang/Thread
instanceKlass java/lang/Runnable
instanceKlass java/lang/ref/Reference
instanceKlass java/lang/Record
instanceKlass java/security/AccessController
instanceKlass java/security/AccessControlContext
instanceKlass java/security/ProtectionDomain
instanceKlass java/lang/SecurityManager
instanceKlass java/lang/Throwable
instanceKlass java/lang/System
instanceKlass java/lang/ClassLoader
instanceKlass java/lang/Cloneable
instanceKlass java/lang/Class
instanceKlass java/lang/invoke/TypeDescriptor$OfField
instanceKlass java/lang/invoke/TypeDescriptor
instanceKlass java/lang/reflect/Type
instanceKlass java/lang/reflect/GenericDeclaration
instanceKlass java/lang/reflect/AnnotatedElement
instanceKlass java/lang/String
instanceKlass java/lang/constant/ConstantDesc
instanceKlass java/lang/constant/Constable
instanceKlass java/lang/CharSequence
instanceKlass java/lang/Comparable
instanceKlass java/io/Serializable
ciInstanceKlass java/lang/Object 1 1 92 7 1 10 12 1 1 10 7 12 1 1 1 10 7 12 1 1 1 10 12 1 1 8 1 10 12 1 1 10 7 12 1 1 1 10 12 1 10 12 1 1 100 1 8 1 10 12 1 3 8 1 100 1 5 0 1 1 1 1 1 1 1 1 1 1 1 1 1 1 1 1 7 1 1 1 7 1 1 1 1 1 1 1 7 1 1 1 1 1 1 1
ciMethod java/lang/Object equals (Ljava/lang/Object;)Z 578 0 65294 0 -1
ciMethod java/lang/Object toString ()Ljava/lang/String; 12 0 32 0 -1
ciMethod java/lang/Object hashCode ()I 768 0 384 0 -1
ciInstanceKlass java/lang/Class 1 1 1611 10 7 12 1 1 1 9 7 12 1 1 1 9 12 1 1 7 1 10 10 12 1 1 8 1 10 12 1 8 1 8 1 10 12 1 1 10 12 1 1 10 12 1 10 10 12 1 10 12 1 1 10 12 1 1 10 7 12 1 1 10 12 1 10 12 1 10 12 1 8 1 10 12 1 8 1 10 12 1 8 1 8 1 10 12 1 1 10 7 12 1 1 1 18 12 1 1 11 7 12 1 1 1 8 1 8 1 8 1 10 7 12 1 1 1 11 12 1 1 7 1 8 1 10 12 1 11 100 12 1 1 1 10 12 1 1 11 8 1 18 8 1 10 12 1 10 7 12 1 1 10 7 12 1 1 1 10 12 1 1 10 7 12 1 1 1 9 100 12 1 1 1 10 100 12 1 1 1 10 7 12 1 1 1 10 12 1 1 18 12 1 1 10 7 12 1 1 1 10 7 12 1 1 10 12 1 1 10 7 1 100 1 10 12 1 1 9 12 1 1 7 1 8 1 10 12 1 10 12 1 1 10 12 1 1 10 7 12 1 1 1 7 1 10 12 1 7 1 7 1 10 10 12 1 1 10 12 1 1 100 1 10 100 12 1 1 1 10 12 1 1 10 12 1 1 9 12 1 1 10 12 1 10 12 1 10 12 1 1 9 12 1 1 9 12 1 1 10 12 1 1 10 7 1 10 12 1 10 12 1 10 12 1 1 10 9 12 1 10 12 1 8 1 10 12 1 1 10 12 1 1 10 12 1 10 12 1 1 10 12 1 1 10 12 1 1 9 7 12 1 1 1 10 7 12 1 1 10 12 10 12 1 10 12 1 1 10 100 12 1 1 10 12 1 10 12 1 1 10 100 12 1 1 1 10 12 1 10 12 1 1 10 12 1 10 12 1 10 12 1 1 10 7 1 10 10 10 12 1 1 10 12 1 1 10 12 10 12 1 1 100 1 8 1 10 10 12 1 1 10 12 1 100 1 11 12 1 10 100 12 1 1 10 12 1 10 12 1 10 100 12 1 1 10 10 12 1 1 8 1 10 12 1 10 12 1 1 8 1 9 12 1 10 12 1 10 12 1 10 12 1 10 12 100 1 9 12 1 10 12 1 9 12 1 10 12 1 10 12 1 10 12 1 10 10 12 1 10 12 1 10 12 1 10 12 1 10 12 1 10 12 1 100 1 10 12 1 10 12 1 1 10 12 1 1 10 12 1 1 10 12 1 1 10 12 1 1 10 12 1 1 7 1 10 10 12 1 1 10 12 1 1 10 12 1 1 10 10 12 1 10 12 1 1 10 12 1 1 10 12 1 1 10 12 1 1 7 1 10 10 12 11 100 12 1 1 10 12 1 1 10 12 1 10 100 12 1 1 1 10 12 1 1 10 10 12 1 1 100 1 10 10 12 1 1 10 100 12 1 1 1 100 1 7 1 10 12 1 1 10 12 1 10 10 12 1 1 10 12 1 10 12 1 10 12 1 10 100 12 1 1 1 11 7 12 1 1 10 12 1 10 12 1 9 12 1 10 12 1 1 10 12 1 9 12 1 1 7 1 10 9 12 1 1 10 12 7 1 10 12 1 9 12 1 10 100 12 1 1 1 10 12 1 10 12 1 10 100 12 1 1 1 10 12 1 10 12 10 12 1 1 100 1 10 8 1 10 12 1 11 11 12 1 1 11 7 12 1 1 11 12 1 8 1 10 12 1 10 12 1 1 9 12 1 9 12 1 1 10 7 12 1 1 9 12 1 10 12 1 1 10 10 12 1 10 7 12 1 1 1 10 7 12 1 1 10 7 12 1 1 9 12 1 1 10 12 1 9 12 1 10 12 1 10 12 1 1 9 12 1 1 9 12 1 10 12 1 10 12 1 1 9 12 1 100 1 10 10 12 1 1 7 1 10 12 1 1 100 11 100 1 9 12 1 1 9 12 1 100 1 10 12 1 9 12 1 1 9 12 1 10 12 1 10 12 1 1 9 12 1 7 1 10 10 12 1 1 10 10 12 1 1 10 12 10 10 12 1 9 12 1 10 12 1 1 10 7 12 1 1 1 10 12 1 1 10 12 1 8 10 7 8 1 18 8 1 8 1 10 12 1 9 12 1 9 12 1 1 10 12 1 7 1 7 1 10 12 1 9 12 1 1 7 1 10 10 12 1 10 7 1 9 12 1 8 1 10 12 1 7 1 10 12 1 10 12 1 1 9 12 1 100 1 8 1 10 7 1 4 10 10 12 11 7 12 1 1 1 10 12 1 100 1 10 12 1 1 10 8 1 8 1 10 12 1 1 9 7 12 1 1 11 12 7 1 11 7 12 1 1 9 12 1 10 100 12 1 1 1 10 7 12 1 1 10 12 1 1 9 12 1 9 10 12 1 1 10 12 1 1 10 12 1 1 10 12 1 1 10 12 1 1 11 12 1 7 1 11 12 1 10 7 12 1 1 1 10 12 1 7 1 11 12 1 10 7 12 1 1 1 10 12 1 10 11 12 1 11 12 1 1 10 12 1 10 12 1 1 9 12 1 1 9 7 12 1 1 10 12 1 10 7 12 1 1 1 10 12 1 1 10 12 1 10 12 1 10 12 1 10 7 12 1 1 1 10 12 1 8 1 10 12 1 10 12 1 10 12 1 10 100 12 1 1 1 11 100 12 1 1 1 10 12 1 1 10 12 1 18 12 1 1 11 12 1 1 18 11 12 1 18 12 1 11 12 1 10 12 1 1 10 12 1 10 12 1 10 12 10 12 1 8 1 10 12 1 7 1 9 12 1 1 100 1 100 1 100 1 100 1 100 1 1 1 3 1 3 1 3 1 1 1 1 1 1 1 5 0 1 1 1 1 1 1 1 1 1 1 1 1 1 1 1 1 1 1 1 1 1 1 1 100 1 1 1 1 1 1 1 100 1 1 1 1 1 1 7 1 1 1 1 1 1 1 1 1 1 1 1 1 1 1 1 1 1 1 1 1 1 1 1 1 1 1 1 1 1 1 1 1 1 1 1 1 1 100 1 1 1 1 1 1 1 1 1 1 1 1 1 1 1 1 1 1 1 1 1 1 1 1 1 1 1 1 100 1 1 1 1 1 1 1 1 1 1 1 1 1 1 1 1 1 1 1 1 1 1 1 1 1 1 1 1 1 1 1 1 1 1 1 1 1 1 1 1 1 1 1 1 1 1 1 1 1 1 1 1 1 100 1 100 1 1 1 1 1 1 1 1 1 1 1 1 1 1 1 1 1 1 1 1 1 1 1 1 1 1 1 1 1 1 1 1 1 1 1 1 1 1 1 1 1 1 1 1 1 1 1 1 1 1 1 1 1 1 1 1 1 1 1 1 1 1 1 100 1 1 1 1 1 1 1 1 1 1 1 1 1 1 1 1 1 1 1 1 1 1 1 1 1 1 1 1 1 1 1 1 1 1 1 1 1 1 1 1 1 1 1 1 1 1 1 1 1 1 1 1 1 1 1 1 1 1 1 1 1 1 1 1 1 1 1 1 15 10 7 12 1 1 1 16 15 10 12 16 15 11 12 16 1 16 15 16 15 10 12 16 16 15 10 12 16 15 16 1 15 10 12 16 1 1 1 1 1 1 1 1 100 1 1 100 1 100 1 1 100 1 100 1 1
staticfield java/lang/Class EMPTY_CLASS_ARRAY [Ljava/lang/Class; 0 [Ljava/lang/Class;
staticfield java/lang/Class serialPersistentFields [Ljava/io/ObjectStreamField; 0 [Ljava/io/ObjectStreamField;
ciInstanceKlass java/io/Serializable 1 0 7 100 1 100 1 1 1
instanceKlass jdk/internal/vm/vector/VectorSupport$VectorShuffle
instanceKlass jdk/internal/vm/vector/VectorSupport$VectorMask
instanceKlass jdk/internal/vm/vector/VectorSupport$Vector
ciInstanceKlass jdk/internal/vm/vector/VectorSupport$VectorPayload 0 0 32 10 100 12 1 1 1 9 100 12 1 1 1 10 100 12 1 1 1 1 1 1 1 1 1 1 1 1 1 1 1 1
ciInstanceKlass jdk/internal/vm/vector/VectorSupport$VectorShuffle 0 0 28 10 100 12 1 1 1 100 1 1 1 1 1 1 1 1 1 1 1 1 1 1 1 100 1 1 1 1
ciInstanceKlass jdk/internal/vm/vector/VectorSupport$VectorMask 0 0 28 10 100 12 1 1 1 100 1 1 1 1 1 1 1 1 1 1 1 1 1 1 1 100 1 1 1 1
ciInstanceKlass jdk/internal/vm/vector/VectorSupport$Vector 0 0 28 10 100 12 1 1 1 100 1 1 1 1 1 1 1 1 1 1 1 1 1 1 1 100 1 1 1 1
ciInstanceKlass jdk/internal/vm/vector/VectorSupport 0 0 487 100 1 10 100 12 1 1 1 9 12 1 1 10 12 1 1 100 1 10 12 1 11 100 12 1 1 1 11 100 12 1 1 1 11 100 12 1 1 11 100 12 1 1 1 11 100 1 100 1 10 12 1 1 11 100 12 1 1 11 100 12 1 1 100 1 11 100 12 1 1 11 100 12 1 1 11 100 12 1 1 1 11 100 12 1 1 1 11 100 12 1 1 1 11 100 12 1 1 1 100 1 10 12 1 1 11 100 12 1 1 100 1 11 100 12 1 1 11 100 12 1 1 11 100 12 1 1 11 100 1 100 1 9 12 1 1 10 100 12 1 1 11 100 12 1 1 10 12 1 1 10 100 12 1 1 1 10 12 1 10 12 1 1 10 12 1 1 1 1 1 3 1 3 1 3 1 3 1 3 1 3 1 3 1 3 1 3 1 3 1 3 1 3 1 3 1 3 1 3 1 3 1 3 1 3 1 3 1 3 1 3 1 3 1 3 1 3 1 3 1 3 1 3 1 3 1 3 1 3 1 3 1 3 1 3 1 3 1 3 1 3 1 3 1 3 1 3 1 1 1 1 1 3 1 1 1 1 1 1 3 1 1 1 1 1 1 1 1 1 1 1 1 1 1 1 1 1 1 1 1 1 1 1 1 1 1 1 1 1 1 1 1 1 1 1 1 1 1 1 1 1 1 1 1 1 1 1 1 1 1 1 1 1 1 1 1 1 1 1 1 1 1 1 1 1 1 1 1 1 1 1 1 1 1 1 1 1 1 1 1 1 1 1 1 1 1 1 1 1 1 1 1 1 1 1 1 1 1 1 1 1 1 1 1 1 1 1 1 1 1 1 1 1 1 1 1 1 1 1 1 1 1 1 1 1 1 1 1 1 1 1 1 1 1 1 1 1 1 1 1 1 1 1 1 1 1 1 1 1 1 1 1 1 1 1 1 1 1 1 1 1 1 1 1 1 1 1 1 1 1 1 1 1 1 1 1 1 1 1 1 1 1 1 1 1 1 1 1 1 1 1 1 1 1 1 1 1 1 1 100 1 100 1 1 1 1 1 1 1 1 1 1 1 1 1 1 1 1 1 1 1 1 1 1 1 1
ciInstanceKlass java/lang/reflect/RecordComponent 0 0 196 10 100 12 1 1 1 9 100 12 1 1 1 9 12 1 1 9 12 1 10 12 1 1 10 12 1 1 10 100 12 1 1 1 10 12 1 1 9 12 1 1 10 12 1 1 10 12 1 1 10 12 1 10 100 12 1 1 10 100 12 1 1 9 12 1 1 10 100 12 1 1 1 11 100 12 1 1 1 10 9 100 12 1 1 1 10 100 12 1 1 1 9 12 1 1 10 100 12 1 1 1 10 12 1 1 11 100 12 1 1 10 100 12 1 1 100 1 9 12 1 9 12 1 1 9 12 1 10 100 12 1 1 1 10 12 1 1 10 12 1 1 100 1 10 10 12 1 10 12 1 1 8 1 10 12 1 10 12 1 9 12 1 100 1 1 1 1 1 1 1 1 1 1 1 1 1 1 1 1 1 1 1 1 1 1 100 1 1 1 1 1 1 100 1 1
ciInstanceKlass java/util/Iterator 1 1 53 100 1 8 1 10 12 1 1 10 7 12 1 1 1 11 7 12 1 1 1 11 12 1 1 11 7 12 1 1 1 100 1 1 1 1 1 1 1 1 1 1 1 1 1 1 1 1 1 1 1 1 1
ciInstanceKlass java/lang/System 1 1 803 10 100 12 1 1 1 9 7 12 1 1 1 10 12 1 10 12 1 1 10 12 1 1 10 12 1 9 12 1 1 10 7 12 1 1 1 11 100 12 1 1 1 10 100 12 1 1 1 10 12 1 1 10 12 1 1 100 1 8 1 10 12 1 10 100 12 1 1 1 10 100 12 1 1 1 18 12 1 1 10 100 12 1 1 1 100 1 10 12 1 1 10 100 12 1 1 1 10 12 1 10 7 12 1 1 1 9 100 12 1 1 1 10 100 12 1 1 1 11 7 12 1 1 1 10 12 1 1 10 100 12 1 1 1 100 1 10 10 12 1 1 8 1 10 12 1 8 1 10 12 1 9 12 1 1 8 1 10 7 12 1 1 1 10 12 1 1 100 1 8 1 10 9 12 1 1 8 1 10 12 1 1 10 100 12 1 1 1 8 1 10 12 1 100 1 10 12 1 8 1 10 12 1 10 12 1 1 100 1 10 12 10 12 1 9 12 1 1 9 12 1 1 10 7 12 1 1 1 10 7 12 1 1 1 10 12 1 1 10 12 1 10 12 1 10 7 12 1 1 1 10 12 1 100 1 100 1 8 1 10 12 1 10 12 1 1 7 1 10 12 1 100 1 8 1 10 10 12 1 100 1 8 1 10 8 1 10 7 12 1 1 8 1 10 12 100 1 8 1 10 10 12 1 1 10 100 12 1 1 1 100 1 18 12 1 100 1 9 100 12 1 1 1 10 12 1 100 1 10 12 1 1 10 12 1 1 10 7 12 1 1 1 10 12 1 1 10 12 1 10 12 1 10 12 1 1 10 12 1 7 1 10 12 1 10 12 1 100 1 10 12 1 10 7 12 1 1 1 100 1 8 1 10 9 12 1 9 12 1 10 12 1 10 100 12 1 1 10 12 1 10 12 1 1 8 1 10 12 1 1 8 1 11 12 1 10 12 11 12 1 1 11 7 12 1 1 1 11 7 12 1 1 11 12 1 1 7 1 11 12 1 10 12 1 8 1 10 12 1 1 8 1 8 1 8 1 8 1 11 12 1 10 12 1 10 12 1 10 12 1 10 7 12 1 1 8 1 7 1 9 7 12 1 1 1 10 12 1 7 1 9 12 10 9 12 7 1 10 12 8 1 10 12 1 1 8 1 10 7 12 1 1 10 12 1 10 7 12 1 1 1 10 12 1 1 10 7 12 1 1 1 10 12 10 7 12 1 1 1 9 12 1 1 100 1 8 1 10 12 1 1 10 7 12 1 1 1 7 1 10 12 1 1 8 1 10 8 1 8 1 8 1 8 1 10 10 7 12 1 1 10 12 1 1 10 12 1 1 10 12 1 1 10 12 1 10 100 12 1 1 1 10 100 1 8 1 10 10 10 12 1 1 10 12 1 1 8 1 10 12 1 8 1 10 12 1 10 12 1 1 7 1 10 10 12 1 10 12 1 9 12 1 1 1 3 1 3 1 1 1 1 1 1 1 1 1 1 1 1 100 1 1 7 1 1 1 1 1 1 1 1 1 1 1 100 1 100 1 1 1 1 1 1 1 1 1 1 1 1 1 1 1 1 1 1 1 1 1 1 1 1 1 1 1 1 1 1 1 1 1 1 1 1 1 1 1 1 1 1 1 1 1 1 1 1 1 1 1 1 1 1 1 1 1 1 100 1 1 1 1 1 1 1 1 1 1 1 1 1 1 1 1 1 1 1 1 1 1 1 1 1 1 1 1 1 1 1 1 1 100 1 1 15 10 100 12 1 1 1 16 15 10 12 1 1 16 15 10 12 16 1 1 1 1 1 1 1 100 1 100 1 1
staticfield java/lang/System in Ljava/io/InputStream; java/io/BufferedInputStream
staticfield java/lang/System out Ljava/io/PrintStream; org/fusesource/jansi/AnsiPrintStream
staticfield java/lang/System err Ljava/io/PrintStream; org/fusesource/jansi/AnsiPrintStream
instanceKlass net/bytebuddy/dynamic/loading/InjectionClassLoader
instanceKlass net/bytebuddy/utility/dispatcher/JavaDispatcher$DynamicClassLoader
instanceKlass org/mule/runtime/module/artifact/api/classloader/FilteringArtifactClassLoader
instanceKlass com/google/inject/internal/aop/ChildClassDefiner$ChildLoader
instanceKlass org/eclipse/sisu/space/CloningClassSpace$CloningClassLoader
instanceKlass jdk/internal/reflect/DelegatingClassLoader
instanceKlass java/security/SecureClassLoader
ciInstanceKlass java/lang/ClassLoader 1 1 1098 9 7 12 1 1 1 10 7 12 1 1 1 9 12 1 1 10 7 12 1 1 1 7 1 10 12 1 1 10 12 1 1 9 12 1 1 10 12 1 1 100 1 10 12 1 10 12 1 1 10 7 12 1 1 1 100 1 8 1 10 12 1 10 7 12 1 1 1 10 100 12 1 10 7 1 10 7 1 7 1 7 1 10 12 1 10 12 1 9 12 1 1 10 10 7 12 1 1 1 9 12 1 1 9 12 1 9 12 1 1 9 12 1 9 12 1 1 9 12 1 1 7 1 10 12 1 9 12 1 1 10 12 1 1 10 7 12 1 1 1 9 12 1 9 12 1 1 9 12 1 10 12 1 1 9 12 10 12 1 1 7 1 10 8 1 10 12 1 1 10 12 1 10 7 1 7 1 10 12 1 1 10 7 12 1 1 1 8 1 10 12 1 10 12 1 10 12 1 1 10 12 1 1 10 12 1 1 10 12 1 1 10 12 1 1 10 12 1 7 1 10 12 1 10 7 12 1 1 1 10 12 1 1 10 12 1 10 12 1 10 12 1 10 12 1 10 12 1 1 10 10 12 1 10 12 1 10 100 12 1 1 10 12 1 1 10 12 1 1 10 12 1 100 1 10 12 1 100 1 10 12 1 10 100 12 1 1 1 10 10 12 1 1 10 12 1 1 100 1 8 1 10 8 1 10 12 1 10 12 1 100 1 8 1 10 12 1 1 10 12 1 1 10 10 12 1 1 10 12 1 1 10 12 1 1 10 7 1 10 12 1 1 10 12 1 1 10 12 1 1 10 12 1 1 10 12 1 1 10 12 1 1 10 12 1 10 7 12 1 1 1 10 12 1 10 12 1 10 12 1 1 10 12 1 10 12 1 10 12 1 10 12 1 1 10 12 1 10 12 1 1 8 1 9 12 1 10 12 1 1 8 1 8 1 10 7 12 1 1 100 1 10 10 12 10 12 1 10 12 1 10 12 1 10 12 1 1 10 7 12 1 1 10 12 1 10 7 1 7 1 10 12 1 1 10 12 1 10 7 1 10 12 1 100 1 18 12 1 10 100 12 1 1 1 10 100 12 1 1 1 10 7 12 1 1 10 12 1 1 10 12 1 10 12 1 1 7 1 10 12 1 10 12 1 1 10 7 12 1 1 10 12 1 8 1 100 1 10 10 12 1 9 12 1 10 7 12 1 1 10 12 1 100 1 8 1 10 12 1 10 8 1 8 1 10 12 1 1 10 12 1 1 10 12 1 1 10 100 12 1 1 1 100 1 100 1 10 12 1 1 100 1 100 1 10 100 12 1 1 10 12 1 10 12 1 1 10 12 1 10 12 1 1 10 12 1 1 9 100 12 1 1 1 10 12 1 1 10 12 1 10 12 1 10 12 1 1 10 12 1 8 1 10 12 1 7 1 18 12 1 1 10 12 1 1 10 12 1 10 12 1 10 12 1 8 1 10 12 1 10 12 1 18 12 1 11 100 12 1 1 1 100 1 10 12 1 1 10 12 1 10 11 12 1 1 10 18 10 12 1 1 11 100 12 1 18 12 1 11 12 1 1 10 12 10 12 1 1 10 12 1 1 100 1 8 1 10 10 12 1 8 1 8 1 10 100 12 1 1 10 12 1 100 1 10 10 12 1 8 1 8 1 8 1 10 12 1 10 12 1 1 10 12 1 10 100 12 1 1 1 11 100 12 1 1 100 1 10 11 10 12 1 10 12 1 10 12 1 1 9 100 12 1 1 9 12 1 1 9 12 9 12 1 9 12 1 9 12 1 8 10 12 1 1 10 7 12 1 1 1 10 12 1 1 10 12 1 1 10 12 1 10 10 12 1 11 12 1 1 10 100 12 1 1 1 100 1 10 12 1 10 12 1 10 12 1 1 1 1 1 1 1 1 1 1 1 1 1 1 1 1 1 1 1 1 1 1 1 1 1 1 1 1 100 1 1 1 1 1 1 1 1 1 1 1 1 1 1 1 1 1 1 1 1 1 100 1 1 1 1 1 1 1 1 1 1 7 1 1 1 1 1 1 1 1 1 1 1 1 1 1 1 1 1 1 1 1 1 1 1 1 1 1 1 1 1 1 1 1 1 1 1 1 1 1 1 1 1 100 1 1 1 1 1 1 1 1 1 1 1 1 1 1 1 1 1 1 100 1 1 1 1 1 1 1 1 1 1 1 1 1 1 1 1 1 1 1 1 1 1 1 1 1 1 1 1 1 1 1 1 1 1 1 1 1 1 1 1 1 1 1 1 1 1 1 1 1 1 1 100 1 1 1 1 1 1 1 1 1 1 1 1 1 1 1 1 1 1 1 1 1 1 1 1 1 1 1 1 1 1 1 1 1 1 1 1 1 1 1 1 1 1 1 1 1 1 15 10 7 12 1 1 1 16 1 15 10 12 16 1 16 15 10 12 16 1 16 1 15 10 12 16 15 10 12 16 15 10 12 16 1 1 100 1 100 1 1
staticfield java/lang/ClassLoader nocerts [Ljava/security/cert/Certificate; 0 [Ljava/security/cert/Certificate;
staticfield java/lang/ClassLoader $assertionsDisabled Z 1
ciInstanceKlass jdk/internal/reflect/DelegatingClassLoader 1 1 18 10 7 12 1 1 1 100 1 1 1 1 1 1 1 1 1 1
instanceKlass java/net/URLClassLoader
instanceKlass jdk/internal/loader/BuiltinClassLoader
ciInstanceKlass java/security/SecureClassLoader 1 1 102 10 7 12 1 1 1 7 1 10 12 1 9 7 12 1 1 1 10 12 1 10 12 1 10 12 1 1 10 12 1 1 10 12 1 7 1 10 7 1 10 12 1 7 1 10 12 1 11 7 12 1 1 1 7 1 11 12 1 10 12 1 1 1 1 1 1 1 1 1 1 1 1 1 1 1 1 1 1 1 1 1 1 1 1 1 1 1 1 1 1 1 1 1 1 1 1 100 1 1 1 1
instanceKlass jdk/internal/loader/ClassLoaders$BootClassLoader
instanceKlass jdk/internal/loader/ClassLoaders$PlatformClassLoader
instanceKlass jdk/internal/loader/ClassLoaders$AppClassLoader
ciInstanceKlass jdk/internal/loader/BuiltinClassLoader 1 1 737 9 7 12 1 1 1 10 7 12 1 1 1 10 7 12 1 1 1 9 12 1 1 9 12 1 1 7 1 10 12 1 9 12 1 10 12 1 9 12 1 10 7 12 1 1 1 10 7 12 1 1 1 10 7 12 1 1 1 11 7 12 1 1 1 100 1 100 1 10 10 12 1 1 8 1 10 12 1 10 12 7 1 10 12 1 10 12 1 1 11 7 12 1 1 1 11 7 12 1 1 1 11 12 1 1 7 1 8 1 8 1 10 9 12 1 1 10 7 12 1 1 11 12 1 1 10 12 1 1 10 12 1 1 10 12 1 1 10 7 12 1 1 1 10 12 1 10 100 12 1 1 1 10 12 1 1 11 7 12 1 1 1 10 7 12 1 1 100 1 10 7 12 1 1 1 10 12 1 100 1 8 1 10 12 1 1 10 8 1 10 12 1 1 10 12 1 1 10 12 1 1 11 7 12 1 1 11 12 1 7 1 10 11 12 1 1 11 10 12 1 1 7 1 10 12 1 10 7 12 1 10 12 1 7 1 10 12 1 10 7 12 1 1 1 100 1 10 12 1 1 11 12 1 7 1 100 1 10 12 1 10 12 1 1 100 1 100 1 10 12 1 10 12 1 18 12 1 1 10 12 1 10 12 1 1 18 100 1 10 7 12 1 1 1 7 1 10 10 12 1 1 10 12 1 1 10 12 1 1 10 12 1 9 12 1 1 100 1 10 10 12 1 1 10 12 1 1 10 12 1 10 12 10 12 1 1 10 12 1 1 10 12 1 1 10 12 1 10 12 1 1 18 12 1 7 1 10 12 1 1 10 12 1 10 12 1 1 10 12 1 100 1 10 12 1 7 1 10 12 1 10 7 12 1 1 1 10 12 1 11 12 1 7 1 10 12 1 7 1 100 1 10 12 1 10 12 1 11 12 1 1 10 12 1 1 10 12 1 1 10 12 1 1 10 12 1 1 10 12 1 10 12 1 10 12 1 10 12 1 8 1 10 12 1 1 10 7 12 1 1 10 12 1 100 1 8 1 8 1 10 10 12 1 8 1 8 1 10 7 12 1 1 1 11 7 12 1 1 1 9 7 12 1 1 1 10 7 12 1 1 1 9 12 1 9 12 1 9 12 1 9 12 1 9 12 1 9 12 1 10 7 12 1 1 1 8 1 10 12 1 7 1 10 12 1 1 10 12 1 7 1 10 11 12 1 1 10 12 10 12 1 10 12 1 100 1 10 12 1 10 12 1 10 10 12 1 10 7 12 1 1 8 1 10 7 12 1 1 10 12 1 1 1 1 1 1 1 1 1 1 1 1 1 1 1 1 1 1 1 1 1 1 1 1 1 1 1 1 1 1 1 1 1 1 1 1 1 1 1 1 1 1 1 1 1 1 1 1 1 1 1 1 1 1 1 1 100 1 1 1 1 1 1 1 1 1 1 1 1 1 1 1 1 1 1 100 1 100 1 1 1 1 1 1 1 1 1 1 1 1 1 1 1 1 1 1 1 1 1 1 1 1 1 1 1 1 1 1 1 1 1 1 1 1 1 1 1 1 1 1 1 1 1 1 1 1 1 1 1 100 1 1 15 10 100 12 1 1 1 16 15 10 12 16 15 10 12 16 15 10 12 16 1 1 1 100 1 1 1 1 1 100 1 100 1 1
staticfield jdk/internal/loader/BuiltinClassLoader packageToModule Ljava/util/Map; java/util/concurrent/ConcurrentHashMap
staticfield jdk/internal/loader/BuiltinClassLoader $assertionsDisabled Z 1
ciInstanceKlass java/security/AccessController 1 1 295 10 100 12 1 1 1 10 7 12 1 1 1 10 7 12 1 1 1 10 12 1 1 10 12 1 1 10 7 12 1 1 1 10 12 1 1 10 12 1 10 12 1 1 10 12 1 100 1 8 1 10 12 1 10 12 1 10 12 1 1 10 12 1 7 1 7 1 10 12 1 1 10 12 1 10 12 1 10 12 1 1 10 7 12 1 1 1 10 12 1 1 9 100 12 1 1 1 10 100 12 1 1 1 10 12 1 10 12 1 9 100 12 1 1 1 10 12 1 10 12 1 1 9 12 1 1 10 100 1 10 11 7 12 1 1 1 10 7 12 1 1 11 7 1 7 1 10 12 1 10 12 1 10 12 1 8 1 10 12 1 1 8 1 10 100 12 1 1 1 8 1 100 1 10 10 12 1 1 10 12 1 10 7 12 1 1 1 10 12 1 8 1 10 100 12 1 1 8 1 8 1 10 12 1 8 1 10 12 1 10 12 1 1 10 12 1 1 1 1 1 1 1 1 1 1 1 1 1 1 1 1 1 1 1 1 1 1 1 1 1 1 1 1 100 1 1 1 1 1 1 1 1 1 1 1 1 1 1 1 1 1 1 1 1 1 1 1 1 1 1 1 1 1 1 1 1 1 1 100 1 100 1 1 1 1 1 1 1 1 1 3 1 1 1
staticfield java/security/AccessController $assertionsDisabled Z 1
instanceKlass jdk/internal/reflect/GeneratedConstructorAccessor61
instanceKlass jdk/internal/reflect/GeneratedConstructorAccessor60
instanceKlass jdk/internal/reflect/GeneratedConstructorAccessor59
instanceKlass jdk/internal/reflect/GeneratedConstructorAccessor58
instanceKlass jdk/internal/reflect/GeneratedConstructorAccessor57
instanceKlass jdk/internal/reflect/GeneratedConstructorAccessor56
instanceKlass jdk/internal/reflect/GeneratedConstructorAccessor55
instanceKlass jdk/internal/reflect/GeneratedConstructorAccessor54
instanceKlass jdk/internal/reflect/GeneratedConstructorAccessor53
instanceKlass jdk/internal/reflect/GeneratedConstructorAccessor52
instanceKlass jdk/internal/reflect/GeneratedConstructorAccessor51
instanceKlass jdk/internal/reflect/GeneratedConstructorAccessor50
instanceKlass jdk/internal/reflect/GeneratedConstructorAccessor49
instanceKlass jdk/internal/reflect/GeneratedConstructorAccessor48
instanceKlass jdk/internal/reflect/GeneratedConstructorAccessor47
instanceKlass jdk/internal/reflect/GeneratedConstructorAccessor46
instanceKlass jdk/internal/reflect/GeneratedConstructorAccessor45
instanceKlass jdk/internal/reflect/GeneratedConstructorAccessor44
instanceKlass jdk/internal/reflect/GeneratedConstructorAccessor43
instanceKlass jdk/internal/reflect/GeneratedConstructorAccessor42
instanceKlass jdk/internal/reflect/GeneratedConstructorAccessor41
instanceKlass jdk/internal/reflect/GeneratedConstructorAccessor40
instanceKlass jdk/internal/reflect/GeneratedConstructorAccessor39
instanceKlass jdk/internal/reflect/GeneratedConstructorAccessor38
instanceKlass jdk/internal/reflect/GeneratedConstructorAccessor37
instanceKlass jdk/internal/reflect/GeneratedConstructorAccessor36
instanceKlass jdk/internal/reflect/GeneratedConstructorAccessor35
instanceKlass jdk/internal/reflect/GeneratedConstructorAccessor34
instanceKlass jdk/internal/reflect/GeneratedConstructorAccessor33
instanceKlass jdk/internal/reflect/GeneratedConstructorAccessor32
instanceKlass jdk/internal/reflect/GeneratedConstructorAccessor31
instanceKlass jdk/internal/reflect/GeneratedConstructorAccessor30
instanceKlass jdk/internal/reflect/GeneratedConstructorAccessor29
instanceKlass jdk/internal/reflect/GeneratedConstructorAccessor28
instanceKlass jdk/internal/reflect/GeneratedConstructorAccessor27
instanceKlass jdk/internal/reflect/GeneratedConstructorAccessor26
instanceKlass jdk/internal/reflect/GeneratedConstructorAccessor25
instanceKlass jdk/internal/reflect/GeneratedConstructorAccessor24
instanceKlass jdk/internal/reflect/GeneratedConstructorAccessor23
instanceKlass jdk/internal/reflect/GeneratedConstructorAccessor22
instanceKlass jdk/internal/reflect/GeneratedConstructorAccessor21
instanceKlass jdk/internal/reflect/GeneratedConstructorAccessor20
instanceKlass jdk/internal/reflect/GeneratedConstructorAccessor19
instanceKlass jdk/internal/reflect/GeneratedConstructorAccessor18
instanceKlass jdk/internal/reflect/GeneratedConstructorAccessor17
instanceKlass jdk/internal/reflect/GeneratedConstructorAccessor16
instanceKlass jdk/internal/reflect/GeneratedConstructorAccessor15
instanceKlass jdk/internal/reflect/GeneratedConstructorAccessor14
instanceKlass jdk/internal/reflect/GeneratedConstructorAccessor13
instanceKlass jdk/internal/reflect/GeneratedConstructorAccessor12
instanceKlass jdk/internal/reflect/GeneratedConstructorAccessor11
instanceKlass jdk/internal/reflect/GeneratedConstructorAccessor10
instanceKlass jdk/internal/reflect/GeneratedConstructorAccessor9
instanceKlass jdk/internal/reflect/GeneratedConstructorAccessor8
instanceKlass jdk/internal/reflect/GeneratedConstructorAccessor7
instanceKlass jdk/internal/reflect/GeneratedConstructorAccessor6
instanceKlass jdk/internal/reflect/GeneratedConstructorAccessor5
instanceKlass jdk/internal/reflect/GeneratedConstructorAccessor4
instanceKlass jdk/internal/reflect/GeneratedConstructorAccessor3
instanceKlass jdk/internal/reflect/GeneratedConstructorAccessor2
instanceKlass jdk/internal/reflect/BootstrapConstructorAccessorImpl
instanceKlass jdk/internal/reflect/GeneratedConstructorAccessor1
instanceKlass jdk/internal/reflect/DelegatingConstructorAccessorImpl
instanceKlass jdk/internal/reflect/NativeConstructorAccessorImpl
ciInstanceKlass jdk/internal/reflect/ConstructorAccessorImpl 1 1 27 10 7 12 1 1 1 100 1 100 1 1 1 1 1 1 1 1 1 100 1 100 1 100 1 1 1
instanceKlass jdk/internal/reflect/FieldAccessorImpl
instanceKlass jdk/internal/reflect/ConstructorAccessorImpl
instanceKlass jdk/internal/reflect/MethodAccessorImpl
ciInstanceKlass jdk/internal/reflect/MagicAccessorImpl 1 1 16 10 7 12 1 1 1 100 1 1 1 1 1 1 1 1
instanceKlass jdk/internal/reflect/GeneratedMethodAccessor55
instanceKlass jdk/internal/reflect/GeneratedMethodAccessor54
instanceKlass jdk/internal/reflect/GeneratedMethodAccessor53
instanceKlass jdk/internal/reflect/GeneratedMethodAccessor52
instanceKlass jdk/internal/reflect/GeneratedMethodAccessor51
instanceKlass jdk/internal/reflect/GeneratedMethodAccessor50
instanceKlass jdk/internal/reflect/GeneratedMethodAccessor49
instanceKlass jdk/internal/reflect/GeneratedMethodAccessor48
instanceKlass jdk/internal/reflect/GeneratedMethodAccessor47
instanceKlass jdk/internal/reflect/GeneratedMethodAccessor46
instanceKlass jdk/internal/reflect/GeneratedMethodAccessor45
instanceKlass jdk/internal/reflect/GeneratedMethodAccessor44
instanceKlass jdk/internal/reflect/GeneratedMethodAccessor43
instanceKlass jdk/internal/reflect/GeneratedMethodAccessor42
instanceKlass jdk/internal/reflect/GeneratedMethodAccessor41
instanceKlass jdk/internal/reflect/GeneratedMethodAccessor40
instanceKlass jdk/internal/reflect/GeneratedMethodAccessor39
instanceKlass jdk/internal/reflect/GeneratedMethodAccessor38
instanceKlass jdk/internal/reflect/GeneratedMethodAccessor37
instanceKlass jdk/internal/reflect/GeneratedMethodAccessor36
instanceKlass jdk/internal/reflect/GeneratedMethodAccessor35
instanceKlass jdk/internal/reflect/GeneratedMethodAccessor34
instanceKlass jdk/internal/reflect/GeneratedMethodAccessor33
instanceKlass jdk/internal/reflect/GeneratedMethodAccessor32
instanceKlass jdk/internal/reflect/GeneratedMethodAccessor31
instanceKlass jdk/internal/reflect/GeneratedMethodAccessor30
instanceKlass jdk/internal/reflect/GeneratedMethodAccessor29
instanceKlass jdk/internal/reflect/GeneratedMethodAccessor28
instanceKlass jdk/internal/reflect/GeneratedMethodAccessor27
instanceKlass jdk/internal/reflect/GeneratedMethodAccessor26
instanceKlass jdk/internal/reflect/GeneratedMethodAccessor25
instanceKlass jdk/internal/reflect/GeneratedMethodAccessor24
instanceKlass jdk/internal/reflect/GeneratedMethodAccessor23
instanceKlass jdk/internal/reflect/GeneratedMethodAccessor22
instanceKlass jdk/internal/reflect/GeneratedMethodAccessor21
instanceKlass jdk/internal/reflect/GeneratedMethodAccessor20
instanceKlass jdk/internal/reflect/GeneratedMethodAccessor19
instanceKlass jdk/internal/reflect/GeneratedMethodAccessor18
instanceKlass jdk/internal/reflect/GeneratedMethodAccessor17
instanceKlass jdk/internal/reflect/GeneratedMethodAccessor16
instanceKlass jdk/internal/reflect/GeneratedMethodAccessor15
instanceKlass jdk/internal/reflect/GeneratedMethodAccessor14
instanceKlass jdk/internal/reflect/GeneratedMethodAccessor13
instanceKlass jdk/internal/reflect/GeneratedMethodAccessor12
instanceKlass jdk/internal/reflect/GeneratedMethodAccessor11
instanceKlass jdk/internal/reflect/GeneratedMethodAccessor10
instanceKlass jdk/internal/reflect/GeneratedMethodAccessor9
instanceKlass jdk/internal/reflect/GeneratedMethodAccessor8
instanceKlass jdk/internal/reflect/GeneratedMethodAccessor7
instanceKlass jdk/internal/reflect/GeneratedMethodAccessor6
instanceKlass jdk/internal/reflect/GeneratedMethodAccessor5
instanceKlass jdk/internal/reflect/GeneratedMethodAccessor4
instanceKlass jdk/internal/reflect/GeneratedMethodAccessor3
instanceKlass jdk/internal/reflect/GeneratedMethodAccessor2
instanceKlass jdk/internal/reflect/GeneratedMethodAccessor1
instanceKlass jdk/internal/reflect/DelegatingMethodAccessorImpl
instanceKlass jdk/internal/reflect/NativeMethodAccessorImpl
ciInstanceKlass jdk/internal/reflect/MethodAccessorImpl 1 1 25 10 7 12 1 1 1 100 1 100 1 1 1 1 1 1 1 1 1 100 1 100 1 1 1
ciInstanceKlass java/lang/Module 1 1 959 10 7 12 1 1 1 9 7 12 1 1 1 10 7 12 1 1 1 9 12 1 9 12 1 1 9 12 1 1 10 12 1 1 10 12 1 10 12 1 1 10 7 12 1 1 1 7 1 10 7 12 1 1 1 10 12 1 1 11 7 12 1 1 1 10 12 1 1 10 7 12 1 1 1 10 12 1 1 10 7 12 1 1 1 9 100 12 1 1 1 10 100 12 1 1 1 10 12 1 8 1 10 7 12 1 1 1 10 7 12 1 1 1 9 12 1 1 9 12 1 1 10 12 1 9 12 1 1 11 12 1 9 7 12 1 1 10 7 12 1 1 1 10 100 12 1 1 1 10 12 1 1 100 1 100 1 10 10 12 1 1 8 1 10 12 1 10 12 10 12 1 10 12 1 1 10 12 1 1 10 12 1 1 9 7 12 1 1 1 10 12 1 1 10 12 1 1 9 12 1 10 12 1 10 12 1 9 12 1 1 11 7 12 1 1 10 12 1 1 9 12 1 9 12 1 10 12 1 10 12 1 100 1 8 1 10 10 12 1 1 10 12 1 8 1 10 12 1 1 8 1 8 1 10 12 1 1 10 12 1 10 12 1 1 18 12 1 1 10 12 1 1 11 12 1 9 12 1 11 12 10 100 12 1 1 100 1 8 1 10 7 1 11 12 1 1 10 12 1 10 12 1 10 12 1 1 11 12 1 1 11 7 12 1 1 11 12 1 1 9 12 1 11 12 1 10 12 1 1 10 12 1 1 9 12 1 10 12 10 7 12 1 1 10 7 12 1 1 10 7 1 18 12 1 1 11 100 12 1 1 1 18 12 1 11 12 1 1 10 100 12 1 1 1 11 12 1 1 10 7 12 1 1 4 7 1 11 12 1 7 1 7 1 10 10 7 12 1 1 1 10 11 7 12 1 8 1 10 10 12 1 1 10 7 12 1 1 10 12 1 10 12 1 7 1 10 12 1 10 11 12 1 1 10 12 10 12 1 1 9 12 1 100 1 10 10 12 1 1 11 100 1 10 12 1 1 11 12 1 10 10 12 1 11 10 12 1 1 10 12 1 1 10 12 1 1 10 7 12 1 1 10 12 1 10 12 1 1 10 10 12 1 1 10 12 1 18 12 1 11 12 1 18 12 1 10 12 1 10 12 1 10 12 7 1 10 12 1 10 12 1 10 12 1 9 12 1 7 1 10 10 10 10 12 1 10 12 1 10 12 1 10 12 1 1 10 12 1 1 10 12 1 9 12 1 18 12 1 1 10 100 12 1 1 1 100 1 8 1 10 12 1 1 10 12 1 1 10 100 12 1 1 100 1 10 12 1 1 100 1 8 1 100 1 10 100 1 100 1 3 10 12 1 100 1 10 12 1 10 12 1 1 10 12 1 1 100 1 10 12 1 10 12 1 1 100 1 100 1 10 12 8 1 10 12 1 1 10 12 1 1 10 100 12 1 1 10 12 1 1 10 12 1 10 12 10 12 1 1 100 1 10 10 12 1 1 10 100 12 1 1 1 100 1 8 1 10 12 1 1 10 100 12 1 1 8 1 10 12 1 8 1 10 12 1 10 12 10 12 1 8 1 10 10 100 12 1 1 7 1 10 10 12 1 10 7 12 1 1 9 12 1 9 12 1 9 12 1 9 12 1 10 12 11 12 1 10 12 1 100 1 1 1 1 1 1 1 1 1 1 1 1 1 1 1 1 100 1 1 1 1 1 1 1 1 1 1 1 1 1 1 1 1 1 1 1 1 1 1 1 1 1 1 1 1 1 1 1 1 1 1 1 1 1 1 1 1 1 1 1 1 1 1 1 1 1 1 1 1 1 1 1 1 1 1 1 1 1 1 1 1 1 1 1 1 1 1 1 1 1 1 1 1 1 1 1 1 1 1 1 100 100 1 1 1 1 1 1 1 1 1 1 1 1 1 1 1 1 1 1 1 1 1 1 1 1 1 1 1 1 1 1 1 1 1 1 100 1 100 1 7 1 1 1 1 1 1 1 1 1 1 1 1 1 1 1 1 1 1 1 1 1 1 1 1 1 1 1 1 15 10 7 12 1 1 1 16 15 10 12 16 16 15 10 12 16 16 15 10 16 1 15 10 12 16 1 15 10 12 16 1 16 15 10 12 16 1 1 1 1 1 1 1 100 1 100 1 1
staticfield java/lang/Module ALL_UNNAMED_MODULE Ljava/lang/Module; java/lang/Module
staticfield java/lang/Module ALL_UNNAMED_MODULE_SET Ljava/util/Set; java/util/ImmutableCollections$Set12
staticfield java/lang/Module EVERYONE_MODULE Ljava/lang/Module; java/lang/Module
staticfield java/lang/Module EVERYONE_SET Ljava/util/Set; java/util/ImmutableCollections$Set12
staticfield java/lang/Module $assertionsDisabled Z 1
instanceKlass com/sun/istack/FinalArrayList
instanceKlass org/jgrapht/util/ArrayUnenforcedSet
instanceKlass org/apache/maven/artifact/versioning/ComparableVersion$ListItem
instanceKlass org/eclipse/sisu/bean/BeanScheduler$Pending
ciInstanceKlass java/util/ArrayList 1 1 492 10 7 12 1 1 1 7 1 9 7 12 1 1 1 9 12 1 100 1 100 1 10 8 1 10 12 1 1 10 12 1 10 12 1 1 10 12 1 9 12 1 11 7 12 1 1 1 9 12 1 1 10 12 1 1 7 10 7 12 1 1 1 9 12 1 10 12 1 10 12 1 1 10 7 12 1 1 1 10 7 12 1 1 1 10 12 1 1 10 12 1 1 10 12 1 1 10 12 1 10 12 1 1 100 1 100 1 10 12 1 10 7 12 1 1 1 10 7 12 1 1 10 12 1 10 12 10 12 1 1 10 12 1 1 10 12 1 1 7 1 10 12 1 1 10 12 1 1 10 12 1 100 1 10 11 12 1 1 11 100 12 1 1 1 11 12 1 10 12 1 10 12 1 10 12 1 1 100 1 10 12 1 1 10 10 12 1 1 10 12 1 8 1 8 1 8 1 8 1 10 12 1 1 10 12 1 1 11 12 1 100 1 10 100 12 1 1 10 12 1 10 12 1 1 10 100 12 1 1 10 12 1 10 100 12 1 1 1 11 100 12 1 1 1 10 12 1 100 1 8 1 10 7 1 10 12 1 7 1 10 12 1 10 12 1 1 7 1 10 12 1 10 12 1 1 11 7 12 1 1 7 1 10 12 1 10 12 1 1 11 7 12 1 1 10 12 1 1 10 12 1 1 10 12 1 1 10 12 1 1 11 100 12 1 1 10 12 1 1 100 1 100 1 100 1 1 1 1 5 0 1 3 1 1 1 1 1 1 1 1 1 1 1 1 1 1 1 1 1 1 1 1 1 1 1 1 1 1 1 1 1 1 1 1 1 1 1 1 1 1 1 1 1 1 1 1 1 1 1 1 1 1 1 1 1 1 1 1 1 1 1 1 1 1 1 1 1 1 1 1 1 1 1 1 1 1 1 1 1 1 1 1 1 1 1 1 1 1 1 1 1 1 1 1 1 1 1 1 100 1 1 1 1 100 1 1 1 1 1 1 1 1 1 1 1 1 1 1 1 1 1 1 1 1 1 1 1 1 1 1 1 1 1 100 1 1 1 1 1 1 1 1 1 1 1 1 1 1 1 1 1 1 100 1 100 1 1 1 1 1 1
staticfield java/util/ArrayList EMPTY_ELEMENTDATA [Ljava/lang/Object; 0 [Ljava/lang/Object;
staticfield java/util/ArrayList DEFAULTCAPACITY_EMPTY_ELEMENTDATA [Ljava/lang/Object; 0 [Ljava/lang/Object;
ciInstanceKlass java/util/concurrent/ConcurrentHashMap 1 1 1210 7 1 7 1 3 10 12 1 1 3 7 1 10 7 12 1 1 1 100 1 10 100 12 1 1 1 100 1 11 12 1 1 11 12 1 11 12 1 1 9 12 1 1 9 12 1 1 9 12 1 10 7 12 1 1 1 7 1 10 12 1 1 10 12 1 1 10 7 12 1 1 1 4 10 12 1 9 12 1 10 12 1 1 100 1 10 5 0 10 12 1 10 12 1 1 5 0 10 12 1 1 10 12 1 9 12 1 1 10 12 1 1 9 12 1 9 12 1 1 10 12 1 1 9 12 1 10 12 1 1 9 12 1 1 10 12 1 1 100 1 10 7 1 10 12 1 10 12 1 1 10 12 1 1 10 12 1 1 10 12 1 10 12 1 1 10 12 1 1 7 1 10 12 1 1 7 1 100 1 8 1 10 12 1 10 12 1 1 10 12 1 1 11 7 12 1 1 10 12 1 1 11 12 1 1 11 7 12 1 1 1 11 7 12 1 1 1 11 12 1 7 1 11 12 1 11 12 1 10 12 1 1 10 12 1 1 9 12 1 1 10 7 12 1 1 1 9 10 12 1 1 9 12 1 10 12 1 1 5 0 9 12 1 1 7 1 10 12 1 9 12 1 1 7 1 10 12 1 9 12 1 7 1 10 100 1 10 10 12 1 1 8 1 10 12 1 10 12 1 1 11 100 1 10 12 1 10 100 12 1 1 1 8 1 10 100 12 1 1 1 8 1 10 12 1 8 1 10 12 1 10 12 1 1 10 100 12 1 1 10 12 1 10 12 1 10 12 1 9 12 1 9 10 12 1 9 12 1 1 11 7 12 1 1 1 11 7 12 1 1 1 100 1 10 12 11 100 12 1 1 10 11 7 12 1 10 12 1 100 1 10 12 1 100 1 10 10 9 7 12 1 1 1 10 12 3 10 7 12 1 1 9 12 1 10 12 1 1 9 12 1 1 9 12 1 10 12 1 1 10 7 12 1 1 9 12 1 9 7 12 1 1 10 12 1 1 10 12 1 3 9 12 1 9 12 1 10 12 1 1 7 1 9 3 9 12 1 100 1 10 12 1 9 12 1 10 12 1 9 12 1 10 12 1 9 12 1 10 100 12 1 1 1 100 10 12 1 100 1 5 0 10 100 12 1 1 100 1 10 12 1 1 10 12 1 10 12 1 100 1 10 12 1 10 100 1 100 1 10 10 12 1 10 100 1 10 12 1 10 100 1 10 12 1 10 100 1 10 12 1 1 100 1 10 12 1 10 10 12 1 100 1 10 12 1 10 10 12 1 100 1 10 12 1 10 100 1 10 12 1 10 100 1 10 12 1 10 100 1 10 12 1 10 100 1 10 12 1 10 100 1 10 12 1 10 100 1 10 12 1 10 100 1 10 12 1 10 100 1 10 10 100 1 10 10 100 1 10 10 100 1 10 12 1 10 100 1 10 12 1 10 100 1 10 12 1 10 100 1 10 12 1 10 100 1 10 12 1 10 100 1 10 10 100 1 10 10 100 1 10 10 100 1 10 12 1 10 100 1 10 12 1 10 100 1 10 12 1 10 100 1 10 12 1 10 100 1 10 12 1 10 10 12 1 10 7 12 1 1 1 10 12 1 7 1 7 1 10 12 1 9 12 1 1 9 12 1 1 10 12 1 1 8 10 12 1 1 8 8 8 8 7 10 12 1 1 10 12 1 100 1 8 1 10 7 1 100 1 100 1 1 1 5 0 1 1 3 1 3 1 1 1 1 3 1 3 1 3 1 1 1 1 1 3 1 3 1 3 1 1 1 1 1 1 1 1 1 1 1 1 1 1 1 1 1 1 1 1 1 1 1 1 1 100 1 1 1 1 1 1 1 1 1 1 1 1 1 1 1 1 1 1 1 1 1 1 1 1 1 1 1 1 1 1 1 1 1 1 1 1 1 1 1 1 1 1 1 1 1 1 1 1 1 1 1 1 1 1 1 1 1 1 1 1 1 1 1 1 1 1 1 1 1 1 1 1 1 1 1 1 1 1 1 1 1 1 1 1 100 1 1 1 1 1 1 1 1 1 1 1 100 1 1 1 1 1 1 1 1 1 1 1 1 1 1 1 1 1 1 1 1 1 1 1 1 1 1 1 1 1 1 1 1 1 1 1 1 1 1 1 1 1 1 1 1 1 1 1 1 1 1 1 1 1 1 1 1 1 1 1 1 1 1 1 1 1 1 1 1 1 1 1 1 1 1 1 1 1 1 1 1 1 1 1 1 1 1 1 1 1 1 1 1 1 1 1 1 1 1 1 1 1 1 1 1 1 1 1 1 1 1 1 1 1 1 1 1 1 1 1 1 1 1 1 1 1 1 1 1 1 1 1 1 1 1 1 1 1 1 1 1 1 1 1 1 1 1 1 1 1 1 1 1 1 1 1 1 1 1 1 1 1 1 1 1 1 1 1 1 1 1 1 1 1 1 1 1 1 1 1 1 1 1 1 1 1 1 1 1 1 1 1 1 1 1 1 1 1 1 1 1 1 1 1 1 1 1 1 1 1 1 1 1 1 1 1 1 1 1 1 1 1 1 1 100 1 100 1 100 1 100 1 100 1 100 1 100 1 100 1 100 1 1 1 1 1 1 1 1 1 1 1 1 1 1 1 1 1 1 1 1 1 1 1 1 1 1 1 1 1 1 1 1 1 1 1 1 1 1 1 1 1 1 1 1 1 1 1 1 1 1 1 1 1 1 1 1 1 1
staticfield java/util/concurrent/ConcurrentHashMap NCPU I 8
staticfield java/util/concurrent/ConcurrentHashMap serialPersistentFields [Ljava/io/ObjectStreamField; 3 [Ljava/io/ObjectStreamField;
staticfield java/util/concurrent/ConcurrentHashMap U Ljdk/internal/misc/Unsafe; jdk/internal/misc/Unsafe
staticfield java/util/concurrent/ConcurrentHashMap SIZECTL J 20
staticfield java/util/concurrent/ConcurrentHashMap TRANSFERINDEX J 32
staticfield java/util/concurrent/ConcurrentHashMap BASECOUNT J 24
staticfield java/util/concurrent/ConcurrentHashMap CELLSBUSY J 36
staticfield java/util/concurrent/ConcurrentHashMap CELLVALUE J 144
staticfield java/util/concurrent/ConcurrentHashMap ABASE I 16
staticfield java/util/concurrent/ConcurrentHashMap ASHIFT I 2
ciInstanceKlass java/lang/String 1 1 1396 10 7 12 1 1 1 8 1 9 7 12 1 1 1 9 12 1 1 9 12 1 1 10 12 1 10 12 1 1 10 12 1 1 9 12 1 1 10 7 12 1 1 1 10 7 1 10 7 12 1 1 1 10 12 1 1 10 12 1 1 10 12 1 10 12 1 1 10 12 1 10 7 12 1 1 1 9 7 12 1 1 1 10 7 12 1 1 1 10 12 1 1 10 12 1 1 10 12 1 1 10 12 1 1 10 12 1 1 9 7 12 1 1 10 12 9 7 12 1 1 3 10 7 12 1 1 1 7 1 11 12 1 1 11 12 1 11 12 1 1 10 100 12 1 1 1 10 12 1 1 9 100 12 1 1 1 10 12 1 1 10 12 1 11 12 1 1 10 12 1 1 10 12 10 12 1 1 10 100 12 1 1 1 10 7 12 1 1 1 10 12 1 1 100 1 100 1 10 12 1 10 12 1 10 12 1 1 100 1 10 12 1 1 100 1 10 12 1 1 10 12 1 1 10 10 12 1 100 1 100 1 7 1 10 12 1 10 12 1 1 10 12 1 1 10 12 1 10 12 1 1 10 12 1 1 10 7 12 1 1 7 1 11 11 12 1 11 12 1 10 12 1 1 10 12 1 10 12 10 12 1 1 10 10 100 12 1 1 1 10 100 12 1 1 10 12 1 1 10 100 12 1 1 10 12 1 10 12 1 1 10 12 1 1 10 12 1 10 12 1 10 12 1 1 100 1 10 12 1 1 10 12 10 12 1 10 12 1 1 10 100 12 1 1 1 10 12 1 10 12 1 1 10 12 1 10 12 1 3 3 10 12 1 10 12 1 1 10 12 1 1 10 12 1 1 10 12 1 10 12 1 1 10 12 1 1 10 12 1 10 12 1 10 12 1 10 12 1 1 10 12 1 10 12 1 10 12 1 10 12 1 10 12 1 10 12 1 10 100 1 10 8 1 10 12 1 1 10 12 1 8 1 10 12 1 1 10 12 10 12 1 8 1 10 10 12 1 1 10 12 1 1 10 12 1 10 12 1 1 10 12 10 7 1 10 10 12 1 10 12 1 10 12 1 10 10 12 1 10 12 1 1 10 12 1 100 1 10 10 12 1 100 1 10 10 12 1 10 12 1 1 10 12 1 10 12 1 1 10 10 12 1 1 10 100 1 10 10 12 1 10 12 1 1 10 12 1 1 10 100 1 10 12 1 10 12 1 10 12 1 10 12 1 1 10 12 1 11 7 1 11 12 10 12 1 10 12 1 1 10 12 1 1 10 10 12 1 10 12 1 9 12 1 1 11 7 12 1 1 1 10 10 12 1 10 12 1 1 10 10 12 1 10 12 1 10 12 1 1 9 12 1 10 12 1 1 10 10 12 1 1 10 12 10 10 12 1 10 12 10 10 12 10 10 12 1 10 12 1 10 12 10 10 12 10 12 1 10 12 10 12 10 10 12 1 10 12 1 1 10 12 1 10 10 12 1 10 7 12 1 1 1 10 12 1 1 10 10 7 12 1 1 1 11 10 12 1 10 12 1 1 10 12 1 1 10 7 12 1 1 1 10 12 1 10 10 12 1 10 12 1 10 12 1 10 100 12 1 1 10 12 1 100 1 100 1 8 1 10 10 10 12 1 8 1 10 12 1 3 3 7 1 10 10 12 1 10 12 1 10 12 1 1 10 12 1 1 11 7 12 1 1 1 7 1 10 12 1 1 10 12 1 10 12 1 1 10 12 1 1 8 1 10 12 1 1 10 12 1 11 7 12 1 1 1 11 7 12 1 1 11 12 1 1 10 12 1 10 12 1 1 10 10 7 12 1 1 1 10 12 1 10 12 1 10 10 12 10 12 1 1 10 10 12 1 10 10 12 1 10 10 12 1 10 10 12 1 10 12 1 1 10 10 12 1 8 1 10 12 1 1 18 12 1 1 11 100 12 1 1 1 7 1 3 18 12 1 18 12 1 8 1 10 100 12 1 1 1 11 12 1 1 10 12 10 10 12 1 10 11 12 1 1 10 12 1 1 11 12 1 18 3 11 10 12 1 11 11 10 12 1 10 12 1 1 8 1 10 12 1 10 12 1 10 12 1 1 10 10 12 1 11 100 12 1 7 1 100 1 10 12 1 7 1 10 10 7 12 1 1 1 100 1 10 7 1 10 10 12 1 10 10 12 1 8 1 10 10 12 1 8 1 8 1 10 12 1 10 12 1 10 10 12 10 100 12 1 1 10 7 12 1 1 10 100 12 1 1 8 1 10 12 1 10 12 1 1 10 10 12 8 1 8 1 10 8 1 8 1 8 1 8 1 10 12 1 10 12 1 8 1 10 100 12 1 1 1 10 12 10 12 1 1 10 12 10 10 12 10 12 7 1 9 12 1 1 7 1 10 100 1 100 1 100 1 100 1 1 1 1 1 1 5 0 1 1 1 1 1 3 1 3 1 1 1 1 1 1 1 1 1 1 1 1 1 1 1 100 1 1 1 100 1 1 1 1 1 1 1 1 1 1 1 1 1 1 1 1 1 1 1 1 1 1 1 1 1 1 1 100 1 1 1 1 1 1 1 1 1 100 1 1 1 1 1 1 1 1 1 1 1 1 1 1 1 1 1 1 1 1 1 1 1 1 1 1 1 1 1 1 1 1 1 1 1 1 1 1 1 1 1 1 1 1 1 1 1 1 1 1 1 1 1 1 1 1 1 1 1 1 1 1 1 1 1 1 1 1 1 1 1 1 1 1 1 1 1 1 1 1 1 1 1 1 1 1 1 1 1 1 1 1 1 1 1 1 1 1 1 1 1 1 1 1 1 1 1 1 1 1 1 1 1 1 1 1 1 1 1 1 1 1 1 1 1 1 1 1 1 1 1 1 1 1 1 1 1 1 1 1 1 1 1 1 1 1 1 1 1 1 1 1 1 1 1 1 1 1 1 1 1 1 1 1 1 1 1 1 1 100 1 1 1 1 1 1 1 1 1 1 1 1 1 1 1 1 1 1 1 1 1 1 1 1 100 1 1 1 1 1 1 1 1 1 1 1 1 1 7 1 1 1 1 1 1 1 1 1 1 1 1 1 1 1 15 10 100 12 1 1 1 16 15 10 12 16 15 10 12 15 10 12 15 10 12 1 1 1 1 100 1 100 1 1 1
staticfield java/lang/String COMPACT_STRINGS Z 1
staticfield java/lang/String serialPersistentFields [Ljava/io/ObjectStreamField; 0 [Ljava/io/ObjectStreamField;
staticfield java/lang/String CASE_INSENSITIVE_ORDER Ljava/util/Comparator; java/lang/String$CaseInsensitiveComparator
ciInstanceKlass java/security/ProtectionDomain 1 1 324 10 7 12 1 1 1 9 7 12 1 1 1 7 1 10 9 12 1 1 9 12 1 1 9 12 1 1 10 7 12 1 1 7 1 9 12 1 9 12 1 1 7 1 9 12 1 1 9 12 1 10 100 12 1 1 10 100 12 1 1 1 10 12 1 1 10 12 1 9 12 1 9 100 12 1 1 10 12 1 1 10 100 1 10 12 1 1 8 1 100 1 8 1 10 12 1 10 10 100 12 1 1 1 10 12 1 1 8 1 11 8 1 10 12 1 8 1 8 1 10 12 1 1 10 12 1 10 12 1 1 10 12 1 8 1 10 12 1 8 1 8 1 10 100 12 1 1 1 9 100 12 1 1 1 10 12 1 1 9 100 12 1 1 1 10 100 12 1 1 1 100 1 100 1 10 12 1 10 100 12 1 1 1 10 100 1 10 12 1 10 12 1 1 11 100 12 1 1 11 12 1 100 1 11 100 12 1 1 1 10 12 1 10 11 12 1 1 11 12 1 1 10 12 1 10 7 12 1 1 10 100 12 1 1 11 12 1 10 12 8 1 8 1 10 7 12 1 1 1 7 1 10 10 7 12 1 1 1 1 1 1 1 1 1 1 100 1 1 100 1 1 1 1 1 1 1 1 1 1 1 1 1 1 1 1 1 1 1 1 1 1 1 1 1 1 1 1 1 1 1 1 1 1 1 1 1 1 1 1 1 1 100 1 1 1 1 1 100 1 1 1 1 1
staticfield java/security/ProtectionDomain filePermCompatInPD Z 0
ciInstanceKlass java/security/CodeSource 1 1 395 10 7 12 1 1 1 9 7 12 1 1 1 9 12 1 1 9 12 1 1 9 12 1 1 10 7 12 1 1 1 9 12 1 1 10 100 12 1 1 10 100 10 100 12 1 1 1 10 100 12 1 1 1 10 12 1 1 100 1 10 10 100 12 1 1 1 10 100 12 1 1 1 10 12 1 1 10 12 1 100 1 10 12 1 1 10 12 1 1 10 12 1 1 10 12 1 10 10 10 12 1 1 10 100 12 1 1 1 10 12 1 10 12 1 10 12 1 8 1 10 12 1 10 12 1 10 12 1 1 10 12 1 8 1 10 12 1 1 10 100 1 10 10 12 1 1 8 1 10 12 1 10 12 1 10 12 1 8 1 8 1 9 12 1 1 100 1 8 1 10 12 1 10 12 1 1 8 1 10 12 1 8 1 8 1 8 1 10 100 12 1 1 10 12 1 1 10 12 1 10 12 1 1 10 12 1 1 10 12 1 1 100 1 100 1 10 12 1 10 12 10 12 1 1 10 100 12 1 1 10 12 1 100 1 10 12 10 8 1 10 12 1 10 12 1 10 12 1 1 100 1 10 12 1 1 100 1 100 1 8 1 8 1 10 10 12 1 1 10 100 12 1 1 1 100 1 10 12 10 12 1 1 11 100 12 1 1 10 10 12 1 11 10 12 1 8 1 100 1 10 12 1 10 12 1 1 10 12 1 11 12 1 1 11 100 1 1 1 1 5 0 1 1 1 1 1 1 1 1 1 1 1 1 1 1 1 1 1 1 1 1 1 1 1 1 1 1 1 1 1 1 1 1 1 1 1 1 1 1 1 1 1 1 1 1 1 1 1 1 1 1 1 1 1 1 1 1 1 1 1 1 1 1 1 1 1 100 1 1 1 1 1 1 1
ciInstanceKlass java/lang/StringBuilder 1 1 409 10 7 12 1 1 1 10 12 1 10 12 1 10 12 1 1 10 7 12 1 1 1 10 7 12 1 1 1 10 12 1 10 12 1 10 12 1 10 12 1 10 12 1 10 12 1 10 12 1 10 12 1 10 12 1 10 12 1 10 12 1 10 12 1 10 12 1 10 12 1 1 10 12 1 10 12 1 1 10 12 1 1 10 12 1 10 12 1 10 12 1 10 12 1 10 12 1 10 12 1 10 12 1 10 12 10 12 1 10 12 1 10 12 1 10 12 1 1 10 12 1 10 12 1 10 12 10 12 1 1 10 12 1 1 9 12 1 1 9 12 1 1 10 7 12 1 1 1 10 100 1 10 100 12 1 1 1 10 12 1 10 12 1 1 10 12 1 1 10 10 12 1 1 10 100 12 1 1 10 12 1 10 12 1 1 100 1 100 1 8 1 10 10 12 1 1 10 12 1 1 10 12 1 10 12 1 10 12 1 10 12 1 10 12 1 10 12 1 10 12 1 10 12 1 10 12 1 10 12 1 10 12 1 10 12 1 10 12 1 10 12 1 10 12 1 1 10 12 1 1 10 12 1 10 12 1 10 12 1 10 12 10 12 10 12 1 10 12 1 10 12 1 10 12 10 12 1 10 12 1 10 12 1 10 12 1 10 12 1 10 12 1 10 12 1 10 12 1 10 12 1 1 10 12 1 10 12 1 1 10 12 1 10 12 1 1 10 12 1 10 12 1 1 10 12 1 10 12 1 10 12 1 10 10 12 1 10 12 1 100 1 100 1 100 1 1 1 1 5 0 1 1 1 1 1 1 1 1 1 1 1 1 1 1 1 1 1 1 1 1 1 1 1 1 1 1 1 1 1 1 1 1 1 1 1 1 1 1 1 1 1 1 1 100 1 1 1 100 1 1 1 1 1 1 1 1 1 1
ciInstanceKlass jdk/internal/loader/ClassLoaders 1 1 183 10 100 12 1 1 1 10 7 12 1 1 1 10 12 1 1 10 100 12 1 1 1 9 7 12 1 1 1 9 12 1 1 9 12 1 1 7 1 11 100 12 1 1 1 100 1 11 12 1 1 11 12 1 1 10 100 12 1 1 1 10 100 12 1 1 1 100 1 100 1 10 7 12 1 1 1 9 12 1 1 10 12 1 1 7 1 10 12 1 1 10 12 1 7 1 8 1 10 7 12 1 1 1 10 12 1 1 7 1 10 12 1 10 12 1 10 12 1 8 1 10 7 12 1 1 8 1 8 1 10 12 1 7 1 10 12 1 10 12 1 10 12 1 1 1 1 1 1 1 1 1 1 1 1 1 1 1 1 1 1 1 1 100 1 1 1 1 1 1 1 1 1 1 1 1 1 1 1 1 1 1 1
staticfield jdk/internal/loader/ClassLoaders JLA Ljdk/internal/access/JavaLangAccess; java/lang/System$2
staticfield jdk/internal/loader/ClassLoaders BOOT_LOADER Ljdk/internal/loader/ClassLoaders$BootClassLoader; jdk/internal/loader/ClassLoaders$BootClassLoader
staticfield jdk/internal/loader/ClassLoaders PLATFORM_LOADER Ljdk/internal/loader/ClassLoaders$PlatformClassLoader; jdk/internal/loader/ClassLoaders$PlatformClassLoader
staticfield jdk/internal/loader/ClassLoaders APP_LOADER Ljdk/internal/loader/ClassLoaders$AppClassLoader; jdk/internal/loader/ClassLoaders$AppClassLoader
ciInstanceKlass jdk/internal/misc/Unsafe 1 1 1285 10 7 12 1 1 1 9 7 12 1 1 1 9 12 1 1 10 12 1 1 10 7 12 1 1 1 10 12 1 1 10 12 1 1 10 12 1 1 10 12 1 1 10 12 1 1 10 12 1 1 10 12 1 1 10 12 1 1 10 12 1 1 10 12 1 1 10 12 1 1 10 12 1 1 10 12 1 1 10 12 1 10 12 1 100 1 10 10 12 1 1 10 12 1 1 5 0 10 12 1 1 10 12 1 1 10 7 12 1 1 1 10 12 1 1 10 12 1 10 12 1 10 12 1 1 10 12 1 1 10 12 1 10 12 1 100 1 100 1 10 8 1 10 12 1 1 10 12 1 8 1 10 12 1 1 10 12 1 10 12 1 10 12 1 1 10 12 1 10 12 1 1 10 12 1 1 10 12 1 10 12 1 10 12 1 10 12 1 1 10 12 1 10 12 1 10 12 1 1 10 12 1 5 0 5 0 5 0 10 12 1 10 12 1 10 12 1 10 12 1 10 12 1 10 12 1 10 12 1 10 12 1 10 12 1 1 10 12 1 10 12 1 100 1 8 1 10 100 1 10 10 12 1 1 10 12 1 1 10 12 1 10 12 1 1 10 12 1 1 10 12 1 10 12 1 1 10 12 1 9 7 12 1 1 9 12 1 100 1 10 10 12 1 1 8 1 10 8 1 8 1 10 12 1 1 9 7 12 1 1 1 9 100 1 9 7 1 9 100 1 9 9 100 1 9 100 1 9 100 1 10 12 1 1 10 12 1 1 10 12 1 1 10 12 1 1 5 0 5 0 9 12 1 1 10 12 1 10 12 1 10 12 1 1 10 12 1 1 10 12 1 8 1 3 10 12 1 1 10 12 1 1 10 12 1 10 12 1 1 10 12 1 1 10 12 1 10 12 1 10 12 1 10 12 1 10 12 1 10 12 1 1 10 12 1 1 10 12 1 10 12 1 10 12 1 10 12 1 10 12 1 10 12 1 1 10 12 1 1 10 12 1 10 12 1 10 12 1 10 12 1 10 12 1 10 12 1 1 10 12 1 1 10 12 1 1 10 12 1 1 10 12 1 10 12 1 10 12 1 10 12 1 10 12 1 10 12 1 10 12 1 1 10 12 1 1 10 12 1 10 12 1 10 12 1 10 12 1 10 12 1 10 12 1 10 12 1 1 10 12 1 1 10 12 1 10 12 1 10 12 1 10 12 1 10 12 1 10 12 1 10 12 1 10 12 1 1 10 12 1 10 12 1 10 12 1 10 12 1 10 12 1 1 10 12 1 10 12 1 10 12 1 10 12 1 10 12 1 10 12 1 10 12 1 10 12 1 1 10 12 1 10 12 1 10 12 1 10 12 1 10 12 1 10 12 1 1 10 12 1 10 12 1 10 12 1 1 10 12 1 10 12 1 10 12 1 10 12 1 10 12 1 10 12 1 10 12 1 10 12 1 10 12 1 10 12 1 10 12 1 10 12 1 10 12 1 10 12 1 10 12 1 10 12 1 10 12 1 10 12 1 10 12 1 10 12 1 10 12 1 10 12 1 100 1 10 100 1 10 9 12 1 5 0 10 12 1 1 5 0 10 12 1 5 0 10 12 1 10 12 1 10 12 1 1 10 12 1 1 10 12 1 10 12 1 10 12 1 10 12 1 1 10 12 1 10 12 1 10 12 1 10 12 1 10 12 1 1 10 12 1 10 12 1 10 12 1 10 12 1 1 10 12 1 10 12 1 10 12 1 1 10 12 1 10 12 1 10 12 1 10 12 1 1 10 12 1 10 10 12 1 1 10 12 1 10 12 1 1 10 12 1 10 12 5 0 5 0 5 0 10 12 1 1 10 12 1 10 12 1 10 12 10 100 12 1 1 8 1 100 1 11 12 1 1 8 1 11 12 1 1 10 100 12 1 1 10 12 1 10 12 1 10 12 1 10 12 1 10 12 1 1 10 12 1 10 12 1 10 12 1 10 12 1 10 12 1 10 12 1 10 7 1 10 12 1 9 12 1 7 1 9 12 1 7 1 9 12 1 7 1 9 12 1 7 1 9 12 1 7 1 9 12 1 7 1 9 12 1 7 1 9 12 1 7 1 9 12 1 10 12 1 9 12 1 9 12 1 9 12 1 9 12 1 9 12 1 9 12 1 9 12 1 9 12 1 9 12 1 9 12 1 1 1 3 1 1 1 1 1 1 1 1 1 1 1 1 1 1 1 1 1 1 1 1 1 1 1 1 1 1 1 1 1 1 1 1 1 1 1 1 1 1 1 1 1 1 1 1 1 1 1 1 1 1 1 1 1 1 1 1 1 1 1 1 1 1 1 1 1 1 1 1 1 1 1 1 1 1 1 1 1 1 1 1 1 1 1 1 1 1 1 1 1 7 1 1 1 1 1 1 1 1 1 1 1 1 1 1 1 1 1 1 1 1 1 1 1 1 1 1 1 1 1 1 1 1 1 1 1 1 1 1 1 1 1 1 1 1 1 1 1 1 1 1 1 1 1 1 1 1 1 1 1 1 1 1 1 1 1 1 1 1 1 1 1 1 1 1 1 1 1 1 1 1 1 1 1 1 1 1 1 1 1 1 1 1 1 1 1 1 1 1 1 1 1 1 1 1 1 1 1 1 1 1 1 1 1 1 1 1 1 1 1 1 1 1 1 1 1 1 1 1 1 1 1 1 1 1 1 1 1 1 1 1 1 1 1 1 1 1 1 1 1 1 1 1 1 1 1 1 1 1 1 1 1 1 1 1 1 1 1 1 1 1 1 1 1 1 1 1 1 1 1 1 1 1 1 1 1 1 1 1 1 1 1 1 1 1 1 1 1 1 1 1 1 1 1 1 1 1 1 3 1 1 1 1 1 1 1 1 1 1 1 1 1 1 1 1 1 1 1 1 1
staticfield jdk/internal/misc/Unsafe theUnsafe Ljdk/internal/misc/Unsafe; jdk/internal/misc/Unsafe
staticfield jdk/internal/misc/Unsafe ARRAY_BOOLEAN_BASE_OFFSET I 16
staticfield jdk/internal/misc/Unsafe ARRAY_BYTE_BASE_OFFSET I 16
staticfield jdk/internal/misc/Unsafe ARRAY_SHORT_BASE_OFFSET I 16
staticfield jdk/internal/misc/Unsafe ARRAY_CHAR_BASE_OFFSET I 16
staticfield jdk/internal/misc/Unsafe ARRAY_INT_BASE_OFFSET I 16
staticfield jdk/internal/misc/Unsafe ARRAY_LONG_BASE_OFFSET I 16
staticfield jdk/internal/misc/Unsafe ARRAY_FLOAT_BASE_OFFSET I 16
staticfield jdk/internal/misc/Unsafe ARRAY_DOUBLE_BASE_OFFSET I 16
staticfield jdk/internal/misc/Unsafe ARRAY_OBJECT_BASE_OFFSET I 16
staticfield jdk/internal/misc/Unsafe ARRAY_BOOLEAN_INDEX_SCALE I 1
staticfield jdk/internal/misc/Unsafe ARRAY_BYTE_INDEX_SCALE I 1
staticfield jdk/internal/misc/Unsafe ARRAY_SHORT_INDEX_SCALE I 2
staticfield jdk/internal/misc/Unsafe ARRAY_CHAR_INDEX_SCALE I 2
staticfield jdk/internal/misc/Unsafe ARRAY_INT_INDEX_SCALE I 4
staticfield jdk/internal/misc/Unsafe ARRAY_LONG_INDEX_SCALE I 8
staticfield jdk/internal/misc/Unsafe ARRAY_FLOAT_INDEX_SCALE I 4
staticfield jdk/internal/misc/Unsafe ARRAY_DOUBLE_INDEX_SCALE I 8
staticfield jdk/internal/misc/Unsafe ARRAY_OBJECT_INDEX_SCALE I 4
staticfield jdk/internal/misc/Unsafe ADDRESS_SIZE I 8
ciInstanceKlass java/lang/ThreadGroup 1 1 293 10 7 12 1 1 1 9 7 12 1 1 1 8 1 9 12 1 1 7 1 9 12 1 9 12 1 1 10 12 1 1 10 12 1 1 10 12 1 10 12 1 1 10 12 1 9 12 1 1 10 12 1 1 10 12 1 9 12 1 10 100 12 1 1 1 9 12 1 9 12 1 1 10 7 12 1 1 1 100 10 12 1 1 10 7 12 1 1 1 10 100 12 1 9 12 1 10 12 1 1 10 12 1 1 9 12 1 1 10 12 1 1 10 12 1 10 12 1 10 12 1 1 10 12 1 1 10 12 1 10 12 1 10 10 12 1 10 12 1 10 100 1 10 10 12 1 10 12 1 10 12 1 7 10 12 1 9 12 1 1 10 12 1 1 8 1 10 100 12 1 1 1 10 12 1 1 10 12 1 1 10 12 1 1 11 100 1 100 1 9 12 1 100 1 10 8 1 10 12 1 1 10 12 1 1 8 1 10 12 1 10 100 12 1 1 1 10 12 1 1 10 100 1 8 1 10 8 1 10 12 1 8 1 1 1 1 1 1 1 1 1 1 1 1 1 1 1 1 1 3 1 1 1 1 1 1 1 1 1 1 1 1 1 1 1 1 1 1 1 1 1 1 1 1 1 1 1 1 1 1 1 1 1 1 1 1 1 1 1 1 1 1
instanceKlass org/mule/runtime/core/internal/util/OrderedProperties
instanceKlass java/security/Provider
ciInstanceKlass java/util/Properties 1 1 651 10 7 12 1 1 1 100 1 10 7 12 1 1 7 1 10 12 1 9 12 1 1 9 12 1 1 9 12 1 1 10 7 12 1 1 1 10 12 1 1 8 1 10 7 12 1 1 1 7 1 10 12 1 10 12 1 1 8 1 10 12 1 7 1 10 12 10 12 1 1 9 12 1 1 10 12 1 1 7 1 10 12 1 10 12 1 10 12 1 1 100 1 8 1 10 12 1 10 12 1 10 12 1 1 10 12 1 100 1 3 10 10 100 12 1 1 1 10 12 1 10 12 1 1 8 1 10 12 1 10 12 1 1 8 1 10 100 12 1 1 10 12 1 1 10 12 1 10 12 1 1 100 1 10 12 1 10 12 1 1 100 1 9 100 12 1 1 1 10 12 1 10 12 1 1 100 1 10 10 10 12 1 1 11 7 12 1 1 1 11 7 12 1 1 1 11 12 1 1 7 1 11 12 1 11 12 1 10 12 1 1 8 1 10 12 1 10 12 1 100 1 10 10 12 1 1 10 100 12 1 1 9 100 12 1 1 10 12 1 1 10 100 12 1 1 1 100 1 100 1 100 1 10 8 1 8 1 10 12 1 10 12 1 10 12 1 1 10 10 12 1 1 10 12 1 1 7 1 10 10 12 1 11 7 12 1 1 10 7 12 1 1 1 8 1 10 100 12 1 1 11 8 1 10 100 1 11 10 12 1 10 12 1 10 12 1 10 12 1 1 10 12 1 1 10 12 1 1 10 12 1 10 12 1 10 10 12 1 10 12 1 10 12 1 10 10 12 1 1 10 12 1 1 7 1 10 10 12 1 10 12 1 10 12 1 10 12 1 10 12 1 1 10 12 1 1 10 12 1 10 12 1 10 12 1 1 10 12 10 12 1 1 10 12 1 1 10 12 1 10 12 1 1 10 12 1 1 10 12 100 1 10 11 100 12 1 1 4 11 10 12 1 1 10 100 12 1 1 11 12 1 10 12 1 1 10 100 12 1 1 10 12 1 100 1 8 1 10 12 1 10 10 100 12 1 1 1 100 1 6 0 10 12 1 1 11 100 12 1 1 1 10 12 1 10 12 1 1 1 1 1 5 0 1 1 1 1 1 1 1 1 1 1 1 1 1 1 1 1 1 1 1 1 1 1 1 1 1 1 1 1 1 1 1 1 1 1 1 1 1 1 1 1 100 1 1 1 1 1 1 1 1 1 1 1 1 1 1 1 1 1 1 1 1 100 1 1 1 1 1 1 1 100 1 100 1 1 1 1 100 1 1 1 1 1 1 1 1 1 1 1 1 1 1 1 1 1 1 1 1 1 1 1 1 1 1 1 1 1 1 1 1 1 1 1 1 1 1 1 1 1 1 1 1 1 1 1 1 1 1 1 1 1 1 1 1 1 1 1 1 1 1 1 1 1 1 1 1 1 1 1 1 1 1 1 1 100 1 1 1 1 1 1 1 1 1 100 1 1 1
staticfield java/util/Properties UNSAFE Ljdk/internal/misc/Unsafe; jdk/internal/misc/Unsafe
instanceKlass java/util/Hashtable
ciInstanceKlass java/util/Dictionary 1 1 36 10 7 12 1 1 1 100 1 1 1 1 1 1 1 1 1 1 1 1 1 1 1 1 1 1 1 1 1 1 1 1 1 1 1 1
instanceKlass java/util/Properties
ciInstanceKlass java/util/Hashtable 1 1 512 100 1 10 7 12 1 1 1 9 7 12 1 1 1 100 1 100 1 10 8 1 10 12 1 1 10 12 1 10 12 1 1 10 12 1 10 7 12 1 1 1 8 1 10 12 1 9 12 1 1 7 1 9 12 1 1 4 10 7 12 1 1 1 9 12 1 4 10 12 1 11 7 12 1 1 1 10 12 1 1 10 12 1 1 9 12 1 10 12 1 1 100 1 10 9 12 1 1 10 7 12 1 1 1 9 12 1 1 10 12 1 10 12 1 3 9 12 1 9 12 1 3 10 12 1 10 12 1 10 12 1 1 11 12 1 1 11 7 12 1 1 1 11 7 12 1 1 1 11 12 1 7 1 11 12 1 11 12 1 10 12 1 1 10 12 1 1 10 12 1 9 12 1 1 9 12 9 12 1 1 10 100 1 100 1 10 12 1 10 8 1 10 10 12 1 8 1 10 8 1 10 7 12 1 1 1 7 1 10 12 1 10 12 1 100 1 10 12 1 10 12 1 1 7 1 10 100 1 10 10 12 1 1 11 12 1 1 11 12 1 100 1 10 10 10 100 12 1 1 11 100 12 1 1 1 100 1 10 11 100 12 1 1 11 100 12 1 10 12 1 10 12 1 1 10 100 12 1 1 10 12 1 1 10 12 1 1 10 12 1 1 10 100 12 1 1 1 8 10 100 12 1 1 100 1 8 1 10 4 10 12 4 10 12 1 8 1 10 12 10 100 12 1 1 1 100 1 11 100 12 1 1 1 10 100 12 1 1 1 10 12 1 10 12 1 1 10 100 1 100 1 1 1 1 1 1 5 0 1 1 1 1 1 3 1 3 1 3 1 1 1 1 1 1 1 1 1 1 1 1 1 1 1 1 1 1 1 1 1 1 1 1 1 100 1 1 1 1 1 1 1 1 1 1 1 1 1 1 1 1 1 1 1 1 1 1 1 1 1 1 1 1 1 100 1 1 1 1 1 1 1 1 1 1 1 1 1 1 1 1 1 1 1 1 1 1 1 1 1 1 1 1 1 1 1 1 1 1 1 1 1 1 1 1 1 1 1 1 1 1 1 1 1 1 1 1 1 1 1 1 1 1 100 1 1 1 100 1 1 1 1 1 100 1 1 1 1 1 1 1 1 1 1 1 1 1 1 1 1 1 1
instanceKlass org/mule/apache/xerces/impl/XMLEntityManager$RewindableInputStream
instanceKlass java/io/ObjectInputStream
instanceKlass com/sun/org/apache/xerces/internal/impl/XMLEntityManager$RewindableInputStream
instanceKlass java/io/SequenceInputStream
instanceKlass org/apache/commons/io/input/ClosedInputStream
instanceKlass io/airlift/compress/snappy/SnappyFramedInputStream
instanceKlass org/codehaus/plexus/components/io/resources/ClosingInputStream
instanceKlass org/apache/commons/compress/compressors/CompressorInputStream
instanceKlass sun/nio/ch/ChannelInputStream
instanceKlass java/util/zip/ZipFile$ZipFileInputStream
instanceKlass java/io/FilterInputStream
instanceKlass java/io/FileInputStream
instanceKlass java/io/ByteArrayInputStream
ciInstanceKlass java/io/InputStream 1 1 184 100 1 10 7 12 1 1 1 100 1 10 10 7 12 1 1 1 10 7 12 1 1 1 10 12 1 100 1 3 10 12 1 1 100 1 8 1 10 12 1 10 7 12 1 1 1 3 100 1 8 1 10 10 7 12 1 1 1 7 1 10 11 7 12 1 1 1 10 12 1 1 11 12 1 1 11 7 12 1 1 1 11 12 1 1 7 1 10 7 12 1 1 1 5 0 10 12 1 10 12 1 1 100 1 10 8 1 10 8 1 8 1 10 12 1 1 10 7 12 1 1 1 100 1 1 1 1 3 1 3 1 1 1 1 1 1 1 1 1 1 1 1 1 1 1 1 1 1 1 1 1 1 1 1 1 1 1 1 1 1 1 1 1 1 1 1 1 1 1 1 1 1 1 1 1 1 1 1 1 1 1 1 1
ciInstanceKlass java/io/ByteArrayInputStream 1 1 96 10 7 12 1 1 1 9 7 12 1 1 1 9 12 1 1 9 12 1 9 12 1 10 100 12 1 1 1 10 7 12 1 1 1 10 7 12 1 1 1 10 100 12 1 1 1 10 12 1 1 10 100 12 1 1 1 1 1 1 1 1 1 1 1 1 1 1 1 1 1 1 1 1 1 1 1 1 1 1 1 100 1 1 1 1 1 1 1 1 1 1 1 1 1 1
instanceKlass java/util/concurrent/ForkJoinWorkerThread
instanceKlass java/util/logging/LogManager$Cleaner
instanceKlass org/apache/maven/shared/utils/logging/MessageUtils$1
instanceKlass jdk/internal/misc/InnocuousThread
instanceKlass java/lang/ref/Finalizer$FinalizerThread
instanceKlass java/lang/ref/Reference$ReferenceHandler
ciInstanceKlass java/lang/Thread 1 1 612 9 7 12 1 1 1 9 12 1 1 10 12 1 1 9 12 1 1 9 12 1 1 100 1 8 1 10 12 1 1 3 8 1 100 1 5 0 10 12 1 1 10 7 12 1 1 9 12 1 1 9 12 1 9 12 1 1 9 12 1 100 1 8 1 10 9 12 1 1 10 7 12 1 1 1 10 100 12 1 1 1 10 10 7 12 1 1 10 12 1 1 10 12 1 1 9 100 12 1 1 1 10 12 1 1 10 12 1 9 12 1 1 10 12 1 1 10 12 1 1 9 12 1 10 12 1 1 9 12 1 1 10 7 12 1 1 1 9 12 1 1 9 12 1 1 10 12 1 1 10 7 12 1 1 1 9 12 1 10 12 1 1 9 12 1 100 1 10 7 1 10 8 1 10 12 1 1 10 12 1 10 12 1 10 12 1 1 10 12 1 10 12 1 9 12 1 100 1 10 10 12 1 1 10 12 1 10 12 1 100 1 11 7 12 1 1 9 7 12 1 1 1 10 12 1 10 12 1 10 12 9 12 1 1 10 9 12 1 10 12 1 100 1 10 10 12 1 1 9 12 1 10 12 1 11 100 12 1 1 10 12 1 9 12 1 10 12 1 10 12 1 10 10 12 1 10 12 1 10 12 1 10 12 1 10 12 1 1 100 1 10 10 12 1 10 12 1 10 12 1 9 100 12 1 1 1 10 12 1 1 10 12 1 100 1 8 1 10 10 12 1 10 12 8 1 10 12 1 8 1 10 8 1 8 1 10 100 12 1 1 10 100 12 1 1 1 100 1 8 1 10 9 12 1 9 12 1 1 10 12 1 1 10 10 12 1 1 9 12 1 10 12 1 1 100 1 10 12 11 100 12 1 1 1 9 100 12 1 1 1 9 12 1 1 10 12 1 1 100 1 10 12 1 11 100 12 1 1 1 100 1 10 12 1 10 12 1 1 11 12 1 10 12 1 100 1 10 12 1 10 12 1 1 10 7 12 1 1 1 8 1 9 12 1 10 12 1 1 11 100 12 1 1 1 10 100 12 1 1 1 11 12 1 10 12 1 7 1 1 1 1 3 1 3 1 3 1 1 1 1 1 1 1 1 1 1 1 1 1 1 1 1 1 1 1 100 1 1 1 1 1 1 1 1 1 1 1 1 100 1 100 1 1 1 1 1 1 1 1 1 1 1 1 1 1 1 1 1 1 1 1 1 1 1 1 1 1 1 1 1 1 1 1 1 1 1 1 1 1 1 1 1 1 1 100 100 1 1 1 1 1 1 1 1 1 100 1 1 1 1 1 1 1 1 1 1 1 1 1 1 1 1 1 1 1 1 1 1 1 1 1 1 1 1 100 1 1 1 1 1 1 100 1 1 100 1 1 1 1 1 1
staticfield java/lang/Thread EMPTY_STACK_TRACE [Ljava/lang/StackTraceElement; 0 [Ljava/lang/StackTraceElement;
ciMethod java/lang/System arraycopy (Ljava/lang/Object;ILjava/lang/Object;II)V 768 0 384 0 -1
instanceKlass net/bytebuddy/asm/Advice$NoExceptionHandler
instanceKlass org/apache/maven/artifact/repository/metadata/RepositoryMetadataDeploymentException
instanceKlass org/apache/maven/artifact/repository/metadata/RepositoryMetadataInstallationException
instanceKlass java/lang/Exception
instanceKlass java/lang/Error
ciInstanceKlass java/lang/Throwable 1 1 393 10 7 12 1 1 1 9 7 12 1 1 1 9 12 1 1 9 12 1 9 12 1 1 9 12 1 10 12 1 1 9 12 1 1 10 12 1 1 10 12 1 100 1 100 1 10 8 1 10 12 1 1 8 1 10 100 12 1 1 10 10 12 1 100 1 8 1 10 10 12 1 1 10 7 12 1 1 10 12 1 8 1 9 100 12 1 1 1 10 12 1 1 100 1 10 12 10 12 1 100 1 10 10 7 12 1 1 1 11 100 12 1 1 1 10 100 12 1 1 1 10 12 1 1 10 12 1 1 8 1 10 12 1 10 12 1 1 8 1 8 1 10 12 1 1 10 12 1 8 1 8 1 9 12 1 1 10 100 12 1 1 100 1 10 11 12 1 8 1 8 1 10 7 12 1 1 8 1 10 12 1 8 1 100 1 10 12 1 9 12 1 1 10 12 1 10 7 12 1 9 12 1 1 10 12 1 1 100 1 8 1 10 12 1 10 100 12 1 1 10 12 1 1 100 1 10 100 12 1 1 1 10 12 1 11 100 12 1 1 1 11 100 12 1 1 1 11 12 1 8 1 10 12 1 1 8 1 10 10 9 100 12 1 1 1 8 1 10 12 1 1 10 100 1 8 1 10 11 12 1 1 8 1 9 12 1 10 100 12 1 1 11 9 12 1 1 11 12 1 1 100 10 12 1 10 12 1 1 100 1 1 1 1 5 0 1 1 1 1 1 1 1 1 1 1 1 1 1 100 1 1 1 1 1 1 1 1 1 1 1 1 1 1 1 1 1 1 1 1 1 1 1 1 1 1 1 1 1 1 1 1 1 1 1 1 1 1 1 1 1 1 100 1 100 1 1 1 1 1 1 1 1 1 1 1 1 1 1 1 1 1 1
staticfield java/lang/Throwable UNASSIGNED_STACK [Ljava/lang/StackTraceElement; 0 [Ljava/lang/StackTraceElement;
staticfield java/lang/Throwable SUPPRESSED_SENTINEL Ljava/util/List; java/util/Collections$EmptyList
staticfield java/lang/Throwable EMPTY_THROWABLE_ARRAY [Ljava/lang/Throwable; 0 [Ljava/lang/Throwable;
staticfield java/lang/Throwable $assertionsDisabled Z 1
instanceKlass javax/xml/datatype/DatatypeConfigurationException
instanceKlass org/mule/apache/xerces/impl/xpath/XPathException
instanceKlass org/mule/apache/xerces/impl/xs/traversers/XSDComplexTypeTraverser$ComplexTypeRecoverableError
instanceKlass org/mule/apache/xerces/impl/xs/XMLSchemaException
instanceKlass org/mule/apache/xerces/impl/dv/DatatypeException
instanceKlass javax/xml/xpath/XPathException
instanceKlass javax/xml/stream/XMLStreamException
instanceKlass org/glassfish/jaxb/runtime/v2/model/impl/ClassInfoImpl$DuplicateException
instanceKlass org/glassfish/jaxb/runtime/v2/model/impl/ClassInfoImpl$ConflictException
instanceKlass org/glassfish/jaxb/runtime/api/AccessorException
instanceKlass jakarta/xml/bind/JAXBException
instanceKlass javax/mail/MessagingException
instanceKlass jakarta/activation/MimeTypeParseException
instanceKlass java/sql/SQLException
instanceKlass org/mule/runtime/module/extension/api/runtime/resolver/ValueResolvingException
instanceKlass java/beans/IntrospectionException
instanceKlass java/beans/PropertyVetoException
instanceKlass org/mule/runtime/api/exception/MuleException
instanceKlass org/codehaus/plexus/util/cli/CommandLineException
instanceKlass org/codehaus/plexus/compiler/util/scan/InclusionScanException
instanceKlass org/codehaus/plexus/compiler/CompilerException
instanceKlass org/codehaus/plexus/compiler/manager/NoSuchCompilerException
instanceKlass org/apache/maven/shared/filtering/MavenFilteringException
instanceKlass org/mule/tools/api/exception/ProjectBuildingException
instanceKlass javax/xml/transform/TransformerException
instanceKlass org/apache/maven/artifact/DependencyResolutionRequiredException
instanceKlass org/codehaus/plexus/util/introspection/MethodMap$AmbiguousException
instanceKlass java/net/URISyntaxException
instanceKlass org/xml/sax/SAXException
instanceKlass javax/xml/parsers/ParserConfigurationException
instanceKlass org/codehaus/plexus/archiver/jar/ManifestException
instanceKlass org/codehaus/plexus/archiver/manager/NoSuchArchiverException
instanceKlass org/sonatype/plexus/components/sec/dispatcher/SecDispatcherException
instanceKlass org/sonatype/plexus/components/cipher/PlexusCipherException
instanceKlass org/apache/http/HttpException
instanceKlass org/mule/tools/maven/mojo/ast/ConfigurationException
instanceKlass org/mule/tools/maven/mojo/ast/AstGenerationException
instanceKlass org/mule/tools/maven/mojo/ast/DynamicStructureException
instanceKlass org/mule/tools/client/core/exception/DeploymentException
instanceKlass org/mule/tools/api/exception/ValidationException
instanceKlass org/codehaus/plexus/interpolation/reflection/MethodMap$AmbiguousException
instanceKlass java/security/PrivilegedActionException
instanceKlass org/apache/maven/model/resolution/UnresolvableModelException
instanceKlass org/apache/maven/model/resolution/InvalidRepositoryException
instanceKlass org/apache/maven/cli/internal/ExtensionResolutionException
instanceKlass org/apache/maven/toolchain/building/ToolchainsBuildingException
instanceKlass org/apache/maven/execution/MavenExecutionRequestPopulationException
instanceKlass org/apache/maven/BuildFailureException
instanceKlass org/codehaus/plexus/util/dag/CycleDetectedException
instanceKlass org/apache/maven/project/DuplicateProjectException
instanceKlass org/apache/maven/lifecycle/internal/builder/BuilderNotFoundException
instanceKlass org/apache/maven/lifecycle/NoGoalSpecifiedException
instanceKlass org/apache/maven/plugin/version/PluginVersionNotFoundException
instanceKlass org/apache/maven/plugin/InvalidPluginException
instanceKlass org/apache/maven/repository/legacy/resolver/conflict/ConflictResolverNotFoundException
instanceKlass org/apache/maven/model/building/ModelBuildingException
instanceKlass org/apache/maven/configuration/BeanConfigurationException
instanceKlass org/apache/http/HttpException
instanceKlass org/apache/maven/repository/ArtifactDoesNotExistException
instanceKlass org/apache/maven/repository/ArtifactTransferFailedException
instanceKlass org/apache/maven/repository/metadata/MetadataResolutionException
instanceKlass org/codehaus/plexus/component/configurator/expression/ExpressionEvaluationException
instanceKlass org/codehaus/plexus/configuration/PlexusConfigurationException
instanceKlass org/codehaus/plexus/component/configurator/ComponentConfigurationException
instanceKlass org/codehaus/plexus/component/composition/CycleDetectedInComponentGraphException
instanceKlass org/apache/maven/artifact/repository/metadata/RepositoryMetadataReadException
instanceKlass org/apache/maven/artifact/repository/metadata/RepositoryMetadataStoreException
instanceKlass org/sonatype/plexus/components/sec/dispatcher/SecDispatcherException
instanceKlass org/sonatype/plexus/components/cipher/PlexusCipherException
instanceKlass org/codehaus/plexus/personality/plexus/lifecycle/phase/InitializationException
instanceKlass org/apache/maven/project/interpolation/ModelInterpolationException
instanceKlass org/apache/maven/lifecycle/MissingProjectException
instanceKlass org/codehaus/plexus/component/repository/exception/ComponentLifecycleException
instanceKlass java/security/GeneralSecurityException
instanceKlass org/apache/maven/project/ProjectBuildingException
instanceKlass org/apache/maven/artifact/InvalidRepositoryException
instanceKlass org/apache/maven/repository/legacy/metadata/ArtifactMetadataRetrievalException
instanceKlass org/apache/maven/artifact/versioning/InvalidVersionSpecificationException
instanceKlass org/apache/maven/wagon/WagonException
instanceKlass org/apache/maven/plugin/PluginConfigurationException
instanceKlass org/apache/maven/project/DependencyResolutionException
instanceKlass org/eclipse/aether/RepositoryException
instanceKlass org/apache/maven/artifact/repository/metadata/RepositoryMetadataResolutionException
instanceKlass org/apache/maven/repository/metadata/MetadataGraphTransformationException
instanceKlass org/apache/maven/repository/metadata/GraphConflictResolutionException
instanceKlass org/apache/maven/artifact/installer/ArtifactInstallationException
instanceKlass org/apache/maven/artifact/deployer/ArtifactDeploymentException
instanceKlass org/apache/maven/toolchain/MisconfiguredToolchainException
instanceKlass org/apache/maven/plugin/version/PluginVersionResolutionException
instanceKlass org/apache/maven/lifecycle/LifecycleNotFoundException
instanceKlass org/apache/maven/lifecycle/LifecyclePhaseNotFoundException
instanceKlass org/apache/maven/plugin/PluginManagerException
instanceKlass org/apache/maven/plugin/InvalidPluginDescriptorException
instanceKlass org/apache/maven/plugin/prefix/NoPluginFoundForPrefixException
instanceKlass org/apache/maven/plugin/MojoNotFoundException
instanceKlass org/apache/maven/plugin/PluginDescriptorParsingException
instanceKlass org/apache/maven/plugin/PluginResolutionException
instanceKlass org/apache/maven/artifact/resolver/AbstractArtifactResolutionException
instanceKlass org/apache/maven/lifecycle/LifecycleExecutionException
instanceKlass org/apache/maven/MavenExecutionException
instanceKlass org/apache/maven/settings/building/SettingsBuildingException
instanceKlass org/apache/maven/plugin/AbstractMojoExecutionException
instanceKlass java/util/concurrent/TimeoutException
instanceKlass com/google/common/collect/RegularImmutableMap$BucketOverflowException
instanceKlass java/util/concurrent/ExecutionException
instanceKlass java/lang/InterruptedException
instanceKlass com/google/inject/internal/ErrorsException
instanceKlass com/google/inject/internal/InternalProvisionException
instanceKlass org/codehaus/plexus/context/ContextException
instanceKlass java/text/ParseException
instanceKlass org/codehaus/plexus/PlexusContainerException
instanceKlass org/codehaus/plexus/component/repository/exception/ComponentLookupException
instanceKlass org/codehaus/plexus/util/xml/pull/XmlPullParserException
instanceKlass java/lang/CloneNotSupportedException
instanceKlass sun/nio/fs/WindowsException
instanceKlass org/codehaus/plexus/interpolation/InterpolationException
instanceKlass org/apache/commons/cli/ParseException
instanceKlass org/apache/maven/cli/MavenCli$ExitException
instanceKlass org/codehaus/plexus/classworlds/ClassWorldException
instanceKlass org/codehaus/plexus/classworlds/launcher/ConfigurationException
instanceKlass java/io/IOException
instanceKlass java/lang/ReflectiveOperationException
instanceKlass java/lang/RuntimeException
ciInstanceKlass java/lang/Exception 1 1 40 10 7 12 1 1 1 10 12 1 10 12 1 10 12 1 10 12 1 100 1 1 1 1 5 0 1 1 1 1 1 1 1 1 1 1 1 1 1 1
instanceKlass java/lang/InstantiationException
instanceKlass java/lang/NoSuchFieldException
instanceKlass java/lang/IllegalAccessException
instanceKlass java/lang/reflect/InvocationTargetException
instanceKlass java/lang/NoSuchMethodException
instanceKlass java/lang/ClassNotFoundException
ciInstanceKlass java/lang/ReflectiveOperationException 1 1 34 10 7 12 1 1 1 10 12 1 10 12 1 10 12 1 100 1 1 1 1 5 0 1 1 1 1 1 1 1 1 1 1 1
instanceKlass org/mule/apache/xerces/impl/dv/ObjectFactory$ConfigurationError
instanceKlass org/mule/apache/xerces/parsers/ObjectFactory$ConfigurationError
instanceKlass javax/xml/parsers/FactoryConfigurationError
instanceKlass com/google/common/util/concurrent/ExecutionError
instanceKlass javax/xml/stream/FactoryConfigurationError
instanceKlass java/util/ServiceConfigurationError
instanceKlass com/google/common/util/concurrent/ExecutionError
instanceKlass java/lang/AssertionError
instanceKlass java/io/IOError
instanceKlass org/apache/maven/BuildAbort
instanceKlass java/lang/VirtualMachineError
instanceKlass java/lang/LinkageError
instanceKlass java/lang/ThreadDeath
ciInstanceKlass java/lang/Error 1 1 40 10 7 12 1 1 1 10 12 1 10 12 1 10 12 1 10 12 1 100 1 1 1 1 5 0 1 1 1 1 1 1 1 1 1 1 1 1 1 1
ciInstanceKlass java/lang/ThreadDeath 0 0 21 10 100 12 1 1 1 100 1 1 1 1 5 0 1 1 1 1 1 1 1
instanceKlass org/mule/runtime/module/artifact/api/classloader/exception/ClassNotFoundInRegionException
instanceKlass org/mule/runtime/module/artifact/api/classloader/exception/NotExportedClassException
instanceKlass org/mule/runtime/module/artifact/api/classloader/exception/CompositeClassNotFoundException
ciInstanceKlass java/lang/ClassNotFoundException 1 1 96 7 1 10 7 12 1 1 1 10 12 1 10 12 1 1 10 100 12 1 1 1 8 1 10 100 12 1 1 1 10 7 12 1 1 10 100 12 1 1 1 10 100 12 1 1 1 10 12 1 1 7 1 10 12 1 9 12 1 1 1 1 1 5 0 1 1 1 1 1 1 1 1 1 1 1 1 1 1 1 1 1 1 100 1 1 1 1 1 1 1 1 1 1 1 1
staticfield java/lang/ClassNotFoundException serialPersistentFields [Ljava/io/ObjectStreamField; 1 [Ljava/io/ObjectStreamField;
instanceKlass java/lang/ExceptionInInitializerError
instanceKlass java/lang/ClassFormatError
instanceKlass java/lang/UnsatisfiedLinkError
instanceKlass java/lang/IncompatibleClassChangeError
instanceKlass java/lang/BootstrapMethodError
instanceKlass java/lang/NoClassDefFoundError
ciInstanceKlass java/lang/LinkageError 1 1 31 10 7 12 1 1 1 10 12 1 10 12 1 100 1 1 1 1 5 0 1 1 1 1 1 1 1 1 1 1 1
ciInstanceKlass java/lang/Record 0 0 22 10 100 12 1 1 1 100 1 1 1 1 1 1 1 1 1 1 1 1 1 1
ciInstanceKlass java/lang/StringLatin1 1 1 380 7 1 10 100 12 1 1 1 100 1 10 12 1 10 7 12 1 1 1 10 7 12 1 1 1 10 12 1 10 7 12 1 1 1 10 12 1 1 10 7 12 1 1 1 10 12 1 1 10 12 1 1 10 10 12 1 10 12 1 1 10 9 7 12 1 1 1 10 12 1 1 10 7 12 1 1 1 10 12 10 12 1 1 10 12 1 1 10 12 1 1 10 7 12 1 1 1 10 12 1 10 12 1 1 9 12 1 1 100 1 10 10 100 12 1 1 1 10 7 12 1 1 1 10 12 1 10 12 1 100 1 100 1 8 1 10 12 1 8 1 10 12 100 1 10 10 10 7 12 1 1 1 8 1 8 1 8 1 10 12 1 1 10 100 12 1 1 10 12 1 10 12 1 1 10 12 1 1 10 12 1 1 10 12 1 10 12 10 12 10 12 1 10 12 10 10 12 1 10 12 1 10 12 1 10 100 12 1 1 1 10 100 12 1 1 1 10 12 1 1 10 12 1 1 10 10 7 12 1 1 1 1 1 1 1 1 1 1 1 1 1 1 1 1 1 1 1 1 1 1 1 1 1 1 1 1 1 1 1 1 1 1 1 1 1 1 1 1 1 1 1 1 1 1 1 1 1 1 1 1 100 1 1 1 1 1 1 1 1 1 1 1 1 1 1 1 1 1 1 1 1 1 1 1 1 1 1 1 1 1 1 1 1 1 1 1 1 1 1 1 1 1 1 1 1 100 1 1 1 1 1 1 1 1 1 1 1 1 1 1 1 1 1 1 1 1 1 100 1 1 1 1 1 1 1 1 1 1 1 1 1 1 1 1 1 1 1 1 1 1 1 1 1 1 100 1 1 1 1
staticfield java/lang/StringLatin1 $assertionsDisabled Z 1
ciMethod java/lang/StringLatin1 equals ([B[B)Z 868 532 4128 0 -1
ciMethod java/lang/StringLatin1 hashCode ([B)I 440 8192 1229 0 352
ciMethod java/lang/StringLatin1 inflate ([BI[CII)V 244 10370 1022 0 -1
ciMethod java/lang/StringLatin1 getChars ([BII[CI)V 512 0 6404 0 352
ciInstanceKlass java/lang/StringUTF16 1 1 598 100 1 7 1 10 100 12 1 1 1 100 1 10 7 1 3 100 1 100 1 10 8 1 10 12 1 1 10 12 1 8 1 10 12 1 1 10 12 1 9 12 1 1 10 12 1 1 100 1 8 1 10 12 1 9 12 1 1 9 12 1 10 10 12 1 1 10 12 1 1 10 7 12 1 1 1 10 12 1 10 12 1 1 10 12 1 1 10 12 1 1 10 12 1 1 10 12 1 10 12 1 1 10 12 1 1 10 12 1 1 10 12 1 1 10 12 1 10 12 1 10 12 1 1 10 12 1 100 1 10 12 1 10 10 12 1 1 10 12 1 10 12 1 1 10 12 1 10 100 12 1 1 1 10 100 12 1 1 1 10 12 10 12 1 1 10 12 1 10 12 1 1 10 12 1 1 10 12 1 10 12 1 10 12 1 3 10 12 1 1 10 12 1 10 12 1 10 12 1 10 12 1 10 12 1 10 12 1 1 9 12 1 10 12 1 10 12 1 10 12 1 10 12 1 10 12 1 10 10 12 10 12 10 10 100 12 1 1 1 10 7 12 1 1 1 10 12 1 10 12 1 100 1 8 1 8 1 10 12 1 1 100 1 10 10 100 12 1 1 1 10 100 12 1 1 8 1 8 1 8 1 10 12 1 1 10 12 1 1 10 12 10 12 1 10 100 12 1 1 10 12 1 1 10 12 1 1 10 12 1 10 12 10 12 10 12 1 10 12 10 12 1 10 12 1 10 12 1 10 12 1 10 12 1 10 100 12 1 1 1 10 100 12 1 1 1 10 12 1 1 10 12 1 1 11 100 12 1 1 10 12 1 10 12 1 10 12 1 1 9 12 1 1 9 12 1 5 0 5 0 10 12 1 10 12 10 12 10 7 12 1 1 1 10 12 1 1 1 1 1 1 1 1 1 1 1 1 1 1 1 1 1 1 1 1 1 1 1 1 1 1 1 1 1 1 1 100 1 1 1 1 1 1 1 1 1 1 1 1 1 1 1 1 1 1 1 1 1 1 1 1 1 1 1 1 1 1 1 1 1 1 1 1 1 1 1 1 1 1 1 1 1 1 1 1 1 1 1 1 1 1 1 1 1 1 1 1 1 1 1 1 1 1 1 1 1 1 1 1 1 1 1 1 1 1 1 1 1 1 100 1 1 1 1 1 1 1 1 1 1 1 1 1 1 1 1 1 100 1 1 1 1 1 1 1 1 1 1 1 1 1 1 1 1 1 1 1 1 1 1 1 1 1 1 1 1 1 1 1 1 1 1 1 1 1 1 1 1 1 1 1 1 1 1 1 1 1 1 1 1 1 1 1 1 1 1 1 1 1 100 1 100 1 1 1 1 1
staticfield java/lang/StringUTF16 HI_BYTE_SHIFT I 0
staticfield java/lang/StringUTF16 LO_BYTE_SHIFT I 8
staticfield java/lang/StringUTF16 $assertionsDisabled Z 1
ciMethod java/lang/StringUTF16 hashCode ([B)I 0 0 1 0 -1
ciMethod java/lang/StringUTF16 getChars ([BII[CI)V 2 512 408 0 -1
ciMethod java/lang/StringUTF16 getChar ([BI)C 4138 0 11713 0 -1
ciInstanceKlass java/lang/Boolean 1 1 151 10 7 12 1 1 1 9 7 12 1 1 1 10 12 1 1 10 12 1 8 1 10 7 12 1 1 9 12 1 1 9 12 1 8 1 10 12 1 1 10 12 1 1 10 7 12 1 1 1 100 1 100 1 10 12 1 1 9 100 12 1 1 9 12 10 100 12 1 1 1 10 12 1 1 8 1 10 7 12 1 1 1 9 12 1 1 100 1 100 1 100 1 1 1 1 1 1 5 0 1 1 1 1 1 1 1 1 1 1 3 1 1 1 1 1 1 1 1 1 1 1 1 1 1 1 1 1 1 1 1 100 1 1 1 1 1 1 1 1 1 1 100 1 1 1 1 1 1 1 1
staticfield java/lang/Boolean TRUE Ljava/lang/Boolean; java/lang/Boolean
staticfield java/lang/Boolean FALSE Ljava/lang/Boolean; java/lang/Boolean
staticfield java/lang/Boolean TYPE Ljava/lang/Class; java/lang/Class
instanceKlass java/util/concurrent/locks/AbstractQueuedSynchronizer
ciInstanceKlass java/util/concurrent/locks/AbstractOwnableSynchronizer 1 1 32 10 7 12 1 1 1 9 7 12 1 1 1 100 1 1 1 1 5 0 1 1 1 1 1 1 1 1 1 1 1 1
instanceKlass org/jgrapht/util/ModifiableInteger
instanceKlass java/util/concurrent/atomic/Striped64
instanceKlass com/google/gson/internal/LazilyParsedNumber
instanceKlass java/math/BigDecimal
instanceKlass java/math/BigInteger
instanceKlass java/util/concurrent/atomic/AtomicLong
instanceKlass java/util/concurrent/atomic/AtomicInteger
instanceKlass java/lang/Long
instanceKlass java/lang/Integer
instanceKlass java/lang/Short
instanceKlass java/lang/Byte
instanceKlass java/lang/Double
instanceKlass java/lang/Float
ciInstanceKlass java/lang/Number 1 1 37 10 7 12 1 1 1 10 100 12 1 1 1 100 1 1 1 1 5 0 1 1 1 1 1 1 1 1 1 1 1 1 1 1 1 1 1
instanceKlass java/lang/LiveStackFrameInfo
ciInstanceKlass java/lang/StackFrameInfo 1 1 132 10 7 12 1 1 1 9 7 12 1 1 1 9 7 1 9 12 1 1 11 7 12 1 1 1 9 12 1 1 11 12 1 1 10 12 1 1 10 7 12 1 1 1 10 12 1 11 12 1 11 12 1 1 11 12 1 10 12 1 1 9 12 1 1 10 12 1 1 10 100 12 1 1 10 12 1 1 11 12 1 1 10 12 1 9 12 1 1 10 12 1 1 100 1 8 1 10 12 1 10 7 12 1 1 1 100 1 1 1 1 1 1 1 1 1 1 1 1 1 1 1 1 1 1 100 1 1 1 1 1 1
staticfield java/lang/StackFrameInfo JLIA Ljdk/internal/access/JavaLangInvokeAccess; java/lang/invoke/MethodHandleImpl$1
ciInstanceKlass java/lang/LiveStackFrameInfo 0 0 97 10 100 12 1 1 1 9 100 12 1 1 1 9 12 1 9 12 1 9 12 1 9 12 1 1 100 1 10 12 1 1 10 12 1 8 1 10 12 1 1 8 1 8 1 8 1 10 100 1 10 12 1 100 1 10 12 1 100 1 100 1 1 1 3 1 3 1 1 1 1 1 1 1 1 1 1 1 1 1 1 1 1 1 1 1 1 1 1 1 1 1 1 1 100 1 1
ciInstanceKlass java/lang/Character 1 1 576 7 1 100 1 100 1 9 12 1 1 8 1 9 12 1 1 100 1 9 12 1 1 10 100 12 1 1 1 10 100 12 1 1 1 10 100 12 1 1 1 10 7 12 1 1 1 9 7 12 1 1 1 10 12 1 10 12 1 1 10 12 1 1 10 7 12 1 1 10 12 1 1 3 3 3 3 3 10 12 1 1 10 12 1 3 11 7 12 1 1 1 11 12 1 1 10 12 1 1 10 12 1 1 100 1 10 10 12 1 3 10 12 1 1 10 12 1 10 12 1 1 100 1 8 1 10 12 1 1 10 12 1 10 12 1 10 12 1 10 12 1 10 12 1 1 10 12 1 10 7 12 1 1 10 10 12 1 10 10 12 1 10 12 1 1 10 12 1 10 10 12 1 10 12 1 10 12 1 10 12 1 10 12 1 10 12 1 10 12 1 10 12 10 10 12 10 10 12 1 10 10 12 1 10 10 12 1 10 10 12 1 10 10 12 1 10 10 12 1 10 10 12 1 1 10 10 12 1 10 5 0 10 12 1 10 12 1 10 10 12 1 10 10 12 1 1 10 10 12 1 10 10 12 1 9 12 1 1 100 1 10 10 12 1 10 12 1 1 3 10 100 12 1 1 1 10 12 1 10 100 12 1 1 100 1 10 10 12 1 1 10 12 1 1 10 12 1 1 8 1 10 12 1 9 100 12 1 1 1 10 12 1 10 10 12 1 10 12 1 1 10 12 1 10 10 12 1 1 10 10 12 1 1 100 1 8 1 10 12 1 1 10 7 12 1 1 1 8 1 10 12 1 1 9 12 1 1 100 1 100 1 100 1 1 1 1 3 1 3 1 3 1 3 1 1 1 1 1 3 1 1 3 1 3 1 3 1 3 1 3 1 3 1 3 1 3 1 3 1 3 1 3 1 3 1 3 1 3 1 3 1 3 1 3 1 3 1 3 1 3 1 3 1 3 1 3 1 3 1 3 1 3 1 3 1 3 1 1 1 1 1 1 1 1 1 1 1 1 1 1 1 1 1 1 1 3 1 1 1 1 1 1 1 3 1 1 3 1 1 1 1 1 3 1 1 5 0 1 1 1 1 1 1 1 1 1 1 1 1 1 1 1 1 1 1 1 1 1 1 1 1 1 1 1 1 1 1 1 1 1 1 1 1 1 1 1 1 1 1 1 1 1 1 1 1 1 1 1 1 1 1 1 1 1 1 1 1 1 1 1 1 1 1 1 1 1 1 1 1 1 1 1 1 1 1 1 1 1 1 1 1 1 1 1 1 1 100 1 100 1 1 1 1 1 1
staticfield java/lang/Character TYPE Ljava/lang/Class; java/lang/Class
staticfield java/lang/Character $assertionsDisabled Z 1
ciInstanceKlass java/lang/Float 1 1 223 7 1 100 1 10 7 12 1 1 1 10 100 12 1 1 1 4 100 1 10 12 1 1 10 12 1 1 8 1 8 1 10 100 12 1 1 1 10 12 1 1 10 12 1 1 10 4 4 4 10 7 12 1 1 9 12 1 1 10 12 1 1 10 12 1 10 12 1 10 12 1 1 10 12 1 10 12 1 3 10 12 1 1 10 12 1 1 10 12 1 10 100 12 1 1 1 10 12 1 1 10 12 1 1 8 1 10 7 12 1 1 1 9 12 1 1 100 1 100 1 100 1 1 1 1 1 4 1 1 1 4 1 1 3 1 3 1 3 1 3 1 1 1 1 5 0 1 1 1 1 1 1 1 1 1 1 7 1 1 1 1 1 1 1 1 1 1 1 1 1 3 1 1 1 1 1 1 1 1 1 1 1 1 1 1 1 1 1 1 1 1 1 1 1 1 1 1 1 1 1 1 1 1 1 1 1 1 1 1 7 1 1 1 1 1 1 1 100 1 100 1 1
staticfield java/lang/Float TYPE Ljava/lang/Class; java/lang/Class
ciInstanceKlass java/lang/Double 1 1 285 7 1 100 1 10 7 12 1 1 1 10 12 1 1 10 12 1 100 1 10 12 1 1 10 100 12 1 1 1 6 0 8 1 10 12 1 1 8 1 10 12 1 1 8 1 6 0 10 12 1 1 100 1 5 0 5 0 8 1 8 1 10 100 12 1 1 1 10 100 12 1 1 1 8 1 10 12 1 1 8 1 8 1 8 1 10 12 1 1 10 12 1 10 12 1 1 10 12 1 10 12 1 10 12 1 1 10 12 1 10 6 0 6 0 6 0 10 7 12 1 1 9 12 1 1 10 12 1 10 12 1 10 12 1 10 12 1 5 0 10 12 1 1 10 12 1 10 12 1 10 100 12 1 1 1 10 12 1 1 10 12 1 1 8 1 10 7 12 1 1 1 9 12 1 1 100 1 100 1 100 1 1 1 1 1 6 0 1 1 1 6 0 1 1 3 1 3 1 3 1 3 1 1 1 1 5 0 1 1 1 1 1 1 1 1 1 1 1 1 1 1 1 1 7 1 1 1 1 1 1 1 1 1 1 1 1 3 1 1 1 1 1 1 1 1 1 1 1 1 1 1 1 1 1 1 1 1 1 1 1 1 1 1 1 1 1 1 1 1 1 1 7 1 1 1 1 1 1 1 100 1 100 1 1
staticfield java/lang/Double TYPE Ljava/lang/Class; java/lang/Class
ciInstanceKlass java/lang/Byte 1 1 215 7 1 100 1 10 100 12 1 1 1 9 12 1 1 8 1 9 12 1 1 100 1 10 12 1 1 10 12 1 1 10 100 12 1 1 1 10 100 12 1 1 1 9 7 12 1 1 1 10 12 1 1 7 1 100 1 10 12 1 1 8 1 10 12 1 1 8 1 10 12 1 10 12 1 10 12 1 10 12 1 1 10 12 1 10 12 1 10 12 1 1 10 8 1 8 1 10 7 1 9 12 1 1 10 12 1 10 12 1 1 10 12 1 1 10 12 1 1 10 12 1 5 0 10 12 1 1 8 1 10 7 12 1 1 1 9 12 1 1 100 1 100 1 1 1 3 1 3 1 1 1 1 3 1 3 1 1 5 0 1 1 1 1 1 1 1 1 1 1 1 1 1 1 1 1 1 1 1 1 1 1 1 1 1 1 1 1 1 1 1 1 1 1 1 1 1 1 1 1 1 1 1 1 1 1 1 1 1 1 1 1 1 1 1
staticfield java/lang/Byte TYPE Ljava/lang/Class; java/lang/Class
ciInstanceKlass java/lang/Short 1 1 224 7 1 100 1 100 1 10 100 12 1 1 1 10 12 1 1 7 1 100 1 10 12 1 1 8 1 10 12 1 1 8 1 10 12 1 10 12 1 10 12 1 10 12 1 1 10 12 1 1 10 12 1 9 12 1 1 8 1 9 12 1 1 100 1 10 12 1 1 10 12 1 10 100 12 1 1 1 10 100 12 1 1 1 9 7 12 1 1 1 10 12 1 10 12 1 1 10 8 1 8 1 10 7 1 9 12 1 1 10 12 1 10 12 1 1 10 12 1 1 10 12 1 1 10 12 1 3 3 5 0 10 12 1 1 8 1 10 7 12 1 1 1 9 12 1 1 100 1 100 1 1 1 3 1 3 1 1 1 1 3 1 3 1 1 5 0 1 1 1 1 1 1 1 1 1 1 1 1 1 1 1 1 1 1 1 1 1 1 1 1 1 1 1 3 1 1 1 1 1 1 1 1 1 1 1 1 1 1 1 1 1 1 1 1 1 1 1 1 1 1 1 1 1
staticfield java/lang/Short TYPE Ljava/lang/Class; java/lang/Class
ciInstanceKlass java/lang/Integer 1 1 445 7 1 100 1 7 1 7 1 10 12 1 1 9 12 1 1 9 12 1 1 10 100 12 1 1 1 10 12 1 1 10 100 12 1 1 1 10 10 12 1 1 10 100 12 1 1 1 10 12 1 10 12 1 1 10 7 12 1 1 1 10 12 1 1 10 12 1 1 10 12 1 10 12 1 10 12 1 1 10 10 12 1 9 12 1 1 9 12 1 7 1 8 1 10 12 1 100 1 10 12 1 8 1 10 12 1 1 10 12 1 8 1 10 12 1 8 1 10 12 1 1 3 10 12 1 1 3 10 12 1 1 10 12 1 1 10 7 12 1 1 1 11 7 1 100 1 10 11 10 12 1 1 8 1 10 12 1 1 8 1 100 1 10 12 1 1 10 12 1 1 5 0 8 1 10 12 1 10 12 1 10 12 1 10 12 1 1 7 1 9 12 1 1 9 12 1 1 10 12 1 10 7 1 9 12 1 10 12 1 10 12 1 10 12 1 1 10 7 12 1 1 1 100 1 100 1 10 12 1 1 10 12 1 1 8 1 8 1 10 12 1 1 8 1 8 1 8 1 8 1 8 1 8 1 10 12 1 10 12 1 10 12 1 5 0 3 3 3 3 10 12 1 3 10 12 1 10 100 12 1 1 1 10 12 1 1 10 12 1 1 8 1 10 7 12 1 1 1 9 12 1 1 3 3 3 3 3 3 9 12 1 1 100 1 100 1 100 1 1 1 1 1 1 1 3 1 3 1 1 5 0 1 1 1 1 1 1 1 1 1 100 1 1 1 1 1 1 1 1 1 1 1 1 1 1 1 1 1 1 1 1 1 1 1 1 1 1 1 1 1 1 1 1 1 1 1 1 1 1 1 3 1 1 1 1 1 1 1 1 1 1 1 1 1 1 1 1 100 1 1 1 1 1 1 1 1 1 1 1 1 1 1 1 1 1 1 1 1 1 1 1 1 1 1 1 1 1 1 1 7 1 1 1 1 1 1 1 1 1 100 1 100 1 1
staticfield java/lang/Integer TYPE Ljava/lang/Class; java/lang/Class
staticfield java/lang/Integer digits [C 36
staticfield java/lang/Integer DigitTens [B 100
staticfield java/lang/Integer DigitOnes [B 100
staticfield java/lang/Integer sizeTable [I 10
ciMethod java/lang/Integer toString (I)Ljava/lang/String; 18 0 280 0 -1
ciMethod java/lang/Integer parseInt (Ljava/lang/String;)I 58 0 7740 0 -1
ciInstanceKlass java/lang/Long 1 1 506 7 1 100 1 7 1 7 1 10 12 1 1 9 12 1 1 9 7 12 1 1 1 10 100 12 1 1 1 10 12 1 1 10 100 12 1 1 1 10 10 12 10 12 1 10 12 1 10 12 1 5 0 5 0 7 1 10 12 1 1 10 12 1 1 10 12 1 10 12 1 10 12 1 10 12 1 1 10 100 12 1 1 10 12 1 10 12 1 1 10 12 1 1 10 12 1 1 10 12 1 1 10 7 12 1 1 1 10 12 1 1 10 12 1 10 12 1 10 12 1 10 12 1 1 10 10 12 1 5 0 5 0 9 12 1 1 9 12 1 5 0 7 1 8 1 10 12 1 8 1 10 12 1 8 1 8 1 10 12 1 1 5 0 10 12 1 1 5 0 10 12 1 1 10 12 1 1 10 100 12 1 1 1 11 100 1 100 1 10 11 10 12 1 1 8 1 10 12 1 1 8 1 100 1 10 12 1 1 10 12 1 8 1 8 1 11 12 1 1 10 12 1 10 12 1 10 12 1 5 0 5 0 9 7 12 1 1 1 10 12 1 10 12 1 1 8 1 8 1 10 12 1 1 8 1 8 1 8 1 8 1 8 1 8 1 10 12 1 10 12 1 10 12 1 1 10 7 1 9 12 1 1 10 12 1 10 12 1 1 10 100 12 1 1 1 100 1 100 1 10 12 1 1 10 12 1 1 5 0 10 12 1 10 12 1 5 0 5 0 5 0 10 12 1 1 5 0 5 0 10 12 1 10 12 1 10 100 12 1 1 1 10 12 1 1 10 12 1 1 8 1 10 7 12 1 1 1 9 12 1 1 100 1 100 1 100 1 1 1 1 5 0 1 1 1 1 3 1 3 1 5 0 1 1 1 1 1 1 1 1 1 100 1 1 1 1 1 1 1 1 1 1 1 1 1 1 1 1 1 1 1 1 1 1 1 1 1 1 1 1 1 1 1 1 1 1 1 1 1 1 1 1 1 1 1 1 1 1 1 1 1 1 1 1 1 1 3 1 1 1 1 1 1 1 1 1 1 1 1 1 1 1 100 1 1 1 1 1 1 1 1 1 1 1 1 1 1 1 1 1 1 1 1 1 1 1 1 1 1 1 7 1 1 1 1 1 1 1 1 1 100 1 100 1 1
staticfield java/lang/Long TYPE Ljava/lang/Class; java/lang/Class
instanceKlass java/lang/ref/PhantomReference
instanceKlass java/lang/ref/FinalReference
instanceKlass java/lang/ref/WeakReference
instanceKlass java/lang/ref/SoftReference
ciInstanceKlass java/lang/ref/Reference 1 1 195 9 7 12 1 1 1 9 7 12 1 1 10 12 1 1 10 12 1 1 9 12 1 1 10 12 1 1 9 12 1 1 9 12 1 1 7 1 10 12 1 10 7 12 1 1 10 12 1 10 12 1 1 10 12 1 9 12 1 10 12 1 1 10 12 1 10 12 1 9 12 1 100 1 100 1 10 12 1 9 12 1 9 12 1 100 1 10 10 12 1 10 10 7 12 1 1 10 7 12 1 1 1 10 12 1 1 10 7 12 1 1 7 1 8 1 10 12 1 10 12 1 1 10 12 1 1 10 12 1 7 1 10 10 7 12 1 1 1 1 1 1 1 1 1 1 1 1 1 1 1 1 1 1 1 100 1 1 1 100 1 1 1 1 1 1 1 1 1 1 1 1 1 1 1 1 1 1 1 1 1 1 1 1 1 1 1 1 1 1 1 1 1 1 1
staticfield java/lang/ref/Reference processPendingLock Ljava/lang/Object; java/lang/Object
staticfield java/lang/ref/Reference $assertionsDisabled Z 1
instanceKlass java/util/ResourceBundle$BundleReference
instanceKlass org/mule/springframework/util/ConcurrentReferenceHashMap$SoftEntryReference
instanceKlass com/sun/beans/util/Cache$Kind$Soft
instanceKlass org/eclipse/sisu/inject/MildElements$Soft
instanceKlass sun/util/locale/provider/LocaleResources$ResourceReference
instanceKlass sun/util/resources/Bundles$BundleReference
instanceKlass org/eclipse/sisu/inject/MildKeys$Soft
instanceKlass java/lang/invoke/LambdaFormEditor$Transform
instanceKlass sun/util/locale/LocaleObjectCache$CacheEntry
ciInstanceKlass java/lang/ref/SoftReference 1 1 47 10 7 12 1 1 1 9 7 12 1 1 1 9 12 1 10 12 1 10 12 1 1 1 1 1 1 1 1 1 1 1 1 1 1 1 1 1 1 1 1 100 1 1 1 1 1
ciMethod java/lang/Long <init> (J)V 512 0 7087 0 0
instanceKlass java/util/ResourceBundle$KeyElementReference
instanceKlass java/beans/WeakIdentityMap$Entry
instanceKlass com/github/benmanes/caffeine/cache/References$WeakValueReference
instanceKlass com/github/benmanes/caffeine/cache/References$WeakKeyReference
instanceKlass sun/nio/ch/FileLockTable$FileLockReference
instanceKlass org/eclipse/sisu/inject/MildElements$Weak
instanceKlass com/google/common/cache/LocalCache$WeakValueReference
instanceKlass com/google/common/collect/MapMakerInternalMap$AbstractWeakKeyEntry
instanceKlass com/google/common/cache/LocalCache$WeakEntry
instanceKlass java/lang/WeakPairMap$WeakRefPeer
instanceKlass java/lang/ClassValue$Entry
instanceKlass java/util/logging/LogManager$LoggerWeakRef
instanceKlass java/util/logging/Level$KnownLevel
instanceKlass org/eclipse/sisu/inject/MildKeys$Weak
instanceKlass java/lang/invoke/MethodType$ConcurrentWeakInternSet$WeakEntry
instanceKlass java/lang/ThreadLocal$ThreadLocalMap$Entry
instanceKlass java/util/WeakHashMap$Entry
ciInstanceKlass java/lang/ref/WeakReference 1 1 31 10 7 12 1 1 1 10 12 1 100 1 1 1 1 1 1 1 1 1 1 1 1 1 1 1 1 1 1 1 1
instanceKlass java/lang/ref/Finalizer
ciInstanceKlass java/lang/ref/FinalReference 1 1 47 10 7 12 1 1 1 10 100 12 1 1 1 10 12 1 1 100 1 8 1 10 12 1 1 1 1 1 1 1 1 1 1 1 1 1 1 1 1 1 1 1 1 1 1 1 1
ciInstanceKlass java/lang/ref/Finalizer 1 1 152 9 7 12 1 1 1 10 7 12 1 1 1 9 12 1 1 9 12 1 1 9 12 1 9 12 1 10 12 1 10 12 1 1 9 12 1 1 100 1 10 12 1 100 1 11 100 12 1 1 100 1 10 12 1 100 1 10 12 1 10 100 12 1 1 1 10 100 12 1 1 1 100 1 10 10 12 1 10 7 12 1 1 1 7 1 10 7 1 10 10 7 12 1 1 1 10 12 1 1 10 7 12 1 1 7 1 10 12 1 10 12 1 1 10 12 1 1 10 12 1 1 1 1 1 1 1 1 1 1 1 1 1 1 1 1 1 1 1 1 1 1 1 1 1 1 1 1 1 1 1 1
staticfield java/lang/ref/Finalizer lock Ljava/lang/Object; java/lang/Object
staticfield java/lang/ref/Finalizer $assertionsDisabled Z 1
instanceKlass jdk/internal/ref/PhantomCleanable
instanceKlass jdk/internal/ref/Cleaner
ciInstanceKlass java/lang/ref/PhantomReference 1 1 39 10 100 12 1 1 1 10 7 12 1 1 1 1 1 1 1 1 1 1 1 1 1 1 1 1 1 1 1 1 1 1 1 1 1 1 1 1 1
instanceKlass java/lang/reflect/Executable
instanceKlass java/lang/reflect/Field
ciInstanceKlass java/lang/reflect/AccessibleObject 1 1 398 10 7 12 1 1 1 9 100 12 1 1 1 10 100 12 1 1 1 10 7 12 1 1 10 7 12 1 1 1 10 7 12 1 1 1 10 12 1 1 10 12 1 1 9 12 1 1 100 1 10 7 12 1 1 1 11 12 1 100 1 10 12 1 7 1 100 1 10 12 1 10 12 1 1 7 1 10 7 12 1 1 1 10 12 1 1 7 1 10 12 1 1 100 1 10 10 10 7 12 1 1 1 10 12 1 1 10 12 1 10 12 1 10 12 1 1 10 12 1 8 1 100 1 10 10 12 1 1 8 1 10 12 1 10 12 1 8 1 8 1 8 1 8 1 8 1 8 1 100 1 10 12 1 10 12 1 9 12 1 1 10 12 1 1 10 12 1 10 11 100 1 100 1 8 1 10 10 12 1 10 12 1 1 8 1 10 12 1 8 1 10 12 1 1 10 100 1 8 1 10 11 7 12 1 1 10 12 1 1 10 12 1 1 10 12 1 1 9 12 1 1 7 1 10 12 1 7 1 10 12 1 10 12 1 1 10 7 1 10 12 1 10 12 10 12 1 10 12 1 1 10 12 1 10 12 1 1 10 12 1 9 12 1 10 100 12 1 1 8 1 10 100 12 1 1 1 8 1 10 100 12 1 1 1 9 12 1 100 1 10 7 1 10 10 7 12 1 1 1 7 1 10 10 7 12 1 1 1 7 1 9 12 1 1 1 1 1 1 1 1 1 1 1 1 1 1 1 1 1 1 1 1 1 1 1 1 1 1 1 1 1 1 1 1 1 1 1 1 1 1 1 1 1 1 1 1 1 1 1 1 1 1 1 1 1 1 1 1 1 1 1 1 1 1 1 1 1 1 1 1 1 1 1 1 1 1 1 1 1 1 1 1 1 1 1 1 1
staticfield java/lang/reflect/AccessibleObject reflectionFactory Ljdk/internal/reflect/ReflectionFactory; jdk/internal/reflect/ReflectionFactory
instanceKlass java/lang/reflect/Constructor
instanceKlass java/lang/reflect/Method
ciInstanceKlass java/lang/reflect/Executable 1 1 548 10 7 12 1 1 1 10 7 12 1 1 1 10 7 12 1 1 1 11 7 12 1 1 1 10 7 12 1 1 1 10 12 1 1 10 7 12 1 1 1 10 7 12 1 1 1 10 12 1 8 1 10 10 12 1 1 10 12 1 1 10 7 12 1 1 1 18 12 1 1 11 7 12 1 1 1 8 1 8 1 8 1 10 7 12 1 1 1 11 12 1 1 7 1 8 1 8 1 10 12 1 100 1 8 1 10 12 1 8 1 11 7 12 1 1 1 7 1 10 12 1 1 11 12 1 8 1 18 8 1 10 12 1 10 12 1 1 18 8 1 10 12 1 7 1 10 12 1 10 12 1 11 7 12 1 1 10 12 1 1 8 1 8 1 10 12 1 1 10 12 1 1 10 10 12 1 100 1 10 10 12 1 10 12 1 1 10 7 12 1 1 10 12 1 10 12 1 10 12 1 1 10 7 12 1 1 10 12 1 10 12 1 10 7 12 1 1 1 10 12 1 8 1 10 12 1 10 12 1 3 100 1 8 1 10 12 1 10 12 1 10 10 12 1 10 12 1 1 8 1 8 1 8 1 9 12 1 10 12 1 100 1 8 1 9 12 1 10 12 1 10 12 1 1 10 12 1 1 10 12 1 10 12 10 12 1 7 1 10 12 1 10 12 1 1 100 1 10 100 12 1 1 1 7 1 10 7 12 1 1 1 10 12 1 1 11 7 12 1 1 10 7 12 1 1 10 100 12 1 1 1 10 12 1 1 9 12 1 10 12 1 1 10 12 1 10 12 1 1 9 7 12 1 1 1 10 7 12 1 1 1 10 12 1 10 12 1 1 9 12 1 10 10 10 10 100 12 1 1 1 10 12 1 9 12 1 10 12 1 1 9 12 1 100 1 100 1 1 1 1 1 1 1 1 1 1 1 1 1 1 1 1 1 1 1 1 1 1 1 1 1 1 1 1 1 1 1 1 1 1 100 1 1 1 1 1 1 1 1 100 1 1 1 1 1 1 1 1 1 1 1 1 100 1 1 1 1 1 1 1 1 1 1 1 1 1 1 1 1 1 1 1 1 1 1 1 1 1 1 1 1 1 1 1 1 1 1 1 1 1 1 1 1 1 100 1 1 1 1 1 1 1 1 1 1 1 1 1 1 1 1 1 1 1 1 1 100 1 100 1 1 15 10 7 12 1 1 1 16 15 16 1 16 1 15 10 12 16 1 100 1 1 100 1 100 1 1
ciInstanceKlass java/lang/reflect/Constructor 1 1 433 10 7 12 1 1 1 10 7 12 1 1 9 7 12 1 1 1 10 12 1 1 10 12 1 1 10 7 12 1 1 9 12 1 1 10 7 12 1 1 1 9 12 1 1 9 12 1 1 9 12 1 9 12 1 1 9 12 1 9 12 1 1 9 12 1 1 9 12 1 100 1 8 1 10 12 1 10 12 1 9 12 1 1 10 7 12 1 1 10 7 12 1 1 1 10 12 1 1 10 12 1 1 10 12 1 7 1 100 1 8 1 10 10 12 1 10 12 1 10 12 1 1 10 12 1 1 9 7 12 1 1 1 10 7 12 1 1 10 12 1 1 10 12 1 10 12 1 1 10 7 12 1 1 1 10 100 12 1 1 10 12 1 1 10 12 1 10 100 12 1 1 1 8 1 10 10 12 1 100 1 8 1 10 12 1 10 12 1 1 10 12 1 1 10 12 1 10 12 1 10 12 1 1 10 12 1 1 9 12 1 1 10 12 1 1 10 12 1 1 10 12 1 8 1 10 12 1 1 11 7 12 1 1 1 10 12 1 1 10 12 1 10 12 1 9 12 1 1 10 7 12 1 1 1 10 12 1 1 10 12 1 1 10 12 1 1 10 12 1 1 10 12 1 9 100 12 1 1 10 12 1 10 12 1 10 12 1 100 1 8 1 10 10 12 1 1 10 12 1 10 10 12 1 1 10 12 1 1 10 100 12 1 1 1 11 100 12 1 1 1 10 12 1 1 9 100 12 1 1 1 10 100 12 1 1 1 10 12 1 1 1 1 1 1 1 1 1 1 1 1 1 1 1 1 1 1 1 1 1 1 1 1 1 1 1 1 1 1 1 1 1 1 1 1 1 1 1 1 1 1 1 1 1 1 1 1 1 1 1 100 1 100 1 100 1 100 1 1 1 1 1 1 1 1 1 1 1 1 1 1 1 1 1 1 1 1 1 1 1 1 1 1 1 1 1 1 1 1 1 100 1 1
ciInstanceKlass java/lang/reflect/Method 1 1 450 9 7 12 1 1 1 10 7 12 1 1 1 10 7 12 1 1 9 12 1 1 10 12 1 1 10 12 1 1 10 7 12 1 1 10 7 12 1 1 1 9 12 1 1 9 12 1 9 12 1 1 9 12 1 9 12 1 9 12 1 1 9 12 1 9 12 1 1 9 12 1 9 12 1 9 12 1 1 7 1 8 1 10 12 1 10 12 1 9 12 1 1 8 1 10 7 12 1 1 10 7 12 1 1 1 10 12 1 1 10 12 1 1 10 12 1 10 12 1 1 10 12 1 1 9 7 12 1 1 1 10 12 1 1 10 12 10 7 12 1 1 10 12 1 1 10 12 1 10 12 1 10 12 1 10 7 12 1 1 1 10 12 1 1 10 7 1 10 7 12 1 1 1 10 7 12 1 1 10 12 1 1 10 12 1 1 10 12 1 10 7 12 1 1 1 10 12 1 10 8 1 10 12 1 10 12 1 7 1 8 1 8 1 8 1 10 12 1 10 12 1 1 10 12 1 1 10 10 12 1 1 10 12 1 11 7 1 9 12 1 1 10 12 1 1 10 12 1 10 12 1 1 10 12 1 1 11 7 12 1 1 1 10 12 1 10 12 1 10 12 1 10 12 1 10 12 1 9 12 1 1 10 7 12 1 1 1 10 12 1 1 10 7 12 1 1 1 10 7 12 1 1 1 10 7 12 1 1 1 11 7 12 1 1 1 10 7 12 1 1 1 7 1 100 1 100 1 10 12 1 10 12 1 1 10 12 1 100 1 8 1 10 12 1 10 10 12 1 1 10 12 1 1 10 12 1 1 10 12 1 1 8 1 10 12 1 1 1 1 1 1 1 1 1 1 1 1 1 1 1 1 1 1 1 1 1 1 1 1 1 1 1 1 1 1 1 1 1 1 1 1 1 1 1 1 1 1 1 1 1 1 1 1 1 1 1 1 1 100 1 7 1 7 1 1 1 1 1 1 1 1 1 1 1 1 1 1 1 1 1 1 1 1 1 1 1 1 1 1
ciInstanceKlass java/lang/reflect/Field 1 1 437 9 7 12 1 1 1 10 12 1 1 10 7 12 1 1 1 10 7 12 1 1 9 12 1 1 10 12 1 1 10 12 1 1 10 7 12 1 1 10 7 12 1 1 1 9 12 1 1 9 12 1 9 12 1 9 12 1 1 9 12 1 1 9 12 1 9 12 1 1 9 12 1 1 100 1 8 1 10 12 1 10 12 1 9 12 1 1 9 12 1 10 12 1 10 7 12 1 1 10 12 1 1 10 12 1 1 10 12 1 10 12 1 1 7 1 10 12 1 1 10 12 1 1 10 12 1 1 10 12 1 10 12 1 10 7 1 10 7 12 1 1 100 1 10 8 1 10 12 1 1 10 12 1 1 8 1 10 12 10 12 1 8 1 8 1 10 11 100 1 9 12 1 10 12 1 1 10 12 1 1 11 7 12 1 1 1 11 12 1 1 11 12 1 1 11 12 1 1 11 12 1 1 11 12 1 1 11 12 1 1 11 12 1 1 11 12 1 1 11 12 1 1 11 12 1 1 11 12 1 1 11 12 1 1 11 12 1 1 11 12 1 1 11 12 1 1 11 12 1 1 11 12 1 1 10 12 1 10 100 12 1 1 10 12 1 10 12 1 1 10 12 9 12 1 1 10 7 12 1 1 1 10 12 1 1 10 7 12 1 1 10 12 1 1 11 7 1 10 12 1 7 1 10 100 12 1 1 1 10 7 12 1 1 1 9 12 1 10 7 12 1 1 1 11 7 12 1 1 1 10 12 1 1 10 12 1 1 9 7 12 1 1 1 10 7 12 1 1 1 10 12 1 1 100 1 1 1 1 1 1 1 1 1 1 1 1 1 1 1 1 1 1 1 1 1 1 1 1 1 1 1 1 1 1 1 1 1 1 1 100 1 1 1 1 1 1 1 1 1 1 1 1 1 1 1 1 1 1 1 1 1 1 1 1 1 1 1 1 1 1 1 1 1 1 100 1 1 1 1 1 1 1 1 100 1 1
ciInstanceKlass java/lang/reflect/Parameter 1 1 226 10 7 12 1 1 1 9 7 12 1 1 1 9 12 1 1 9 12 1 1 9 12 1 10 12 1 1 10 12 1 1 10 7 12 1 1 1 100 1 10 10 12 1 1 11 100 12 1 1 1 10 12 1 10 100 12 1 1 1 10 12 1 1 10 12 1 10 12 1 8 1 8 1 10 7 12 1 1 1 10 12 1 10 12 10 12 1 8 1 10 12 1 9 12 1 1 10 12 1 1 9 12 1 1 10 12 1 1 10 12 1 1 10 12 1 1 10 12 1 10 10 12 1 10 7 12 1 1 1 10 12 1 1 11 7 12 1 1 10 7 12 1 1 7 1 10 100 12 1 1 1 10 12 1 1 10 12 1 1 10 12 1 1 10 12 1 1 9 12 1 7 1 10 11 12 1 1 11 12 1 1 100 1 1 1 1 1 1 1 1 1 1 1 1 1 1 1 1 1 1 1 1 1 1 1 1 1 1 1 1 1 1 1 1 1 1 1 1 1 1 100 1 1 1 1
ciInstanceKlass java/lang/StringBuffer 1 1 470 10 7 12 1 1 1 10 12 1 10 12 1 10 12 1 1 9 7 12 1 1 1 10 12 1 1 10 12 1 10 12 1 1 9 12 1 1 10 12 1 10 12 1 1 10 12 1 1 10 12 1 10 12 1 1 10 12 1 10 12 1 1 10 12 1 1 10 100 12 1 1 1 10 12 1 1 10 12 1 10 12 1 10 12 1 10 12 1 10 12 1 10 12 1 10 12 1 10 12 1 10 12 1 10 12 1 10 12 1 10 12 1 10 12 1 10 12 1 1 10 12 1 10 12 1 1 10 12 1 1 10 10 12 1 1 10 12 1 10 12 1 10 12 1 10 12 1 10 12 1 10 12 1 10 12 10 12 1 10 12 1 10 12 1 10 12 1 1 10 12 1 10 12 1 10 10 12 1 1 10 12 1 1 9 12 1 1 10 7 12 1 1 1 10 100 1 10 10 100 12 1 1 1 10 10 12 1 10 8 10 100 12 1 1 1 8 10 12 1 8 1 10 12 1 10 12 1 10 100 12 1 1 1 10 100 12 1 1 1 7 1 10 12 100 1 8 1 10 10 12 1 1 10 12 1 1 10 12 1 1 10 12 1 10 12 1 10 12 1 10 12 1 10 12 1 10 12 1 10 12 1 10 12 1 10 12 1 10 12 1 10 12 1 10 12 1 10 12 1 10 12 1 10 12 1 10 12 1 10 12 10 12 10 12 1 10 12 1 10 12 1 10 12 10 12 1 10 12 1 10 12 1 10 12 1 10 12 1 10 12 1 10 12 1 10 12 1 10 12 1 10 12 1 10 12 1 7 1 10 12 1 9 7 12 1 1 1 9 7 1 9 12 1 1 100 1 100 1 100 1 1 1 1 5 0 1 1 1 1 1 1 1 1 1 1 1 1 1 1 1 1 1 1 1 1 1 1 1 1 1 1 1 1 1 1 1 1 1 1 1 1 1 1 1 1 1 1 1 1 1 1 1 1 1 1 1 1 1 1 1 1 1 1 1 1 100 1 1 1 1 1 100 1 1 1 1 1 1 1 1 1 1 1 1 1 1 1 1 1
staticfield java/lang/StringBuffer serialPersistentFields [Ljava/io/ObjectStreamField; 3 [Ljava/io/ObjectStreamField;
instanceKlass java/lang/StringBuilder
instanceKlass java/lang/StringBuffer
ciInstanceKlass java/lang/AbstractStringBuilder 1 1 547 7 1 7 1 10 7 12 1 1 1 9 7 12 1 1 1 9 12 1 9 12 1 1 9 12 1 1 10 7 12 1 1 1 10 12 1 1 3 3 10 12 1 10 12 1 1 11 7 1 100 1 100 1 10 8 1 10 12 1 10 12 1 10 12 1 1 10 12 1 10 12 1 10 12 1 9 12 1 1 10 12 1 1 10 7 12 1 1 1 10 10 12 1 10 12 1 10 12 1 1 10 12 1 1 10 7 12 1 1 1 10 7 12 1 1 1 100 1 8 1 10 10 12 1 1 100 1 10 12 10 12 1 1 10 10 12 1 1 10 12 1 1 10 12 1 1 10 12 1 1 100 1 10 10 12 1 10 100 12 1 1 1 10 12 1 1 10 12 1 10 12 1 1 10 10 12 1 1 10 12 10 12 1 10 12 1 1 10 12 1 1 10 12 1 1 10 12 1 10 10 12 1 1 10 12 1 10 12 1 1 8 1 10 12 1 1 10 12 1 10 12 1 10 12 1 10 12 1 10 12 1 10 12 1 10 7 12 1 1 10 12 1 10 12 1 10 100 12 1 1 1 10 12 1 10 12 1 10 12 1 10 12 1 10 12 1 1 10 12 1 10 12 1 1 10 12 1 1 10 10 7 12 1 1 1 10 12 1 10 12 1 10 12 1 1 10 12 1 10 12 1 10 12 1 10 12 1 10 12 1 10 12 1 10 12 1 10 12 1 10 12 1 1 10 12 1 10 12 1 10 12 10 12 1 1 18 12 1 1 100 1 10 100 12 1 1 1 18 10 12 1 1 10 12 1 10 12 1 1 11 12 1 10 12 1 10 12 1 10 10 12 1 10 8 1 8 1 8 1 10 10 100 1 10 12 1 100 1 10 100 1 10 100 1 1 1 3 1 1 1 1 1 1 1 1 1 1 100 1 1 1 1 1 1 1 1 1 1 1 1 1 1 1 1 1 1 1 1 1 1 1 1 1 1 1 1 1 1 1 1 1 1 1 1 1 1 1 1 1 1 1 1 1 1 1 1 1 1 1 1 1 1 1 1 1 1 1 1 1 1 1 1 1 1 1 1 1 1 1 1 1 1 1 1 1 1 1 1 1 1 1 1 1 1 1 1 1 1 1 1 1 1 1 1 1 100 1 1 100 1 1 1 1 1 100 1 1 1 1 1 1 15 10 100 12 1 1 1 16 1 15 10 12 16 15 10 12 1 1 1 1 100 1 100 1 1
staticfield java/lang/AbstractStringBuilder EMPTYVALUE [B 0
ciMethod java/lang/StringBuffer toString ()Ljava/lang/String; 768 0 4026 0 -1
ciMethod java/lang/StringBuffer <init> ()V 548 0 2301 0 -1
ciMethod java/lang/StringBuffer append (C)Ljava/lang/StringBuffer; 1024 0 148402 0 -1
ciMethod java/lang/StringBuffer append (Ljava/lang/String;)Ljava/lang/StringBuffer; 1024 0 55620 0 -1
ciInstanceKlass java/lang/SecurityManager 1 1 576 10 7 12 1 1 1 9 7 12 1 1 1 10 100 12 1 1 1 100 1 8 1 10 12 1 10 12 1 1 10 100 12 1 1 1 10 100 1 10 100 1 10 9 100 12 1 1 1 10 7 12 1 1 1 10 12 1 1 10 7 12 1 1 100 1 8 1 10 9 12 1 1 9 12 1 8 1 9 12 1 100 1 10 8 1 10 12 1 1 10 12 1 10 12 1 1 100 1 10 10 12 1 1 100 1 8 1 10 12 1 8 1 8 1 8 1 8 1 8 1 8 1 10 12 1 8 1 8 1 8 1 8 1 8 1 10 100 12 1 1 1 10 12 1 1 8 1 100 1 8 1 10 8 1 8 1 8 1 8 1 8 1 10 100 12 1 1 8 1 100 1 8 1 8 1 10 8 1 10 12 1 100 1 8 1 10 10 12 1 1 10 12 1 10 12 1 10 12 1 10 7 12 1 1 1 10 12 1 10 7 12 1 1 11 7 12 1 1 1 18 12 1 1 11 7 12 1 1 1 18 12 1 1 11 12 1 1 18 18 11 12 1 18 12 1 11 12 1 1 9 12 1 1 9 12 1 9 12 1 9 12 1 7 1 10 7 12 1 1 10 12 1 10 12 1 18 12 1 18 10 7 12 1 1 1 18 12 1 10 12 1 18 18 8 1 10 12 1 9 12 1 1 11 7 12 1 1 1 8 1 100 1 10 12 1 10 12 1 1 10 12 1 1 9 12 1 1 10 12 1 10 12 1 1 8 1 100 1 10 9 12 1 8 1 10 12 1 8 1 100 1 10 10 7 12 1 1 10 7 1 9 7 12 1 1 1 11 12 1 1 10 12 1 11 12 1 10 12 1 7 1 10 10 12 1 1 10 12 1 1 1 1 1 1 1 1 1 1 1 100 1 1 1 1 1 1 1 1 1 1 1 1 1 1 1 1 1 1 1 1 1 1 1 1 1 1 1 1 1 1 1 1 1 1 1 1 1 1 1 1 1 1 1 1 1 1 1 1 1 1 1 1 1 1 1 1 3 1 1 1 1 1 1 1 1 1 1 100 1 1 1 1 1 1 1 1 1 1 1 1 1 1 1 1 1 1 1 1 1 1 1 1 1 1 1 1 1 1 1 1 1 1 1 1 1 1 15 10 7 12 1 1 1 16 15 10 7 12 1 1 1 16 1 16 15 10 12 16 1 15 10 12 16 15 11 7 1 16 1 16 1 15 10 12 16 15 10 12 16 15 10 12 1 16 1 15 11 12 1 15 10 12 16 15 10 16 1 1 1 1 100 1 100 1 1
staticfield java/lang/SecurityManager packageAccessLock Ljava/lang/Object; java/lang/Object
staticfield java/lang/SecurityManager packageDefinitionLock Ljava/lang/Object; java/lang/Object
staticfield java/lang/SecurityManager nonExportedPkgs Ljava/util/Map; java/util/concurrent/ConcurrentHashMap
instanceKlass org/mule/runtime/ast/internal/builder/ComponentLocationVisitor$BadCustomModelPropertyConfigException
instanceKlass org/mule/apache/xerces/xs/XSException
instanceKlass org/w3c/dom/events/EventException
instanceKlass org/mule/apache/xerces/parsers/AbstractDOMParser$Abort
instanceKlass org/mule/apache/xerces/impl/xpath/regex/ParseException
instanceKlass org/mule/apache/xerces/impl/dv/xs/SchemaDateTimeException
instanceKlass org/mule/apache/xerces/impl/dv/DVFactoryException
instanceKlass java/util/MissingResourceException
instanceKlass org/w3c/dom/DOMException
instanceKlass org/mule/apache/xerces/xni/XNIException
instanceKlass org/mule/modules/cors/configuration/exception/CorsConfigurationException
instanceKlass org/mule/db/commons/api/exception/connection/ConnectionCommitException
instanceKlass org/mule/db/commons/api/exception/connection/ConnectionClosingException
instanceKlass org/mule/runtime/module/extension/api/resources/documentation/ExtensionDescriptionSerializerException
instanceKlass java/lang/reflect/MalformedParameterizedTypeException
instanceKlass org/jgrapht/alg/cycle/CycleDetector$CycleDetectedException
instanceKlass java/lang/EnumConstantNotPresentException
instanceKlass org/mule/runtime/module/extension/internal/runtime/exception/IllegalComponentException
instanceKlass org/mule/runtime/extension/api/exception/IllegalModelDefinitionException
instanceKlass org/mule/runtime/module/artifact/api/descriptor/InvalidDependencyVersionException
instanceKlass org/mule/runtime/module/artifact/activation/api/plugin/PluginResolutionError
instanceKlass com/google/common/cache/CacheLoader$InvalidCacheLoadException
instanceKlass com/google/common/util/concurrent/UncheckedExecutionException
instanceKlass org/mule/runtime/module/artifact/api/descriptor/ArtifactDescriptorCreateException
instanceKlass java/util/concurrent/CompletionException
instanceKlass java/lang/IllegalCallerException
instanceKlass org/mule/runtime/api/exception/MuleRuntimeException
instanceKlass com/sun/tools/javac/util/ClientCodeException
instanceKlass com/sun/tools/javac/util/PropagatedException
instanceKlass com/google/gson/JsonParseException
instanceKlass org/mule/maven/client/api/exception/IncompatibleMulePluginVersionResolutionException
instanceKlass org/mule/maven/pom/parser/api/BundleDescriptorCreationException
instanceKlass org/mule/maven/client/api/BadMavenConfigurationException
instanceKlass org/mule/maven/client/api/BundleDependenciesResolutionException
instanceKlass com/beust/jcommander/ParameterException
instanceKlass de/skuzzle/semantic/Version$VersionFormatException
instanceKlass com/vdurmont/semver4j/SemverException
instanceKlass org/apache/maven/project/DuplicateArtifactAttachmentException
instanceKlass java/time/DateTimeException
instanceKlass org/apache/commons/lang3/exception/CloneFailedException
instanceKlass org/codehaus/plexus/archiver/ArchiverException
instanceKlass org/eclipse/aether/named/support/LockUpgradeNotSupportedException
instanceKlass java/util/ConcurrentModificationException
instanceKlass com/google/inject/internal/aop/GlueException
instanceKlass java/io/UncheckedIOException
instanceKlass org/apache/maven/artifact/InvalidArtifactRTException
instanceKlass com/google/inject/OutOfScopeException
instanceKlass java/lang/annotation/IncompleteAnnotationException
instanceKlass java/lang/reflect/UndeclaredThrowableException
instanceKlass com/google/common/util/concurrent/UncheckedExecutionException
instanceKlass com/google/common/cache/CacheLoader$InvalidCacheLoadException
instanceKlass java/util/NoSuchElementException
instanceKlass com/google/inject/CreationException
instanceKlass com/google/inject/ConfigurationException
instanceKlass com/google/inject/ProvisionException
instanceKlass java/lang/TypeNotPresentException
instanceKlass java/lang/IndexOutOfBoundsException
instanceKlass java/lang/UnsupportedOperationException
instanceKlass java/lang/SecurityException
instanceKlass java/lang/IllegalStateException
instanceKlass java/lang/IllegalArgumentException
instanceKlass java/lang/ArithmeticException
instanceKlass java/lang/NullPointerException
instanceKlass java/lang/IllegalMonitorStateException
instanceKlass java/lang/ArrayStoreException
instanceKlass java/lang/ClassCastException
ciInstanceKlass java/lang/RuntimeException 1 1 40 10 7 12 1 1 1 10 12 1 10 12 1 10 12 1 10 12 1 100 1 1 1 1 5 0 1 1 1 1 1 1 1 1 1 1 1 1 1 1
ciInstanceKlass java/lang/ArithmeticException 1 1 26 10 100 12 1 1 1 10 12 1 100 1 1 1 1 5 0 1 1 1 1 1 1 1 1 1
ciInstanceKlass java/lang/NullPointerException 1 1 52 10 7 12 1 1 1 10 12 1 9 7 12 1 1 1 10 12 1 1 9 12 1 1 10 12 1 1 10 12 1 1 1 1 5 0 1 1 1 1 1 1 1 1 100 1 100 1 100 1 1 1
instanceKlass org/mule/springframework/util/ConcurrentReferenceHashMap
instanceKlass com/github/benmanes/caffeine/cache/BLCHeader$PadDrainStatus
instanceKlass com/google/common/cache/LocalCache
instanceKlass java/util/concurrent/ConcurrentSkipListMap
instanceKlass java/util/stream/Collectors$Partition
instanceKlass com/google/gson/internal/LinkedTreeMap
instanceKlass java/util/Collections$SingletonMap
instanceKlass org/eclipse/sisu/wire/EntryMapAdapter
instanceKlass com/google/common/collect/Maps$ViewCachingAbstractMap
instanceKlass com/google/common/collect/MapMakerInternalMap
instanceKlass org/eclipse/sisu/wire/MergedProperties
instanceKlass com/google/common/cache/LocalCache
instanceKlass java/util/EnumMap
instanceKlass java/util/TreeMap
instanceKlass java/util/IdentityHashMap
instanceKlass java/util/WeakHashMap
instanceKlass java/util/Collections$EmptyMap
instanceKlass sun/util/PreHashedMap
instanceKlass java/util/HashMap
instanceKlass java/util/ImmutableCollections$AbstractImmutableMap
instanceKlass java/util/concurrent/ConcurrentHashMap
ciInstanceKlass java/util/AbstractMap 1 1 192 10 7 12 1 1 1 10 7 12 1 1 1 11 7 12 1 1 1 10 11 12 1 1 11 7 12 1 1 1 11 12 1 1 7 1 11 12 1 10 12 1 1 11 12 1 100 1 10 11 12 1 11 7 1 10 12 1 1 11 12 1 9 12 1 1 7 1 10 12 1 9 12 1 1 7 1 10 11 11 12 1 1 11 12 1 100 1 100 1 11 12 1 8 1 100 1 10 10 12 1 1 8 1 10 12 1 10 12 1 1 10 12 1 1 1 1 1 1 1 1 1 1 1 1 1 1 1 1 1 1 1 1 1 1 1 1 1 1 1 1 1 1 1 1 1 1 1 1 1 1 1 1 100 1 1 1 1 1 1 1 1 1 1 1 1 1 1 1 1 7 1 1 1 1 1 1 1 1 1 100 1 100 1 100 1 100 1 1 1 1 1
ciInstanceKlass java/security/AccessControlContext 1 1 373 9 7 12 1 1 1 9 12 1 1 10 100 12 1 1 1 8 1 10 100 12 1 1 1 10 7 12 1 1 1 9 12 1 9 12 1 1 9 12 1 1 10 7 12 1 1 100 1 10 12 1 11 100 12 1 1 1 11 12 1 11 12 1 11 12 1 1 7 1 11 12 1 1 10 12 1 10 7 12 1 1 1 9 100 12 1 1 1 10 100 12 1 1 1 11 100 12 1 1 1 10 7 1 100 1 8 1 10 12 1 10 12 1 1 7 1 10 7 12 1 1 1 9 12 1 9 12 1 9 12 1 9 12 1 1 9 12 1 1 9 12 1 9 12 1 10 7 12 1 1 1 9 12 1 10 12 1 1 10 12 1 1 8 1 10 12 1 1 10 12 1 1 10 100 12 1 1 1 100 1 10 10 12 1 1 10 100 12 1 1 1 10 8 1 10 100 12 1 1 8 1 10 100 12 1 1 8 1 8 1 10 12 1 8 1 10 12 1 8 1 10 12 1 10 12 1 10 12 1 1 8 1 8 1 100 1 10 12 1 10 12 1 1 100 1 10 12 1 8 1 10 12 1 10 12 1 10 8 1 10 12 1 1 10 12 1 1 10 12 1 1 10 12 1 1 10 12 1 10 12 1 10 12 1 10 12 1 1 10 10 10 12 1 1 1 1 1 1 1 1 1 1 1 1 1 1 1 1 1 1 1 1 1 1 1 1 100 1 1 1 1 1 1 1 1 1 1 1 1 1 1 1 1 1 1 1 1 1 1 1 1 1 1 1 1 1 1 1 1 1 1 1 1 1 1 1 1 1 1 1 1 1 1 1 1 1 1 1 1 3 1 1
ciInstanceKlass java/net/URL 1 1 743 10 7 12 1 1 1 10 12 1 10 7 12 1 1 9 12 1 1 9 12 1 10 100 12 1 1 1 10 12 1 1 10 12 1 1 9 12 1 1 10 7 12 1 1 1 8 1 10 12 1 1 100 1 10 10 12 1 1 8 1 10 12 1 1 9 12 1 100 1 8 1 10 12 1 10 12 1 8 1 9 12 1 10 12 1 1 9 12 1 10 12 1 10 12 1 9 12 1 9 12 1 8 1 9 12 1 10 12 1 1 8 1 9 12 1 1 10 12 1 1 10 7 12 1 1 1 8 1 10 12 1 7 1 10 12 1 10 12 1 10 12 1 10 12 1 1 10 12 1 1 8 1 10 12 1 1 10 12 1 8 1 9 12 1 8 1 10 12 1 10 7 12 1 1 1 100 1 10 12 1 10 12 1 1 10 7 12 1 1 1 100 1 8 1 10 10 12 1 8 1 10 12 1 1 10 12 1 10 12 1 10 12 1 10 12 1 10 12 1 8 1 10 12 1 10 10 7 12 1 1 1 10 12 1 9 100 12 1 1 1 10 100 12 1 1 1 9 12 1 1 10 12 1 10 100 12 1 1 1 100 1 100 1 10 12 1 10 12 1 10 12 1 10 12 1 10 12 1 10 12 10 10 10 12 1 100 1 10 12 1 10 12 1 1 8 1 9 100 12 1 1 1 10 100 12 1 1 1 10 12 1 1 9 100 12 1 1 1 10 12 1 1 100 1 10 12 1 10 12 1 10 10 12 1 1 10 12 1 1 10 12 1 10 12 1 10 12 1 10 7 12 1 1 1 10 12 1 1 10 12 1 9 12 1 1 9 12 1 1 100 1 8 1 10 10 12 1 9 12 1 1 10 7 12 1 1 8 1 10 7 12 1 1 8 1 10 12 1 1 10 12 1 8 1 8 1 10 7 12 1 1 1 100 1 10 100 12 1 1 1 10 12 1 10 12 1 7 1 10 9 12 1 1 10 7 12 1 1 8 1 10 12 1 1 7 1 10 10 7 12 1 1 1 8 9 100 12 1 1 1 10 12 1 10 12 1 10 12 1 10 12 1 10 7 12 1 1 11 7 12 1 1 10 12 1 10 12 1 9 12 1 10 12 1 1 10 100 12 1 1 10 100 12 1 1 1 8 10 100 12 1 1 100 1 10 8 8 10 12 1 8 8 8 100 1 10 12 1 9 12 1 1 10 12 1 10 12 1 1 10 12 1 10 12 10 12 1 1 10 12 1 1 10 10 10 12 1 10 12 1 10 12 1 10 12 1 10 12 1 10 10 12 1 100 1 8 1 10 10 10 12 1 1 10 12 1 10 12 1 1 8 1 7 1 10 10 10 7 1 10 12 1 9 7 12 1 1 1 9 12 1 1 7 1 10 10 7 12 1 1 1 100 1 1 1 1 1 5 0 1 1 1 1 1 1 1 1 1 1 1 1 1 1 1 1 1 1 1 1 1 1 1 1 1 1 1 1 1 1 1 1 1 1 1 1 1 1 1 100 1 1 1 1 1 1 1 1 1 1 1 1 1 1 1 1 1 1 1 1 1 1 1 1 1 1 1 1 1 1 1 1 1 1 1 1 1 100 1 1 1 1 1 1 1 1 1 1 1 1 1 1 1 1 100 1 1 1 1 1 1 1 1 1 1 1 1 1 1 1 1 1 1
staticfield java/net/URL defaultFactory Ljava/net/URLStreamHandlerFactory; java/net/URL$DefaultFactory
staticfield java/net/URL streamHandlerLock Ljava/lang/Object; java/lang/Object
staticfield java/net/URL serialPersistentFields [Ljava/io/ObjectStreamField; 7 [Ljava/io/ObjectStreamField;
instanceKlass org/codehaus/plexus/archiver/jar/Manifest
ciInstanceKlass java/util/jar/Manifest 1 1 336 10 7 12 1 1 1 7 1 10 9 7 12 1 1 1 7 1 10 9 12 1 1 9 12 1 1 10 12 1 10 12 1 1 10 12 1 1 10 12 1 1 10 12 1 1 11 7 1 11 12 1 1 10 12 1 1 10 100 12 1 1 1 100 1 100 1 10 8 1 10 12 1 1 10 12 1 1 10 12 1 10 12 1 11 100 1 10 12 1 10 12 1 1 11 12 1 1 10 12 1 11 12 1 1 11 100 12 1 1 1 11 100 12 1 1 11 12 1 1 100 1 10 12 1 8 1 11 12 1 7 1 10 12 1 1 11 12 1 10 12 1 10 12 1 10 100 12 1 1 1 8 1 10 12 1 1 10 9 7 12 1 1 1 10 12 1 1 10 100 12 1 10 12 1 10 12 1 9 100 12 1 1 1 8 1 10 12 1 8 1 8 1 7 1 10 12 1 10 12 1 10 12 1 1 100 1 8 1 10 12 1 1 8 1 10 10 12 1 1 8 1 10 12 1 1 10 100 12 1 1 1 10 12 1 10 11 12 1 1 10 12 1 10 7 12 1 1 1 10 12 1 1 10 12 1 1 11 10 12 1 11 10 12 1 100 1 1 1 1 1 1 1 1 1 1 1 1 1 1 1 1 1 1 1 1 1 1 1 1 1 1 1 1 1 1 1 1 1 1 1 1 1 1 1 1 1 1 1 100 1 1 1 1 1 1 1 1 1 1 1 1 1 1 100 1 1 1 1 1 1 1 1 1 1 1
instanceKlass com/github/benmanes/caffeine/cache/AbstractLinkedDeque
instanceKlass java/util/concurrent/ConcurrentLinkedDeque
instanceKlass com/google/common/collect/ImmutableCollection
instanceKlass java/util/AbstractMap$2
instanceKlass org/eclipse/sisu/inject/MildElements
instanceKlass org/eclipse/sisu/inject/MildValues$1
instanceKlass com/google/common/collect/AbstractMapBasedMultimap$WrappedCollection
instanceKlass com/google/common/collect/Maps$Values
instanceKlass com/google/common/collect/AbstractMultimap$Values
instanceKlass java/util/TreeMap$Values
instanceKlass com/google/common/collect/ImmutableCollection
instanceKlass java/util/IdentityHashMap$Values
instanceKlass java/util/HashMap$Values
instanceKlass java/util/AbstractQueue
instanceKlass java/util/LinkedHashMap$LinkedValues
instanceKlass java/util/ArrayDeque
instanceKlass java/util/AbstractSet
instanceKlass java/util/ImmutableCollections$AbstractImmutableCollection
instanceKlass java/util/AbstractList
ciInstanceKlass java/util/AbstractCollection 1 1 160 10 7 12 1 1 1 10 7 12 1 1 1 10 12 1 1 11 7 12 1 1 1 11 12 1 1 10 12 1 1 10 100 12 1 1 1 10 12 1 1 10 12 1 1 10 7 12 1 1 10 7 12 1 1 1 7 1 10 100 12 1 1 1 10 100 12 1 1 1 100 1 10 11 12 1 11 7 1 10 12 1 10 12 1 10 7 12 1 1 1 11 8 1 100 1 10 10 12 1 1 8 1 10 12 1 10 12 1 1 1 1 1 1 1 1 1 1 1 1 1 1 1 1 1 1 1 1 1 1 1 1 1 1 1 1 1 1 1 1 1 1 1 1 1 1 1 1 1 1 1 1 1 1 1 1 1 1 1 1
instanceKlass org/mule/apache/xerces/impl/xs/util/ShortListImpl
instanceKlass org/mule/apache/xerces/impl/dv/xs/ListDV$ListData
instanceKlass org/mule/apache/xerces/impl/xs/util/XSObjectListImpl
instanceKlass org/glassfish/jaxb/runtime/v2/util/CollisionCheckStack
instanceKlass org/glassfish/jaxb/runtime/v2/model/impl/ElementPropertyInfoImpl$1
instanceKlass net/bytebuddy/description/method/ParameterDescription$Token$TypeList
instanceKlass java/util/AbstractList$SubList
instanceKlass net/bytebuddy/matcher/FilterableList$AbstractBase
instanceKlass net/bytebuddy/matcher/FilterableList$Empty
instanceKlass java/util/Collections$CopiesList
instanceKlass org/apache/maven/project/MavenProject$LoggingList
instanceKlass org/eclipse/aether/util/graph/visitor/Stack
instanceKlass org/apache/maven/model/merge/ModelMerger$MergingList
instanceKlass java/util/ArrayList$SubList
instanceKlass sun/security/jca/ProviderList$3
instanceKlass com/google/common/collect/Lists$TransformingRandomAccessList
instanceKlass java/util/Collections$SingletonList
instanceKlass java/util/AbstractSequentialList
instanceKlass java/util/Vector
instanceKlass java/util/Arrays$ArrayList
instanceKlass java/util/Collections$EmptyList
instanceKlass java/util/ArrayList
ciInstanceKlass java/util/AbstractList 1 1 218 10 7 12 1 1 1 9 7 12 1 1 1 10 12 1 1 10 12 1 1 100 1 10 10 12 1 1 11 7 12 1 1 1 11 12 1 1 11 12 1 10 7 12 1 1 1 10 12 1 11 12 1 11 12 1 11 12 1 10 12 1 1 10 12 1 1 11 100 12 1 1 1 11 7 1 11 7 1 10 12 1 7 1 10 12 1 10 12 1 1 7 1 100 1 10 12 1 7 1 10 100 1 100 1 10 8 1 10 12 1 1 10 12 1 10 12 1 1 10 12 1 8 1 100 1 8 1 8 1 8 1 10 7 1 11 10 10 12 1 11 12 1 10 12 1 1 8 1 8 1 1 1 1 1 1 1 1 1 1 1 1 1 1 1 1 1 1 1 1 1 1 1 1 1 1 1 1 1 1 1 1 1 1 1 1 1 1 1 1 1 1 1 1 1 1 1 1 1 1 1 1 1 1 1 1 1 1 100 1 100 1 1 1 1 1 1 1
ciInstanceKlass java/lang/AssertionStatusDirectives 0 0 24 10 100 12 1 1 1 100 1 1 1 1 1 1 1 1 1 1 1 1 1 1 1 1
ciInstanceKlass java/lang/invoke/MethodHandleNatives$CallSiteContext 1 1 49 10 7 12 1 1 1 7 1 10 10 7 12 1 1 1 10 7 12 1 1 1 10 7 12 1 1 1 100 1 1 1 1 1 1 1 1 1 1 1 1 1 1 1 1 1 100 1 1
ciInstanceKlass jdk/internal/invoke/NativeEntryPoint 0 0 92 10 100 12 1 1 1 9 100 12 1 1 1 10 100 12 1 1 1 100 1 9 12 1 9 12 1 9 12 1 1 9 12 1 1 9 12 1 1 100 1 8 1 10 12 1 11 100 12 1 1 1 10 12 1 1 10 12 1 11 100 12 1 1 11 12 1 10 12 1 1 10 12 1 1 1 1 1 1 1 1 1 1 1 1 1 1 1 1 1 1 1
instanceKlass java/lang/invoke/VolatileCallSite
instanceKlass java/lang/invoke/MutableCallSite
instanceKlass java/lang/invoke/ConstantCallSite
ciInstanceKlass java/lang/invoke/CallSite 1 1 302 10 7 12 1 1 1 10 7 12 1 1 1 9 7 12 1 1 1 10 12 1 1 9 12 1 1 10 7 12 1 1 1 10 12 1 100 1 10 12 1 1 10 12 1 1 9 100 12 1 1 1 10 100 12 1 1 10 12 1 1 100 1 100 1 10 10 100 12 1 1 1 10 12 1 1 8 1 10 12 1 10 12 1 1 10 12 1 10 12 1 1 10 12 1 1 10 10 100 12 1 1 10 12 1 1 9 12 1 9 100 12 1 1 1 8 1 10 7 12 1 1 1 10 12 1 1 100 1 10 12 1 1 9 12 1 8 1 100 1 10 12 1 10 12 1 100 1 8 1 10 10 12 1 10 12 1 1 100 1 10 12 1 1 10 12 1 10 12 1 10 12 1 1 10 12 1 1 9 12 1 1 8 10 12 1 1 9 12 1 1 100 1 10 10 12 1 10 100 12 1 1 1 10 12 1 1 10 12 1 1 10 12 1 10 7 12 1 1 1 100 1 8 1 10 10 12 10 12 1 1 100 1 100 1 100 1 8 1 10 12 1 10 7 12 1 1 1 1 1 1 1 1 1 1 1 1 1 1 1 1 1 1 1 1 1 1 1 1 1 1 1 1 1 1 1 1 1 1 1 1 1 1 1 1 1 1 1 1 1 1 1 1 1 1 1 1 1 1 1 1 1
staticfield java/lang/invoke/CallSite $assertionsDisabled Z 1
ciInstanceKlass java/lang/invoke/VolatileCallSite 0 0 37 10 100 12 1 1 1 10 12 1 10 100 12 1 1 1 10 12 1 10 12 1 1 1 1 1 1 1 1 1 1 1 1 1 1 1 1
ciInstanceKlass java/lang/invoke/MethodType 1 1 771 7 1 10 7 12 1 1 1 9 12 1 1 9 12 1 1 9 12 1 1 10 7 12 1 1 1 9 7 12 1 1 8 1 10 100 12 1 1 1 9 7 1 9 7 1 10 12 1 1 100 1 10 8 1 10 12 1 1 10 12 1 10 12 1 1 100 1 8 1 10 12 1 100 1 10 10 12 1 10 12 1 1 10 12 1 1 11 7 12 1 1 1 9 12 1 11 12 1 1 7 7 1 10 7 12 1 1 1 10 12 1 9 12 1 1 10 7 12 1 1 10 12 1 1 10 7 12 1 1 1 10 7 12 1 1 1 10 12 1 9 12 1 1 10 12 1 1 7 1 10 12 1 1 10 12 1 1 10 12 1 1 10 12 1 1 10 12 1 1 10 12 1 10 12 1 10 12 1 1 10 12 1 8 1 8 1 10 12 1 1 9 12 1 1 100 1 10 10 12 1 1 10 12 1 10 12 1 1 10 12 1 1 10 12 1 10 12 1 1 10 12 1 8 1 10 12 1 1 10 100 12 1 1 1 10 12 1 10 12 1 1 10 12 1 10 12 1 10 12 1 1 10 12 1 10 12 1 9 12 1 10 12 1 10 10 12 1 1 10 12 1 9 12 1 1 10 12 1 1 10 12 1 1 10 12 1 1 10 12 1 1 7 1 10 12 10 12 1 10 12 1 100 1 8 1 8 1 8 1 10 12 1 10 12 1 10 12 1 10 11 12 1 1 11 12 1 10 100 12 1 1 1 9 12 1 10 12 1 10 12 1 1 10 12 1 1 10 12 1 10 12 1 10 100 12 1 1 1 10 12 1 1 10 12 1 10 12 1 10 12 1 10 9 12 1 1 7 1 10 12 1 10 12 1 1 9 100 12 1 1 1 10 100 12 1 1 1 10 100 12 1 1 1 10 12 1 1 10 100 12 1 1 1 10 12 1 1 8 1 10 7 12 1 1 1 11 12 1 1 9 12 1 1 10 12 1 1 10 12 1 10 12 1 1 10 12 1 1 10 100 12 1 1 100 1 10 12 1 1 11 100 12 1 1 1 18 12 1 1 11 12 1 1 18 12 1 11 12 1 100 1 11 100 12 1 1 10 12 1 100 1 10 12 1 10 100 12 1 1 10 12 1 1 9 12 1 1 9 100 12 1 1 1 10 100 12 1 1 1 9 12 1 10 100 12 1 1 10 12 1 100 10 12 1 1 10 12 1 10 7 1 7 1 9 12 1 1 100 1 100 1 100 1 1 1 5 0 1 1 1 1 1 1 1 3 1 3 1 3 1 1 1 1 1 1 1 1 1 1 1 1 1 1 1 1 1 1 1 1 1 1 1 1 1 1 1 1 1 1 1 1 1 1 1 1 1 1 1 1 1 1 1 1 1 1 1 1 1 1 1 1 1 1 1 1 1 1 1 1 1 1 1 1 1 1 1 1 1 1 1 1 1 1 1 1 1 1 1 1 1 1 1 1 1 1 1 1 1 1 1 1 1 1 1 1 1 1 1 1 1 1 1 1 1 1 1 1 1 1 1 1 1 1 1 1 1 1 1 1 1 1 1 1 1 1 1 7 1 7 1 1 1 1 1 1 1 1 1 1 1 1 1 100 1 1 1 100 1 1 1 1 1 1 1 1 1 1 1 1 1 1 1 1 1 1 1 1 1 15 10 100 12 1 1 1 16 15 10 12 16 16 15 10 12 16 1 1 1 1 100 1 1 100 1 1 100 1 100 1 1
staticfield java/lang/invoke/MethodType internTable Ljava/lang/invoke/MethodType$ConcurrentWeakInternSet; java/lang/invoke/MethodType$ConcurrentWeakInternSet
staticfield java/lang/invoke/MethodType NO_PTYPES [Ljava/lang/Class; 0 [Ljava/lang/Class;
staticfield java/lang/invoke/MethodType objectOnlyTypes [Ljava/lang/invoke/MethodType; 20 [Ljava/lang/invoke/MethodType;
staticfield java/lang/invoke/MethodType METHOD_HANDLE_ARRAY [Ljava/lang/Class; 1 [Ljava/lang/Class;
staticfield java/lang/invoke/MethodType serialPersistentFields [Ljava/io/ObjectStreamField; 0 [Ljava/io/ObjectStreamField;
staticfield java/lang/invoke/MethodType $assertionsDisabled Z 1
ciInstanceKlass java/lang/BootstrapMethodError 0 0 45 10 100 12 1 1 1 10 12 1 10 12 1 10 100 12 1 1 1 10 100 12 1 1 1 1 1 1 5 0 1 1 1 1 1 1 1 1 1 1 1 100 1 1 1
ciInstanceKlass jdk/internal/loader/ClassLoaders$AppClassLoader 1 1 119 8 1 10 7 12 1 1 1 10 7 12 1 1 1 10 100 12 1 1 1 10 12 1 1 10 100 12 1 1 1 10 12 1 1 10 12 1 1 7 1 8 1 10 12 10 7 12 1 1 1 10 100 12 1 1 10 12 1 1 10 12 1 1 10 7 12 1 1 1 100 1 10 12 1 1 1 1 1 1 1 1 1 1 1 1 1 1 1 1 1 1 1 1 1 100 1 1 1 1 1 1 1 1 1 1 1 1 1 1 1 1 1 1 1 100 1 1 1
ciInstanceKlass jdk/internal/loader/ClassLoaders$PlatformClassLoader 1 1 42 8 1 10 7 12 1 1 1 10 7 12 1 1 1 100 1 10 12 1 100 1 1 1 1 1 1 1 1 1 1 1 1 1 1 100 1 1 1 100 1 1
ciInstanceKlass java/lang/ArrayStoreException 1 1 26 10 100 12 1 1 1 10 12 1 100 1 1 1 1 5 0 1 1 1 1 1 1 1 1 1
ciInstanceKlass java/lang/ClassCastException 1 1 26 10 100 12 1 1 1 10 12 1 100 1 1 1 1 5 0 1 1 1 1 1 1 1 1 1
ciInstanceKlass java/lang/NoClassDefFoundError 1 1 26 10 7 12 1 1 1 10 12 1 100 1 1 1 1 5 0 1 1 1 1 1 1 1 1 1
ciInstanceKlass java/lang/IllegalMonitorStateException 1 1 26 10 100 12 1 1 1 10 12 1 100 1 1 1 1 5 0 1 1 1 1 1 1 1 1 1
ciInstanceKlass java/lang/StackOverflowError 1 1 26 10 100 12 1 1 1 10 12 1 100 1 1 1 1 5 0 1 1 1 1 1 1 1 1 1
instanceKlass java/lang/StackOverflowError
instanceKlass java/lang/OutOfMemoryError
instanceKlass java/lang/InternalError
ciInstanceKlass java/lang/VirtualMachineError 1 1 34 10 100 12 1 1 1 10 12 1 10 12 1 10 12 1 100 1 1 1 1 5 0 1 1 1 1 1 1 1 1 1 1 1
ciInstanceKlass java/lang/OutOfMemoryError 1 1 26 10 100 12 1 1 1 10 12 1 100 1 1 1 1 5 0 1 1 1 1 1 1 1 1 1
ciInstanceKlass java/lang/InternalError 0 0 34 10 100 12 1 1 1 10 12 1 10 12 1 10 12 1 100 1 1 1 1 5 0 1 1 1 1 1 1 1 1 1 1 1
ciInstanceKlass java/lang/StackTraceElement 1 1 224 10 7 12 1 1 1 10 7 12 1 1 9 12 1 1 9 12 1 1 9 12 1 9 12 1 8 1 10 100 12 1 1 1 7 1 9 12 1 8 1 9 12 1 9 12 1 9 12 1 1 8 1 10 12 1 1 10 12 1 7 1 10 10 12 1 1 8 1 10 12 1 1 10 12 1 8 1 8 1 8 1 10 12 1 8 1 8 1 10 12 1 8 1 8 1 10 12 1 1 10 12 1 10 12 1 1 10 12 1 9 12 1 1 10 7 12 1 1 1 10 12 1 1 7 1 10 12 1 1 10 7 12 1 1 10 7 12 1 1 1 10 7 12 1 1 10 7 12 1 1 10 10 12 1 1 10 12 1 10 12 1 1 100 1 1 1 1 1 3 1 3 1 1 5 0 1 1 1 1 1 1 1 1 1 1 1 1 1 1 1 1 1 1 1 1 1 1 1 1 1 1 100 1 100 1 1 1 1 1 1 1 1 1 1 100 1 1 1 1 1 1 1 1
instanceKlass java/nio/IntBuffer
instanceKlass java/nio/CharBuffer
instanceKlass java/nio/LongBuffer
instanceKlass java/nio/ByteBuffer
ciInstanceKlass java/nio/Buffer 1 1 224 100 1 10 7 12 1 1 1 9 7 12 1 1 1 9 12 1 9 12 1 1 9 12 1 9 12 1 1 10 12 1 1 10 12 1 1 10 12 100 1 100 1 10 8 1 10 12 1 1 10 12 1 8 1 8 1 10 12 1 1 10 12 1 8 1 9 12 1 1 100 1 8 1 10 12 1 8 1 8 1 9 12 10 12 1 8 1 8 1 8 1 10 12 1 8 1 8 1 8 1 100 1 10 100 1 10 100 1 10 100 1 10 10 100 12 1 1 1 10 11 100 12 1 1 10 7 12 1 1 1 10 7 12 1 1 1 9 12 1 1 10 7 12 1 1 1 9 12 1 1 7 1 10 10 7 12 1 1 1 1 1 3 1 1 1 1 1 1 1 1 1 1 1 1 1 1 1 1 1 1 100 1 1 1 1 1 1 1 1 1 1 1 1 1 1 1 1 1 1 1 1 1 1 1 1 1 1 1 1 1 1 1 1 1 1 1 1 1 1 1 1 1 1
staticfield java/nio/Buffer UNSAFE Ljdk/internal/misc/Unsafe; jdk/internal/misc/Unsafe
staticfield java/nio/Buffer SCOPED_MEMORY_ACCESS Ljdk/internal/misc/ScopedMemoryAccess; jdk/internal/misc/ScopedMemoryAccess
staticfield java/nio/Buffer $assertionsDisabled Z 1
ciInstanceKlass jdk/internal/misc/UnsafeConstants 1 1 34 10 100 12 1 1 1 9 7 12 1 1 1 9 12 1 9 12 1 1 9 12 1 9 12 1 1 1 1 1 1 1 1 1
staticfield jdk/internal/misc/UnsafeConstants ADDRESS_SIZE0 I 8
staticfield jdk/internal/misc/UnsafeConstants PAGE_SIZE I 4096
staticfield jdk/internal/misc/UnsafeConstants BIG_ENDIAN Z 0
staticfield jdk/internal/misc/UnsafeConstants UNALIGNED_ACCESS Z 1
staticfield jdk/internal/misc/UnsafeConstants DATA_CACHE_LINE_FLUSH_SIZE I 0
instanceKlass java/lang/invoke/DelegatingMethodHandle
instanceKlass java/lang/invoke/BoundMethodHandle
instanceKlass java/lang/invoke/DirectMethodHandle
ciInstanceKlass java/lang/invoke/MethodHandle 1 1 644 100 1 9 7 12 1 1 1 10 7 12 1 1 1 10 7 12 1 1 1 7 1 7 1 10 12 1 1 9 12 1 1 10 12 1 10 12 1 1 10 12 1 1 10 100 12 1 1 1 10 12 1 1 10 12 1 1 11 100 12 1 1 1 10 12 1 1 10 12 1 10 12 1 9 12 1 1 10 12 1 1 100 1 100 1 10 8 1 10 12 1 1 10 12 1 8 1 10 12 1 1 10 12 1 10 7 12 1 1 1 10 12 1 10 12 1 1 10 12 1 1 10 12 1 1 10 12 1 1 10 7 12 1 1 1 10 7 12 1 1 1 7 1 10 12 1 1 10 12 1 1 10 12 1 1 8 1 10 7 12 1 1 1 8 1 10 12 1 1 10 12 1 1 10 12 1 1 10 12 1 8 1 10 12 1 1 8 1 10 12 1 8 1 10 100 12 1 1 1 9 12 1 1 100 1 10 9 100 12 1 1 1 9 100 1 8 1 10 12 1 1 10 12 1 10 12 1 1 10 12 1 10 12 1 1 10 12 1 10 12 1 1 10 12 1 10 12 1 1 10 12 1 1 8 1 10 12 1 1 8 1 10 12 1 10 12 1 1 10 12 1 10 12 1 10 12 1 1 9 100 12 1 1 1 10 12 1 1 11 12 1 10 12 1 10 12 1 1 10 100 12 1 1 1 100 1 11 12 1 10 100 1 11 12 1 100 1 10 12 1 11 12 1 9 100 12 1 1 1 11 12 1 1 11 100 12 1 1 1 10 12 1 1 9 12 1 11 12 1 9 12 1 9 12 1 9 12 1 11 12 1 1 9 12 1 9 12 1 9 12 1 9 12 1 9 12 1 9 12 1 9 12 1 8 1 10 12 1 10 12 1 8 1 10 12 1 10 12 1 10 10 7 12 1 1 10 12 1 1 100 1 8 1 10 12 1 1 10 12 1 1 10 12 1 10 12 1 100 1 10 100 12 1 1 1 10 12 1 9 7 12 1 1 1 10 12 1 1 10 12 1 1 8 1 9 12 1 9 12 1 1 9 12 1 1 10 12 1 7 1 10 12 1 10 12 1 1 9 12 1 1 9 12 1 1 10 7 12 1 1 1 11 7 12 1 1 9 12 1 10 12 1 1 10 12 1 9 12 1 10 12 1 8 10 12 1 1 8 1 1 1 1 1 1 7 1 1 1 1 1 1 1 1 1 1 1 1 1 1 1 1 1 1 1 1 1 1 1 1 1 1 1 1 1 1 1 1 1 1 1 1 1 1 1 1 1 1 1 1 1 1 1 1 1 1 1 1 1 1 1 1 1 1 1 1 1 1 1 1 1 1 1 1 1 100 1 1 1 1 1 1 1 1 1 100 1 1 1 1 1 1 1 1 1 1 1 1 1 1 1 1 1 1 1 1 1 1 1 1 1 1 1 100 1 1 100 1 1 100 1 1 1 1
staticfield java/lang/invoke/MethodHandle FORM_OFFSET J 20
staticfield java/lang/invoke/MethodHandle UPDATE_OFFSET J 13
staticfield java/lang/invoke/MethodHandle $assertionsDisabled Z 1
instanceKlass java/lang/invoke/DirectMethodHandle$Special
instanceKlass java/lang/invoke/DirectMethodHandle$Interface
instanceKlass java/lang/invoke/DirectMethodHandle$Accessor
instanceKlass java/lang/invoke/DirectMethodHandle$Constructor
ciInstanceKlass java/lang/invoke/DirectMethodHandle 1 1 940 7 1 7 1 100 1 7 1 7 1 10 7 12 1 1 1 10 7 12 1 1 1 100 1 10 12 1 10 12 1 1 10 7 12 1 1 10 12 1 1 10 12 1 10 12 1 7 1 10 12 1 1 10 12 1 1 10 12 1 10 12 1 1 10 7 12 1 1 1 10 12 1 9 12 1 1 100 1 10 9 12 1 1 9 12 1 10 12 1 10 12 1 10 12 1 1 10 12 1 10 12 1 10 12 1 10 7 12 1 1 1 10 12 1 10 12 1 1 8 1 10 12 1 1 7 1 10 12 1 7 1 10 10 12 1 10 12 1 10 12 1 10 7 12 1 1 1 10 12 1 1 100 1 10 12 1 10 12 1 7 1 10 12 1 10 12 1 1 10 12 1 1 10 12 1 8 10 100 12 1 1 1 10 12 1 10 12 1 10 12 1 1 10 12 1 9 7 12 1 1 1 7 1 10 12 1 10 7 12 1 1 1 10 12 1 10 12 1 1 9 12 1 1 100 1 10 8 1 10 12 1 1 10 12 1 10 12 1 10 10 12 1 10 12 1 10 12 1 10 12 1 10 12 1 1 10 12 1 10 12 1 1 10 12 1 10 12 1 1 10 10 7 12 1 1 1 10 12 1 10 12 1 1 10 12 1 10 12 1 1 8 1 9 7 12 1 1 1 8 1 9 12 1 9 12 1 8 1 9 12 1 9 12 1 8 1 9 12 1 9 12 1 8 1 10 12 1 10 12 1 1 9 12 1 1 7 1 10 12 1 1 100 1 10 7 12 1 1 1 10 12 1 1 10 12 1 10 12 1 1 7 1 10 12 1 1 10 12 1 10 12 1 1 7 1 10 12 1 1 10 7 12 1 1 1 10 12 1 10 12 1 10 12 1 9 12 1 1 10 7 1 9 12 9 12 1 10 7 12 1 1 1 10 12 1 7 1 7 1 7 1 9 12 1 1 10 7 12 1 10 12 1 1 10 12 1 100 1 10 12 1 10 12 1 1 9 100 12 1 1 1 10 12 1 1 100 1 10 100 12 1 1 1 10 12 1 10 12 1 8 1 9 12 1 9 12 1 10 12 1 9 12 1 1 10 100 12 1 1 1 9 12 1 1 9 12 1 1 10 12 1 10 12 1 10 12 1 10 12 1 10 12 1 1 10 12 1 10 7 12 1 1 9 12 1 10 12 1 10 12 1 10 12 1 10 12 1 1 10 12 1 1 9 12 1 1 10 12 1 1 9 7 12 1 1 1 9 12 1 9 12 1 9 12 1 9 12 1 9 12 1 9 12 1 9 12 1 9 12 1 9 12 1 9 12 1 9 12 1 9 12 1 9 12 1 9 12 1 9 12 1 9 12 1 9 12 1 9 12 1 9 12 1 9 12 1 9 12 1 9 12 1 9 12 1 9 12 1 9 12 1 9 12 1 9 12 1 9 12 1 9 12 1 9 12 1 9 12 1 9 12 1 9 12 1 9 12 1 9 12 1 9 12 1 8 1 9 12 1 1 9 12 1 1 10 12 1 10 12 1 1 9 7 1 10 12 1 9 12 1 1 10 12 10 12 1 10 12 1 10 12 1 10 8 1 8 1 8 1 8 1 10 12 1 1 9 12 1 1 10 12 1 10 100 12 1 1 1 8 9 12 1 1 10 12 1 1 8 1 8 8 9 12 1 8 1 8 8 8 8 8 1 8 10 12 1 10 12 1 8 1 8 1 10 12 1 10 12 1 10 12 1 10 12 1 1 7 1 1 1 1 3 1 3 1 3 1 3 1 3 1 3 1 3 1 3 1 3 1 3 1 1 1 1 1 1 1 1 1 1 3 1 3 1 1 1 1 3 1 1 1 1 1 1 1 1 1 1 1 1 1 1 1 1 1 1 1 1 1 1 1 1 1 1 1 1 1 1 1 1 1 1 1 1 1 1 1 1 1 1 1 1 1 1 1 1 1 1 1 1 1 1 1 1 100 1 1 1 1 1 1 1 1 1 1 1 1 100 1 1 1 1 1 1 1 1 1 1 1 1 1 1 1 1 1 1 1 1 1 1 1 1 1 1 1 1 1 1 1 1 1 1 1 1 1 1 1 1 1 1 1 1 1 1 1 1 1 1 1
staticfield java/lang/invoke/DirectMethodHandle IMPL_NAMES Ljava/lang/invoke/MemberName$Factory; java/lang/invoke/MemberName$Factory
staticfield java/lang/invoke/DirectMethodHandle FT_UNCHECKED_REF I 8
staticfield java/lang/invoke/DirectMethodHandle ACCESSOR_FORMS [Ljava/lang/invoke/LambdaForm; 132 [Ljava/lang/invoke/LambdaForm;
staticfield java/lang/invoke/DirectMethodHandle ALL_WRAPPERS [Lsun/invoke/util/Wrapper; 10 [Lsun/invoke/util/Wrapper;
staticfield java/lang/invoke/DirectMethodHandle NFS [Ljava/lang/invoke/LambdaForm$NamedFunction; 12 [Ljava/lang/invoke/LambdaForm$NamedFunction;
staticfield java/lang/invoke/DirectMethodHandle OBJ_OBJ_TYPE Ljava/lang/invoke/MethodType; java/lang/invoke/MethodType
staticfield java/lang/invoke/DirectMethodHandle LONG_OBJ_TYPE Ljava/lang/invoke/MethodType; java/lang/invoke/MethodType
staticfield java/lang/invoke/DirectMethodHandle $assertionsDisabled Z 1
ciInstanceKlass java/lang/invoke/LambdaForm 1 1 1052 100 1 9 7 12 1 1 1 10 7 12 1 1 1 10 7 12 1 1 9 12 1 1 9 12 1 1 10 12 1 1 100 1 10 9 12 1 10 12 1 1 9 12 1 10 7 12 1 1 1 9 12 1 9 12 1 9 12 1 1 9 12 1 10 12 1 1 7 1 10 12 1 10 100 12 1 1 1 10 100 12 1 1 1 10 12 1 10 12 1 1 9 100 12 1 1 1 10 12 1 1 9 12 1 10 12 1 1 10 12 1 10 12 1 1 10 12 1 1 10 100 12 1 1 1 7 1 10 10 12 1 1 8 1 10 12 1 10 12 1 10 12 1 1 7 1 10 7 12 1 1 1 10 12 1 1 10 12 1 10 12 1 1 9 12 1 1 9 12 1 9 12 1 1 10 12 1 9 12 1 10 100 12 1 1 1 10 12 1 1 10 12 1 9 12 1 1 10 100 12 1 1 1 10 12 1 10 12 1 10 12 1 10 12 1 10 12 1 10 12 1 1 10 12 1 10 12 1 1 8 1 10 12 1 10 12 1 8 1 8 1 9 12 1 9 12 1 9 12 1 1 10 12 1 1 10 12 1 9 12 1 10 12 1 1 10 7 12 1 1 1 10 12 1 1 10 12 1 10 12 1 10 12 1 1 9 12 1 10 12 1 8 1 8 1 8 1 8 1 8 1 8 1 8 1 8 1 10 12 1 9 12 1 7 1 10 12 1 1 9 12 1 10 12 1 10 12 1 1 10 12 10 12 1 10 12 1 1 10 12 1 1 10 10 12 1 1 10 12 1 1 7 1 8 1 10 12 1 1 10 12 1 10 12 1 1 10 8 1 10 12 1 1 8 1 8 1 8 1 10 12 1 9 12 1 1 10 12 1 1 10 12 1 1 100 1 10 12 1 1 10 12 1 10 7 12 1 1 1 10 12 1 1 9 12 1 1 8 1 10 100 12 1 1 1 10 7 12 1 1 10 12 10 10 12 1 1 9 12 1 8 10 12 1 1 100 1 10 12 1 1 10 12 1 9 7 12 1 1 9 12 1 1 8 1 10 100 12 1 1 10 12 1 1 100 1 100 1 10 10 12 1 1 10 12 1 1 8 1 8 1 100 1 8 1 10 12 10 12 1 10 12 1 10 12 1 1 8 1 8 1 9 100 12 1 1 1 10 12 1 10 12 1 1 8 1 8 1 8 1 100 1 8 1 100 1 8 1 100 1 8 1 10 12 1 8 1 9 10 7 12 1 1 1 10 12 1 9 12 1 1 10 12 1 10 10 12 1 10 12 1 10 12 1 10 12 1 1 10 12 1 10 12 1 1 10 12 1 1 10 12 1 1 8 1 100 10 12 1 10 12 1 9 12 1 1 10 7 12 1 1 8 1 8 1 100 1 8 1 8 1 8 1 8 1 8 1 8 1 8 1 8 1 10 12 1 1 10 12 1 1 10 12 1 10 12 1 8 1 8 1 8 1 10 12 1 8 1 10 12 1 8 1 8 1 8 1 8 1 8 1 10 12 1 10 12 1 10 12 1 1 10 7 12 1 1 1 10 12 1 10 12 1 10 12 1 10 12 1 10 12 1 10 12 1 10 12 1 9 12 1 1 8 1 10 12 1 1 9 12 1 1 10 12 1 1 9 12 1 9 12 1 1 9 12 1 9 12 1 1 7 1 10 7 12 1 1 1 9 12 1 10 12 1 10 12 1 8 1 10 12 1 9 12 1 1 7 1 10 7 12 1 1 1 8 1 100 1 10 12 1 9 12 1 9 12 1 10 12 1 10 12 1 10 7 12 1 1 1 10 12 1 9 7 12 1 1 10 12 1 1 10 12 1 10 12 1 9 12 10 12 1 10 10 12 1 9 9 12 1 7 9 12 1 1 10 12 1 1 9 12 1 10 12 1 10 7 1 9 1 1 1 1 3 1 3 1 3 1 1 1 1 1 1 1 1 1 1 1 1 1 1 1 1 1 1 1 1 1 1 1 1 1 1 1 1 1 1 1 1 1 1 1 1 1 1 1 1 1 1 1 1 1 1 1 1 1 1 1 1 1 1 1 1 100 1 1 1 1 1 1 1 1 1 1 1 1 1 1 1 1 1 1 1 1 1 1 1 1 1 1 1 1 1 1 1 1 1 1 1 1 1 1 1 1 1 1 1 1 1 1 1 1 1 1 1 1 1 1 1 1 1 1 1 100 1 1 1 1 1 1 1 1 1 1 1 1 1 1 1 1 1 1 1 1 1 1 1 1 1 1 1 1 1 1 1 1 1 1 100 1 1 1 1 1 1 1 1 1 1 1 1 1 1 1 1 1 1 1 1 1 1 100 1 1 1 100 1 1 100 1 1 1 1 1 1 1 1 1 1 1
staticfield java/lang/invoke/LambdaForm COMPILE_THRESHOLD I 0
staticfield java/lang/invoke/LambdaForm INTERNED_ARGUMENTS [[Ljava/lang/invoke/LambdaForm$Name; 5 [[Ljava/lang/invoke/LambdaForm$Name;
staticfield java/lang/invoke/LambdaForm IMPL_NAMES Ljava/lang/invoke/MemberName$Factory; java/lang/invoke/MemberName$Factory
staticfield java/lang/invoke/LambdaForm LF_identity [Ljava/lang/invoke/LambdaForm; 6 [Ljava/lang/invoke/LambdaForm;
staticfield java/lang/invoke/LambdaForm LF_zero [Ljava/lang/invoke/LambdaForm; 6 [Ljava/lang/invoke/LambdaForm;
staticfield java/lang/invoke/LambdaForm NF_identity [Ljava/lang/invoke/LambdaForm$NamedFunction; 6 [Ljava/lang/invoke/LambdaForm$NamedFunction;
staticfield java/lang/invoke/LambdaForm NF_zero [Ljava/lang/invoke/LambdaForm$NamedFunction; 6 [Ljava/lang/invoke/LambdaForm$NamedFunction;
staticfield java/lang/invoke/LambdaForm createFormsLock Ljava/lang/Object; java/lang/Object
staticfield java/lang/invoke/LambdaForm DEBUG_NAME_COUNTERS Ljava/util/HashMap; null
staticfield java/lang/invoke/LambdaForm DEBUG_NAMES Ljava/util/HashMap; null
staticfield java/lang/invoke/LambdaForm TRACE_INTERPRETER Z 0
staticfield java/lang/invoke/LambdaForm $assertionsDisabled Z 1
ciInstanceKlass java/lang/invoke/MethodHandleNatives 1 1 684 100 1 10 7 12 1 1 1 9 7 12 1 1 1 10 12 1 1 100 1 10 10 12 1 1 10 12 1 10 12 1 8 1 8 1 8 1 8 1 8 1 8 1 8 1 8 1 8 1 8 1 10 12 1 1 7 1 10 7 12 1 1 1 10 100 12 1 1 1 7 1 10 10 12 1 1 8 1 10 12 1 8 1 10 12 1 1 8 1 10 12 1 1 9 100 12 1 1 1 8 1 10 100 12 1 1 1 100 1 10 12 100 1 100 1 8 1 7 1 10 10 12 1 7 1 9 7 12 1 1 10 12 1 1 10 12 1 10 7 12 1 1 1 7 1 10 12 1 1 10 7 12 1 1 1 10 12 1 10 12 1 1 10 12 1 1 9 12 1 8 1 10 12 1 8 1 10 12 1 8 1 8 1 8 1 100 1 10 12 1 8 1 10 12 1 1 10 12 1 10 100 12 1 1 1 100 1 8 1 10 100 12 1 1 1 7 1 8 1 10 12 1 8 1 8 1 8 1 8 1 8 1 10 12 1 1 10 12 1 1 10 12 1 10 12 1 1 10 12 1 1 7 1 10 12 1 100 1 100 1 10 12 1 10 12 1 8 1 8 1 10 10 12 1 1 10 12 1 1 8 1 10 100 12 1 1 1 8 1 8 1 10 12 1 1 10 7 12 1 1 1 100 1 10 12 1 1 7 1 9 12 1 1 10 7 12 1 1 1 10 10 12 1 9 12 1 10 12 1 1 9 12 1 9 12 1 10 12 1 1 10 12 1 10 12 1 1 7 1 7 1 10 12 1 1 10 12 1 10 12 1 1 10 7 12 1 1 1 10 12 1 8 1 10 12 1 10 12 1 10 12 1 1 10 12 1 10 7 12 1 1 1 10 12 1 1 100 1 8 1 10 9 7 12 1 1 1 10 12 1 1 10 12 1 1 100 1 10 12 1 1 10 12 1 1 100 1 100 1 10 10 100 1 100 1 10 100 1 10 10 12 1 1 10 100 1 10 12 1 10 12 1 10 12 1 1 10 12 1 1 10 12 1 1 10 12 1 10 12 1 1 10 8 1 100 1 10 12 1 10 12 1 10 12 1 10 12 1 10 12 1 1 10 12 1 9 12 1 1 10 7 12 1 1 1 9 12 1 1 11 7 12 1 1 1 10 12 1 10 12 1 10 10 12 1 10 7 12 1 1 1 1 1 1 1 1 1 1 1 1 1 1 1 100 1 1 1 1 1 1 1 1 1 1 1 1 1 1 1 1 1 1 1 1 1 1 1 1 1 1 1 1 1 1 1 1 1 1 1 1 1 1 1 1 1 1 1 1 1 1 1 1 1 1 1 1 1 1 1 1 1 1 1 1 1 1 1 1 1 1 1 1 1 1 1 1 1 1 1 1 1 1 1 1 1 1 1 1 1 1 1 1 1 1 1 1 1 1 1 1 1 1 100 1 1 1 1 1 1 1 1 1 1 1 1 1 1 1 1 1 1 1 1 1 1 1 1 1 1 1 1 100 1 1 1 1 1 1 1 100 1 1 1
staticfield java/lang/invoke/MethodHandleNatives JLA Ljdk/internal/access/JavaLangAccess; java/lang/System$2
staticfield java/lang/invoke/MethodHandleNatives $assertionsDisabled Z 1
ciInstanceKlass jdk/internal/reflect/CallerSensitive 1 1 17 100 1 100 1 100 1 1 1 1 1 1 1 1 1 1 1
ciInstanceKlass jdk/internal/reflect/ConstantPool 1 1 142 10 100 12 1 1 1 9 7 12 1 1 1 10 12 1 1 10 12 1 1 10 12 1 10 12 1 1 10 12 1 1 10 12 1 10 12 1 1 10 12 1 10 12 1 1 10 12 1 10 12 1 10 12 1 10 12 1 1 10 12 1 1 10 12 1 1 10 12 1 1 10 12 1 10 12 1 1 10 100 12 1 1 1 8 11 7 12 1 1 1 10 7 12 1 1 1 1 1 1 1 1 1 1 1 1 1 1 1 1 1 1 1 1 1 1 1 1 1 1 1 1 1 1 1 1 1 1 1 1 1 1 1 1 1 1 1 1 1 1 1 1
instanceKlass jdk/internal/reflect/UnsafeQualifiedStaticFieldAccessorImpl
ciInstanceKlass jdk/internal/reflect/UnsafeStaticFieldAccessorImpl 1 1 47 10 7 12 1 1 1 9 7 12 1 1 1 10 7 12 1 1 1 9 12 1 1 8 11 7 12 1 1 1 10 7 12 1 1 1 1 1 1 1 1 1 1 1 1 1 1
instanceKlass jdk/internal/reflect/UnsafeFieldAccessorImpl
ciInstanceKlass jdk/internal/reflect/FieldAccessorImpl 1 1 59 10 7 12 1 1 1 100 1 100 1 1 1 1 1 1 1 1 1 100 1 1 1 1 1 1 1 1 1 1 1 1 1 1 1 1 1 1 1 100 1 1 1 1 1 1 1 1 1 1 1 1 1 1 1 1 1 1 1
instanceKlass jdk/internal/reflect/UnsafeIntegerFieldAccessorImpl
instanceKlass jdk/internal/reflect/UnsafeBooleanFieldAccessorImpl
instanceKlass jdk/internal/reflect/UnsafeQualifiedFieldAccessorImpl
instanceKlass jdk/internal/reflect/UnsafeObjectFieldAccessorImpl
instanceKlass jdk/internal/reflect/UnsafeStaticFieldAccessorImpl
ciInstanceKlass jdk/internal/reflect/UnsafeFieldAccessorImpl 1 1 254 10 7 12 1 1 1 9 7 12 1 1 1 10 7 12 1 1 1 10 7 12 1 1 1 9 12 1 1 10 7 12 1 1 1 9 12 1 1 10 12 1 10 12 1 9 12 1 10 12 1 1 10 7 12 1 1 10 7 12 1 1 1 10 12 1 1 100 1 10 10 12 1 1 10 12 1 1 8 1 10 10 12 1 100 1 8 1 10 12 1 8 1 10 12 1 8 1 10 12 1 100 1 10 12 1 1 10 8 1 10 12 1 1 8 1 10 100 12 1 1 8 1 10 100 12 1 1 8 1 10 100 12 1 1 8 1 10 100 12 1 1 8 1 10 100 12 1 1 8 1 10 100 12 1 1 8 1 10 100 12 1 1 8 1 10 100 12 1 1 10 12 1 1 8 1 8 1 8 1 8 1 8 1 8 1 10 100 12 1 1 1 8 1 8 1 8 1 10 12 10 12 1 1 1 1 1 1 1 1 1 1 1 1 1 1 1 1 1 1 1 1 1 1 1 1 1 1 1 1 1 1 1 1 1 1 1 1 1 1 1 1 1 1 1 1 1 1 1 1 1 1 1 1
staticfield jdk/internal/reflect/UnsafeFieldAccessorImpl unsafe Ljdk/internal/misc/Unsafe; jdk/internal/misc/Unsafe
ciInstanceKlass jdk/internal/reflect/NativeConstructorAccessorImpl 1 1 126 10 7 12 1 1 1 9 7 12 1 1 1 9 12 1 1 10 7 12 1 1 1 10 7 12 1 1 1 10 7 12 1 1 1 9 12 1 9 12 1 1 9 12 1 1 10 7 12 1 1 1 7 1 10 10 12 1 1 10 12 1 10 12 1 10 12 1 1 9 12 1 1 10 7 12 1 1 1 100 1 10 12 1 1 10 12 1 1 8 10 12 1 1 1 1 1 1 1 1 1 1 1 1 1 1 1 1 1 1 1 1 1 1 100 1 100 1 100 1 1 1 1 1 1 1
staticfield jdk/internal/reflect/NativeConstructorAccessorImpl U Ljdk/internal/misc/Unsafe; jdk/internal/misc/Unsafe
staticfield jdk/internal/reflect/NativeConstructorAccessorImpl GENERATED_OFFSET J 16
ciInstanceKlass java/lang/invoke/ConstantCallSite 1 1 65 10 7 12 1 1 1 9 7 12 1 1 1 9 12 1 1 10 7 12 1 1 1 10 12 1 100 1 10 12 9 12 1 1 100 1 10 10 12 1 1 10 12 1 1 1 1 1 1 1 1 1 1 1 1 1 100 1 1 1 1 1 1 1 1
staticfield java/lang/invoke/ConstantCallSite UNSAFE Ljdk/internal/misc/Unsafe; jdk/internal/misc/Unsafe
ciInstanceKlass java/lang/invoke/MutableCallSite 0 0 63 10 100 12 1 1 1 10 12 1 9 100 12 1 1 1 10 12 1 10 12 1 1 9 12 1 1 10 100 12 1 1 1 10 100 12 1 1 1 10 12 1 1 1 1 1 1 1 1 1 1 1 1 1 1 1 1 1 1 100 1 1 1
instanceKlass java/lang/invoke/VarHandleByteArrayAsLongs$ByteArrayViewVarHandle
instanceKlass java/lang/invoke/VarHandleByteArrayAsInts$ByteArrayViewVarHandle
instanceKlass java/lang/invoke/VarHandleInts$FieldStaticReadOnly
instanceKlass java/lang/invoke/VarHandleLongs$FieldInstanceReadOnly
instanceKlass java/lang/invoke/VarHandleInts$FieldInstanceReadOnly
instanceKlass java/lang/invoke/VarHandleReferences$Array
instanceKlass java/lang/invoke/VarHandleReferences$FieldInstanceReadOnly
ciInstanceKlass java/lang/invoke/VarHandle 1 1 390 10 7 12 1 1 1 10 7 12 1 1 9 12 1 1 9 12 1 1 100 1 10 8 1 10 12 1 1 10 7 12 1 1 1 10 12 1 1 10 100 12 1 1 1 9 100 12 1 1 1 10 12 1 1 10 100 12 1 1 1 10 12 1 1 9 12 1 10 12 1 9 12 1 1 10 100 12 1 1 10 12 1 9 100 12 1 1 1 9 12 1 1 10 12 1 1 100 1 100 1 10 8 1 10 12 1 1 10 12 1 8 1 10 12 1 10 12 1 10 12 1 1 9 7 12 1 1 1 10 12 1 10 12 1 1 10 12 1 10 10 100 12 1 1 1 10 12 1 1 10 12 1 1 10 100 12 1 1 1 10 100 12 1 1 1 10 100 12 1 1 1 9 12 1 1 10 9 12 1 1 10 12 1 10 12 1 10 12 1 1 10 12 1 10 100 12 1 1 1 9 12 1 1 10 12 1 1 9 12 1 10 12 1 10 12 1 10 100 12 1 1 100 1 10 9 7 12 1 1 1 9 12 1 1 10 7 12 1 1 1 10 12 1 10 12 1 10 12 1 10 12 1 10 12 1 10 12 1 1 7 1 10 10 7 12 1 1 1 9 12 1 1 8 10 12 1 1 7 1 10 12 1 1 100 1 1 1 1 1 1 1 1 1 1 1 1 1 1 1 1 1 1 1 1 1 1 1 1 1 1 1 1 1 1 1 1 1 1 1 1 1 1 1 1 1 1 1 1 1 1 1 1 1 1 1 1 1 1 1 1 1 1 1 1 1 1 1 1 1 1 1 1 1 1 1 1 1 1 1 1 1 1 1 1 1 1 1 1 1 1 1 1 1 100 1 100 1 100 1 1 1 1 1 1 1 100 1 1 1
staticfield java/lang/invoke/VarHandle AIOOBE_SUPPLIER Ljava/util/function/BiFunction; jdk/internal/util/Preconditions$1
staticfield java/lang/invoke/VarHandle VFORM_OFFSET J 16
staticfield java/lang/invoke/VarHandle $assertionsDisabled Z 1
ciInstanceKlass java/lang/invoke/MemberName 1 1 757 7 1 7 1 100 1 9 12 1 1 10 7 12 1 1 1 9 12 1 1 10 12 1 1 10 12 1 1 10 12 1 1 10 12 1 10 12 1 1 10 7 12 1 1 1 10 12 1 9 100 12 1 1 10 12 1 100 1 100 1 10 12 1 8 1 10 12 1 1 10 12 1 10 12 1 1 10 12 1 9 12 1 1 8 1 10 100 12 1 1 1 7 1 10 10 12 1 1 100 1 100 1 10 12 1 1 9 12 1 1 100 1 8 1 10 12 1 10 12 1 10 12 1 10 12 1 10 12 1 1 10 12 1 10 12 1 10 12 1 1 10 12 1 1 10 12 1 8 1 8 1 8 1 10 100 12 1 1 1 10 12 1 9 12 1 1 3 10 12 1 10 12 1 10 12 1 10 10 7 12 1 1 1 10 12 1 10 12 1 10 12 1 10 12 1 7 1 8 10 12 1 1 10 12 1 1 8 1 9 100 1 8 9 100 1 10 12 1 1 10 12 1 10 12 1 8 1 10 12 1 1 10 12 1 10 12 1 10 12 1 10 12 1 1 100 1 10 12 1 1 10 12 1 8 1 10 12 1 10 12 1 8 1 10 12 1 1 10 12 1 1 100 1 10 12 1 1 10 12 8 1 8 1 100 1 10 12 1 10 100 12 1 1 1 100 1 10 12 10 12 1 10 12 1 10 12 1 10 12 1 10 10 12 1 10 12 1 10 12 1 3 10 12 1 3 10 12 1 3 3 3 3 3 3 3 100 1 10 12 1 10 7 12 1 1 1 10 12 1 3 9 12 1 10 12 1 1 3 10 12 1 10 10 7 12 1 1 1 10 12 1 1 10 7 1 10 10 12 1 10 12 1 10 12 1 10 10 12 1 1 10 12 1 10 12 1 10 12 1 100 1 10 10 10 12 100 1 10 10 10 12 1 1 10 12 1 1 10 10 12 1 8 10 100 1 10 12 1 10 100 1 10 12 1 10 12 1 10 12 1 10 10 12 1 10 12 1 1 10 12 1 1 10 12 1 10 12 1 10 12 1 100 1 10 12 1 1 100 1 8 1 10 7 1 10 12 1 10 12 10 12 1 1 10 12 1 10 12 1 8 1 8 1 8 1 8 1 10 12 1 10 12 1 10 12 1 1 8 1 8 1 10 12 1 8 1 10 10 12 1 10 12 1 8 1 8 1 10 10 12 1 8 1 10 100 12 1 1 1 8 1 10 12 1 10 12 1 1 10 12 1 8 1 8 1 8 1 8 1 100 1 10 8 1 8 1 8 1 8 1 10 12 1 100 1 100 1 100 1 10 100 1 10 100 1 10 100 12 1 1 1 9 7 12 1 1 1 100 1 100 1 1 1 1 1 1 1 3 1 3 1 3 1 3 1 3 1 3 1 1 1 1 1 1 1 1 3 1 3 1 1 1 1 3 1 1 1 1 1 1 1 1 1 1 1 1 1 1 1 1 1 1 1 1 1 1 1 1 1 1 1 1 1 1 1 1 1 1 1 1 1 1 1 1 1 1 1 1 1 1 1 1 1 1 1 1 1 1 1 1 1 1 1 1 1 1 1 1 1 1 1 1 1 1 1 1 1 1 1 1 1 1 1 1 1 1 1 1 1 1 1 1 1 1 1 1 1 1 1 1 1 1 1 1 1 1 1 1 1 1 100 1 1 1 1 1 1 1 1 1 1 1 1 1 1 1
staticfield java/lang/invoke/MemberName $assertionsDisabled Z 1
ciInstanceKlass java/lang/invoke/ResolvedMethodName 1 1 16 10 100 12 1 1 1 100 1 1 1 1 1 1 1 1
ciInstanceKlass java/lang/StackWalker 1 1 235 9 7 12 1 1 1 10 7 12 1 1 1 7 1 10 7 12 1 1 1 10 12 1 1 11 7 12 1 1 1 10 12 1 1 10 12 1 1 10 12 1 1 100 1 8 1 10 12 1 10 12 1 10 12 1 10 7 12 1 1 9 12 1 1 9 12 1 1 9 12 1 1 9 12 1 1 10 12 1 1 9 12 1 1 10 7 12 1 1 1 11 12 1 1 100 1 8 1 10 10 100 12 1 1 9 12 1 1 10 12 1 1 10 7 12 1 1 1 10 7 12 1 1 1 18 12 1 1 100 1 8 1 10 10 12 1 1 10 100 12 1 1 1 9 7 12 1 1 11 100 12 1 1 1 10 12 1 1 1 1 1 1 1 1 1 1 1 1 1 1 1 1 1 1 1 1 1 1 1 1 1 1 1 1 1 1 1 1 1 1 1 1 1 1 1 1 1 1 1 1 1 1 1 1 1 1 1 100 1 1 15 10 100 12 1 1 1 16 15 10 12 16 1 1 1 1 1 1 1 100 1 100 1 1
staticfield java/lang/StackWalker DEFAULT_EMPTY_OPTION Ljava/util/EnumSet; java/util/RegularEnumSet
staticfield java/lang/StackWalker DEFAULT_WALKER Ljava/lang/StackWalker; java/lang/StackWalker
instanceKlass java/lang/StackStreamFactory$StackFrameTraverser
ciInstanceKlass java/lang/StackStreamFactory$AbstractStackWalker 1 1 306 7 1 100 1 3 10 7 12 1 1 1 10 7 12 1 1 10 7 12 1 1 1 9 12 1 1 10 12 1 1 9 12 1 1 9 12 1 1 9 12 1 1 9 12 1 9 7 12 1 1 1 10 7 12 1 1 1 10 12 1 1 9 12 1 1 10 7 12 1 1 1 10 12 1 1 9 12 1 1 9 100 12 1 1 1 100 1 10 8 1 10 12 1 1 10 12 1 8 1 10 12 1 1 10 100 12 1 1 1 100 1 8 1 10 12 1 8 1 10 12 9 7 12 1 1 1 10 7 12 1 1 9 12 1 8 1 5 0 8 1 8 1 9 12 1 1 10 12 1 1 10 12 1 1 10 12 1 9 12 1 10 12 1 10 12 1 10 12 1 10 12 1 1 10 12 1 10 12 1 1 8 1 10 12 1 10 12 1 10 12 1 10 12 1 1 8 1 10 12 1 1 10 12 1 1 10 12 1 1 10 12 1 10 12 1 10 7 12 1 1 1 9 12 1 8 1 10 12 1 10 12 1 10 12 1 10 12 1 10 12 1 10 12 1 10 12 1 1 10 12 1 1 10 12 1 1 10 12 1 8 1 1 1 1 1 1 1 1 1 1 1 1 1 1 1 1 1 1 100 1 1 1 1 100 1 1 1 1 1 1 1 1 1 1 1 1 1 1 1 1 1 1 1 1 1
ciInstanceKlass jdk/internal/module/Modules 1 1 504 10 100 12 1 1 1 9 7 12 1 1 1 11 7 12 1 1 1 11 12 1 1 11 12 1 1 11 12 1 1 11 12 1 11 12 1 11 12 1 11 12 1 11 12 1 1 10 100 12 1 1 1 10 100 12 1 1 1 18 12 1 1 10 100 12 1 1 1 100 1 10 100 12 1 1 1 10 100 12 1 1 1 10 100 12 1 1 10 12 1 1 11 12 1 9 12 1 1 11 100 12 1 1 1 10 12 1 1 10 10 12 1 10 9 12 1 1 10 7 12 1 1 10 12 1 1 10 100 12 1 1 100 1 11 100 12 1 1 1 10 100 12 1 1 1 11 100 12 1 1 10 12 1 1 10 100 12 1 1 10 100 12 1 1 1 10 12 1 1 10 12 1 1 11 12 1 1 18 12 1 1 11 100 12 1 1 10 100 12 1 1 1 11 100 12 1 1 1 100 1 11 12 1 1 11 100 12 1 1 1 11 12 1 1 10 12 1 1 10 100 12 1 1 18 12 1 1 11 12 1 1 18 12 1 1 11 12 1 1 10 12 1 18 18 10 12 1 1 9 12 1 1 11 100 12 1 1 1 100 1 10 11 12 1 11 12 1 1 11 12 1 1 10 100 1 10 12 1 1 10 100 12 1 1 10 12 1 1 11 12 10 12 1 1 100 1 10 18 12 1 10 12 1 1 100 1 8 1 10 12 1 10 100 12 1 1 18 12 1 11 11 12 10 12 1 10 10 100 1 18 12 1 10 10 10 7 12 1 1 10 7 12 1 1 1 10 12 1 1 1 1 1 1 1 1 1 1 1 1 1 1 1 1 1 1 1 1 1 1 1 1 1 1 1 1 1 1 1 1 1 100 1 1 1 1 1 1 1 1 1 1 1 1 1 1 1 1 1 1 1 1 1 1 1 1 1 1 1 1 1 1 1 1 1 1 1 100 1 1 1 1 1 1 1 1 1 1 1 1 1 1 1 1 1 1 1 1 1 1 1 15 10 100 12 1 1 1 16 15 10 12 1 16 16 15 10 12 1 16 1 16 1 15 10 12 1 16 1 16 1 15 10 12 16 1 15 10 16 1 15 10 12 16 1 15 10 12 16 15 10 12 16 15 10 12 1 1 1 100 1 100 1 1
staticfield jdk/internal/module/Modules JLA Ljdk/internal/access/JavaLangAccess; java/lang/System$2
staticfield jdk/internal/module/Modules JLMA Ljdk/internal/access/JavaLangModuleAccess; java/lang/module/ModuleDescriptor$1
staticfield jdk/internal/module/Modules $assertionsDisabled Z 1
instanceKlass java/util/PropertyResourceBundle
instanceKlass java/util/ListResourceBundle
instanceKlass java/util/ResourceBundle$2
instanceKlass sun/util/resources/Bundles$1
ciInstanceKlass java/util/ResourceBundle 1 1 820 9 7 12 1 1 1 10 7 12 1 1 1 9 12 1 1 9 12 1 1 10 12 1 1 7 1 7 1 10 12 1 100 1 100 1 10 8 1 10 12 1 1 10 12 1 1 10 7 12 1 1 1 8 1 10 12 1 10 12 1 10 7 12 1 1 1 18 12 1 1 10 7 12 1 1 1 7 1 10 12 1 1 10 12 1 1 9 12 1 1 9 12 1 100 1 10 10 7 12 1 1 10 7 12 1 1 1 10 12 1 1 10 12 1 1 10 12 1 1 10 12 1 10 12 1 1 100 1 10 10 12 1 10 12 1 1 10 7 12 1 1 1 9 7 12 1 1 1 10 7 12 1 1 1 100 1 8 1 10 12 1 10 12 1 100 1 8 1 10 10 12 1 10 12 1 10 100 1 10 100 12 1 1 1 9 100 12 1 1 1 10 100 12 1 1 1 7 1 10 12 1 9 12 1 1 11 7 12 1 1 7 1 10 12 1 10 12 1 1 10 12 1 100 1 10 12 1 1 10 12 1 1 100 1 8 1 10 10 12 1 1 8 1 10 12 1 1 9 12 1 10 12 1 1 11 7 12 1 1 1 11 12 1 10 12 1 1 10 12 1 1 10 12 1 1 10 7 12 1 1 1 11 12 1 9 12 1 1 10 7 12 1 1 1 100 1 11 12 1 1 11 12 1 10 12 1 1 10 12 1 1 9 12 1 10 12 1 11 12 1 8 1 10 7 12 1 1 1 10 12 1 1 10 12 1 1 10 12 1 10 12 1 1 10 12 1 1 10 10 12 1 10 12 1 10 12 1 1 10 12 1 1 10 12 1 1 10 12 1 1 10 12 1 1 8 1 10 12 1 10 12 1 11 12 1 1 11 7 12 1 1 11 12 1 10 12 1 8 1 10 8 1 10 100 12 1 1 1 10 12 1 8 1 100 1 100 1 10 12 1 1 10 100 12 1 1 1 100 1 10 12 1 1 10 12 1 10 12 1 1 8 1 8 1 100 1 10 12 1 100 1 10 12 1 10 8 1 10 12 1 8 1 10 12 1 10 12 1 1 10 12 1 1 9 12 1 1 9 12 1 1 8 1 8 1 8 1 10 12 1 10 10 12 1 9 12 1 10 12 1 1 10 12 1 1 5 0 10 12 1 10 12 1 11 12 1 1 10 12 1 11 12 1 10 12 1 1 5 0 8 1 10 12 1 11 12 1 1 18 12 1 1 11 7 12 1 1 1 18 12 1 10 12 1 11 12 1 100 1 10 11 12 1 1 9 12 1 10 12 1 1 11 100 12 1 1 11 12 1 11 12 1 100 1 8 1 10 9 12 1 9 12 1 1 10 100 12 1 1 1 10 12 1 10 12 1 7 1 10 10 7 12 1 1 1 7 1 10 7 1 10 12 1 10 8 1 8 1 10 7 12 1 1 1 10 7 12 1 1 10 12 1 1 1 1 3 1 1 1 1 1 1 1 1 1 1 1 1 1 1 1 1 1 1 1 1 1 1 1 1 1 1 1 1 1 1 1 1 1 1 1 1 1 1 1 1 1 1 1 1 1 1 1 1 1 1 1 1 1 1 1 1 1 1 1 1 1 1 1 1 1 1 1 1 1 1 1 1 1 1 1 1 1 100 1 1 1 1 1 1 1 1 1 1 1 1 1 1 1 1 1 1 1 1 1 1 1 1 1 1 1 1 1 1 1 1 1 1 1 1 1 1 1 1 1 1 1 1 1 1 1 1 100 1 100 1 100 1 100 1 100 1 1 15 10 7 12 1 1 1 16 15 10 16 16 15 10 12 16 1 15 10 12 1 1 1 1 1 1 1 1 1 1 1 100 1 100 1 1
staticfield java/util/ResourceBundle NONEXISTENT_BUNDLE Ljava/util/ResourceBundle; java/util/ResourceBundle$2
staticfield java/util/ResourceBundle cacheList Ljava/util/concurrent/ConcurrentMap; java/util/concurrent/ConcurrentHashMap
staticfield java/util/ResourceBundle referenceQueue Ljava/lang/ref/ReferenceQueue; java/lang/ref/ReferenceQueue
staticfield java/util/ResourceBundle TRACE_ON Z 0
staticfield java/util/ResourceBundle $assertionsDisabled Z 1
ciMethod java/util/ResourceBundle handleGetObject (Ljava/lang/String;)Ljava/lang/Object; 0 0 1 0 -1
ciMethod java/util/ResourceBundle getObject (Ljava/lang/String;)Ljava/lang/Object; 102 0 51 0 -1
ciMethod java/util/ResourceBundle getString (Ljava/lang/String;)Ljava/lang/String; 16 0 8 0 -1
ciMethod java/util/ResourceBundle getBundle (Ljava/lang/String;)Ljava/util/ResourceBundle; 0 0 1 0 -1
ciInstanceKlass java/util/StringTokenizer 1 1 137 9 7 12 1 1 1 9 12 1 1 10 7 12 1 1 1 10 12 1 1 7 1 3 3 10 12 1 1 9 12 1 1 10 12 1 9 12 1 1 10 7 12 1 1 1 9 12 1 9 12 1 9 12 1 9 12 1 9 12 1 9 12 1 10 12 1 10 12 1 8 1 100 1 10 10 12 1 10 12 1 1 10 12 1 100 1 10 10 12 1 10 12 1 1 10 12 1 1 10 12 1 1 100 1 1 1 1 1 1 1 1 1 1 1 1 1 1 1 1 1 1 1 1 1 100 1 1 1 1 1 1 1 1 1 1 1
ciMethod java/util/StringTokenizer countTokens ()I 176 4410 90 0 -1
ciMethod java/util/StringTokenizer nextToken ()Ljava/lang/String; 1024 0 3057 0 -1
ciMethod java/util/StringTokenizer hasMoreTokens ()Z 1024 0 3473 0 -1
ciMethod java/util/StringTokenizer <init> (Ljava/lang/String;Ljava/lang/String;)V 590 0 403 0 -1
ciInstanceKlass java/util/Hashtable$Entry 1 1 98 10 7 12 1 1 1 9 7 12 1 1 1 9 12 1 1 9 12 1 9 12 1 1 10 12 1 1 10 12 1 100 1 10 100 1 11 12 1 10 12 1 1 11 12 1 10 100 12 1 1 1 100 1 10 10 12 1 1 10 12 1 1 8 1 10 1 1 1 1 1 1 1 1 1 1 1 1 1 1 1 1 1 1 1 1 1 1 1 1 1 1 100 1 1 1 100 1
ciMethod java/lang/Number <init> ()V 806 0 18479 0 64
ciMethod java/util/Hashtable get (Ljava/lang/Object;)Ljava/lang/Object; 6980 590 9000 0 2112
ciMethod java/lang/StringBuilder <init> ()V 198 0 268713 0 -1
ciMethod java/lang/StringBuilder toString ()Ljava/lang/String; 206 0 225197 0 -1
ciMethod java/lang/StringBuilder append (Ljava/lang/String;)Ljava/lang/StringBuilder; 452 0 569152 0 -1
ciMethod java/lang/String charAt (I)C 584 0 1873831 0 -1
ciMethod java/lang/String length ()I 826 0 2519130 0 96
ciMethod java/lang/String equals (Ljava/lang/Object;)Z 854 0 5566 0 416
ciMethod java/lang/String hashCode ()I 1024 0 5682 0 480
ciMethod java/lang/String getChars (II[CI)V 512 0 6404 0 800
ciMethod java/lang/String coder ()B 1024 0 2702875 0 64
ciMethod java/lang/String checkBoundsOffCount (III)V 520 0 7658 0 160
ciMethod java/lang/String isLatin1 ()Z 1024 0 2597480 0 96
ciMethod java/lang/String checkBoundsBeginEnd (III)V 512 0 5465 0 160
ciMethod java/lang/String startsWith (Ljava/lang/String;I)Z 522 1288 9588 0 704
ciMethod java/lang/String startsWith (Ljava/lang/String;)Z 540 0 148599 0 576
ciMethod java/lang/String substring (I)Ljava/lang/String; 214 0 15572 0 -1
ciMethod java/lang/String intern ()Ljava/lang/String; 512 0 256 0 -1
ciMethod java/lang/Class getName ()Ljava/lang/String; 512 0 69240 0 -1
ciMethod java/lang/Object getClass ()Ljava/lang/Class; 512 0 256 0 -1
ciMethod java/lang/Object <init> ()V 1024 0 3205456 0 128
instanceKlass java/util/Stack
ciInstanceKlass java/util/Vector 1 1 493 10 7 12 1 1 1 100 1 100 1 10 8 1 10 12 1 1 10 12 1 10 12 1 1 10 12 1 7 1 9 7 12 1 1 1 9 12 1 1 10 12 1 10 12 1 11 100 12 1 1 1 9 12 1 10 12 1 1 100 1 100 10 7 12 1 1 1 10 7 12 1 1 1 9 12 1 10 12 1 10 12 1 1 10 7 12 1 1 1 100 1 10 12 1 10 12 1 1 10 12 1 1 10 12 1 100 1 8 1 10 100 1 10 10 12 1 100 1 10 10 8 1 10 12 10 12 1 1 10 12 1 10 12 1 10 12 1 1 100 1 100 1 10 12 1 10 12 1 10 12 1 1 10 12 1 10 12 1 1 10 100 12 1 1 1 18 12 1 1 10 12 1 1 18 10 12 1 1 11 100 12 1 10 12 1 1 10 12 1 1 100 1 10 10 12 1 1 10 10 12 1 1 10 10 12 1 1 10 100 12 1 1 1 10 12 1 1 10 100 12 1 1 1 8 10 100 12 1 1 1 8 10 12 1 10 12 1 1 100 1 8 1 10 100 1 8 1 10 10 10 100 12 1 1 1 8 10 100 12 1 1 1 10 12 1 10 12 1 8 1 100 1 10 12 1 100 1 10 11 100 12 1 1 1 11 100 12 1 1 10 12 1 1 100 1 10 12 1 11 12 1 100 1 100 1 100 1 100 1 1 1 1 5 0 1 1 1 1 1 1 1 1 1 1 1 1 1 1 1 1 1 1 1 1 1 1 1 1 1 1 1 1 1 1 1 1 1 1 1 1 1 1 1 1 1 1 1 1 1 1 1 1 1 1 1 1 1 1 1 1 1 1 1 1 1 1 1 1 1 1 1 1 1 1 1 1 1 1 100 1 1 1 1 1 1 1 1 1 1 1 1 1 1 1 1 1 100 1 1 1 1 1 1 1 1 1 1 1 1 1 1 1 1 1 100 1 1 1 1 1 1 1 1 1 1 1 1 1 1 1 1 1 1 1 1 1 1 1 1 1 1 1 1 1 1 1 1 1 1 1 1 1 1 1 1 1 1 15 10 100 12 1 1 1 16 15 10 12 15 10 12 1 1 1 1 1 1 100 1 100 1 1
ciInstanceKlass java/lang/NumberFormatException 0 0 75 10 100 12 1 1 1 10 12 1 100 1 100 1 10 8 1 10 12 1 1 8 1 8 1 8 1 10 12 1 10 12 1 1 10 8 1 8 1 11 100 12 1 1 1 10 12 1 1 1 1 5 0 1 1 1 1 1 1 1 1 1 1 1 1 100 1 1 1 1 1 1 1 1 1
ciInstanceKlass java/lang/StringIndexOutOfBoundsException 0 0 45 10 100 12 1 1 1 10 12 1 100 1 10 8 1 10 12 1 1 10 12 1 10 12 1 1 100 1 1 1 1 5 0 1 1 1 1 1 1 1 1 1 1 1 1
ciInstanceKlass org/w3c/dom/Node 1 0 101 100 1 100 1 1 1 1 3 1 3 1 3 1 3 1 3 1 3 1 3 1 3 1 3 1 3 1 3 1 3 1 1 1 1 1 3 1 3 1 1 1 1 100 1 1 1 1 1 1 1 1 1 1 1 1 1 1 1 1 1 1 1 1 1 1 1 1 1 1 1 1 1 1 1 1 1 1 1 1 1 1 1 1 1 1 1 1 1 1 1 1 1 1 1 1 1 1 1 1 1
ciInstanceKlass org/w3c/dom/Document 1 0 67 100 1 100 1 100 1 1 1 1 1 1 1 1 1 1 100 1 1 1 1 1 1 1 1 1 1 1 1 1 1 1 1 1 1 1 1 1 1 1 1 1 1 1 1 1 1 1 1 1 1 1 1 1 1 1 1 1 1 1 1 1 1 1 1 1 1
ciInstanceKlass org/w3c/dom/Element 1 0 49 100 1 100 1 100 1 1 1 1 1 1 1 1 100 1 1 1 1 1 1 1 1 1 1 1 1 1 1 1 1 1 1 1 1 1 1 1 1 1 1 1 1 1 1 1 1 1 1
ciInstanceKlass org/w3c/dom/NamedNodeMap 1 0 23 100 1 100 1 1 1 1 1 1 100 1 1 1 1 1 1 1 1 1 1 1 1
ciInstanceKlass org/w3c/dom/Attr 1 0 24 100 1 100 1 100 1 1 1 1 1 1 1 1 1 100 1 1 1 1 1 1 1 1
ciInstanceKlass java/util/MissingResourceException 0 0 40 10 100 12 1 1 1 9 100 12 1 1 1 9 12 1 10 12 1 1 1 1 5 0 1 1 1 1 1 1 1 1 1 1 1 1 1 1 1 1
ciInstanceKlass org/mule/apache/xerces/util/SymbolTable 1 1 165 1 7 1 7 1 7 1 1 1 3 1 3 1 3 1 3 1 1 1 1 1 1 1 1 1 1 1 1 1 12 10 12 9 1 100 1 100 10 1 8 1 1 12 10 1 12 10 1 1 12 10 1 12 10 1 7 1 1 12 10 1 8 1 12 10 12 9 12 9 12 9 4 12 9 12 9 1 4 12 10 1 1 1 1 12 10 1 1 12 9 1 7 1 1 12 10 1 1 12 9 1 1 12 10 1 12 10 1 12 10 1 12 10 1 1 12 10 1 1 12 9 1 12 10 1 12 10 12 9 1 1 12 10 3 1 12 10 1 12 10 100 1 1 12 10 12 10 1 12 10 1 100 1 1 12 10 100 1 1 1 1 1 1 1
ciInstanceKlass org/mule/apache/xerces/util/SymbolTable$Entry 1 1 51 1 7 1 7 1 100 1 1 1 1 1 1 1 1 1 1 12 10 1 7 1 1 12 10 12 9 1 1 12 10 12 9 1 1 12 10 12 9 1 1 7 1 1 12 10 1 12 10 1 1
ciInstanceKlass org/mule/apache/xerces/impl/XMLErrorReporter 1 1 226 1 7 1 7 1 100 1 100 1 1 3 1 3 1 3 1 1 1 8 1 1 8 1 1 1 1 1 1 1 1 1 1 1 1 1 1 1 1 1 1 1 1 1 1 12 10 12 9 1 7 10 12 9 1 1 12 9 1 1 1 1 12 9 1 1 1 1 12 10 1 1 1 1 12 10 1 7 1 1 12 10 1 1 1 100 1 12 10 1 1 12 10 12 10 1 1 12 11 1 100 10 1 1 12 10 1 12 10 1 12 10 1 1 12 10 1 100 1 7 100 1 100 1 100 1 12 10 1 12 10 12 9 12 9 1 100 10 1 7 1 1 12 11 1 12 11 1 12 11 12 9 1 1 1 7 1 1 12 11 1 1 12 11 1 1 12 9 7 1 1 12 10 1 1 1 100 1 8 1 12 10 1 1 12 10 1 8 1 12 10 1 12 9 1 1 1 8 1 8 1 1 1 1 12 10 12 9 1 12 9 1 1 1 1 1 12 10 1 1 7 1 1 1 1 1
staticfield org/mule/apache/xerces/impl/XMLErrorReporter RECOGNIZED_FEATURES [Ljava/lang/String; 1 [Ljava/lang/String;
staticfield org/mule/apache/xerces/impl/XMLErrorReporter FEATURE_DEFAULTS [Ljava/lang/Boolean; 1 [Ljava/lang/Boolean;
staticfield org/mule/apache/xerces/impl/XMLErrorReporter RECOGNIZED_PROPERTIES [Ljava/lang/String; 1 [Ljava/lang/String;
staticfield org/mule/apache/xerces/impl/XMLErrorReporter PROPERTY_DEFAULTS [Ljava/lang/Object; 1 [Ljava/lang/Object;
ciInstanceKlass org/mule/apache/xerces/xni/XMLLocator 1 0 16 1 100 1 100 1 1 1 1 1 1 1 1 1 1 1
instanceKlass org/mule/apache/xerces/impl/dv/InvalidDatatypeFacetException
instanceKlass org/mule/apache/xerces/impl/dv/InvalidDatatypeValueException
ciInstanceKlass org/mule/apache/xerces/impl/dv/DatatypeException 1 1 75 1 7 1 7 1 1 5 0 1 1 1 1 1 1 1 12 10 12 9 12 9 1 1 1 1 1 1 8 1 100 1 1 12 10 1 100 1 8 1 12 10 1 1 12 10 1 8 1 100 1 100 1 1 12 10 1 8 1 100 1 12 10 1 1 12 10 1 8 1 12 10 1 1 1
ciInstanceKlass org/mule/apache/xerces/impl/dv/InvalidDatatypeValueException 1 1 15 1 100 1 7 1 1 5 0 1 1 12 10 1 1
ciInstanceKlass org/mule/apache/xerces/impl/xs/traversers/XSDHandler 1 1 2077 1 7 1 7 1 100 1 100 1 1 7 1 1 100 1 1 100 1 100 1 1 7 1 7 1 1 1 1 8 1 1 8 1 1 8 1 1 8 1 1 8 1 1 8 1 1 8 1 1 8 1 1 8 1 1 8 1 1 8 1 1 8 1 1 8 1 1 8 1 1 8 1 1 8 1 1 8 1 1 8 1 1 8 1 1 8 1 1 8 1 1 8 1 1 3 1 1 3 1 3 1 3 1 3 1 3 1 3 1 3 1 1 8 1 1 1 1 1 1 1 1 1 1 1 1 1 1 1 1 1 1 1 1 1 1 1 1 1 1 1 1 1 1 1 1 1 1 1 1 1 1 1 1 1 1 1 1 1 1 1 1 1 1 1 1 1 1 1 1 1 1 1 1 1 1 1 1 1 1 1 1 1 1 1 1 1 1 1 1 1 1 1 1 1 1 1 1 1 1 1 1 1 3 1 3 1 1 1 1 1 1 1 1 1 1 1 1 1 1 1 1 1 1 1 1 1 1 1 1 1 1 1 1 1 1 1 1 1 1 1 1 1 1 1 1 7 1 12 9 1 7 1 1 1 1 7 1 1 12 11 1 7 1 1 12 10 12 9 1 7 1 1 12 10 1 1 12 10 10 12 9 12 9 12 9 12 9 12 9 12 9 12 9 12 9 12 9 12 9 12 9 12 9 12 9 12 9 12 9 12 9 12 9 12 9 12 9 12 9 1 7 10 12 9 12 9 12 9 12 9 12 9 12 9 12 9 12 9 12 9 12 9 12 9 12 9 12 9 12 9 12 9 1 7 12 9 12 9 1 7 12 9 12 9 1 7 12 9 7 12 9 12 9 12 9 12 9 1 7 12 9 12 9 1 7 1 12 10 12 9 12 9 12 9 12 9 12 9 12 9 12 9 12 9 1 7 10 12 9 1 7 1 7 10 1 12 10 12 9 1 10 12 9 1 7 10 12 9 1 1 1 100 1 12 10 1 1 12 10 1 1 12 10 1 12 10 1 7 1 1 12 10 1 1 12 10 1 1 12 10 1 7 1 12 10 1 12 10 1 7 1 1 12 10 1 100 1 1 12 11 12 9 1 7 1 12 10 1 12 10 1 7 1 1 12 10 1 7 1 12 10 1 7 1 12 10 1 7 1 12 10 1 12 10 1 1 12 10 10 1 100 1 1 12 10 1 12 11 1 7 1 12 9 1 7 1 1 12 10 1 1 12 10 1 1 12 10 1 12 10 1 1 12 10 1 12 10 1 1 12 10 1 12 10 1 100 10 1 1 12 10 1 12 10 1 12 10 1 12 10 1 1 12 10 12 10 1 1 12 10 1 12 10 1 1 12 10 10 1 12 10 1 12 9 12 9 1 12 10 1 12 10 12 9 1 12 10 12 10 1 12 10 1 100 1 100 1 12 9 12 10 1 1 12 10 1 100 1 1 12 10 1 1 12 9 10 1 12 10 1 1 12 10 1 1 12 10 12 9 1 7 1 1 12 10 1 100 1 100 10 1 1 12 10 12 9 1 7 1 1 12 11 1 1 12 10 1 8 1 1 12 10 1 100 12 9 1 12 10 12 9 1 12 10 1 8 1 12 9 12 9 1 12 10 1 1 12 10 1 12 10 12 10 1 12 10 1 12 10 1 1 12 10 1 12 10 1 1 12 9 1 1 12 10 1 1 12 10 1 1 12 10 1 12 9 1 1 12 10 1 12 9 1 7 1 1 12 10 1 12 9 1 12 9 1 100 12 9 1 7 1 1 12 10 1 1 12 10 1 8 1 8 1 12 10 1 12 10 1 1 12 10 1 1 12 10 1 8 1 8 1 12 10 12 10 1 1 12 10 12 10 1 12 10 1 1 12 10 12 10 1 12 10 1 12 10 1 1 12 10 10 1 1 12 10 1 12 9 1 12 9 1 7 1 1 12 9 1 12 10 1 1 12 10 1 8 1 8 1 8 1 1 12 10 1 1 12 10 1 12 10 12 9 1 12 10 1 1 12 10 1 1 12 10 10 1 7 10 1 12 10 1 12 10 1 1 12 10 1 1 12 10 1 8 1 12 9 1 7 10 1 8 1 1 12 10 1 12 10 1 7 1 12 10 1 12 9 1 1 12 10 1 1 12 10 1 12 9 1 12 9 1 12 9 1 12 9 1 12 9 1 12 9 1 1 12 10 1 1 12 10 1 12 10 12 9 1 7 1 1 12 10 12 9 1 7 1 12 10 12 9 1 7 1 12 10 12 9 1 7 1 12 10 1 8 1 12 10 1 12 10 12 9 1 7 1 12 10 1 12 10 12 9 1 7 1 1 12 10 1 1 12 10 1 8 1 12 9 1 1 12 10 1 12 10 1 12 10 1 1 1 1 100 10 1 12 10 10 1 12 10 1 1 1 100 10 10 1 1 10 10 1 1 1 100 10 10 1 1 1 100 10 10 1 1 1 100 11 11 1 1 1 100 10 1 12 10 1 1 1 1 1 1 1 1 1 1 1 1 1 1 1 1 1 7 1 12 9 1 12 9 1 1 12 9 1 12 9 12 10 12 10 1 8 1 8 1 12 9 10 1 8 12 9 1 1 12 10 1 12 10 1 8 1 8 1 12 10 1 8 1 1 12 10 12 9 1 8 1 12 9 1 8 1 1 12 10 12 10 12 10 12 10 12 10 12 10 12 10 10 10 10 10 10 10 10 10 1 1 12 10 1 12 10 1 12 10 1 12 10 1 12 10 1 12 10 1 12 10 1 1 12 10 1 1 1 1 1 1 12 10 1 1 12 10 1 12 10 1 12 10 12 10 1 8 1 8 1 12 10 1 12 10 12 9 1 7 1 12 10 1 1 1 1 1 1 7 1 1 12 10 7 1 1 12 10 12 9 12 9 1 7 1 1 12 10 1 8 1 12 10 1 1 12 10 1 1 12 10 10 1 12 10 1 1 12 10 1 100 1 1 12 10 1 1 12 10 1 100 1 100 1 100 1 1 12 10 1 1 12 10 1 100 10 10 10 1 100 10 1 12 11 1 100 1 12 10 1 100 10 11 1 1 12 10 11 12 9 1 100 10 1 12 10 1 1 12 11 1 1 12 10 1 1 12 11 1 12 11 10 1 1 12 10 1 1 12 10 1 1 12 10 1 100 1 12 11 10 10 1 12 11 1 100 1 12 10 1 1 12 10 1 1 12 10 10 10 1 100 1 12 11 1 100 1 1 12 11 1 100 1 12 11 12 9 1 100 10 1 12 10 1 12 10 1 12 11 12 11 1 12 10 11 1 12 11 10 1 1 12 10 1 100 1 100 10 1 1 12 10 1 1 12 10 1 100 1 12 10 1 12 10 1 12 10 1 8 12 10 1 1 12 10 1 1 12 10 1 12 10 1 1 12 10 1 12 10 100 1 1 12 10 10 1 12 10 1 1 12 10 1 12 11 11 1 1 12 10 1 1 12 10 1 12 10 1 12 10 1 12 10 11 1 12 11 1 1 12 10 1 1 1 12 10 1 12 10 1 12 10 1 12 10 1 12 10 1 12 10 1 12 10 1 12 10 1 100 1 12 11 1 12 11 12 10 1 1 12 10 1 100 11 12 11 1 12 10 1 12 10 12 10 1 1 12 10 1 12 10 12 10 1 12 10 12 10 1 12 10 12 10 1 12 10 12 10 1 12 10 1 1 12 10 1 1 12 10 1 100 1 1 12 10 1 100 1 1 12 10 1 100 1 1 12 10 1 100 1 1 12 10 1 1 12 11 1 12 10 1 12 11 1 1 12 11 1 12 10 1 100 1 1 12 10 1 100 1 100 1 1 12 10 1 1 12 11 1 1 12 10 1 1 12 11 1 1 12 10 1 12 10 10 1 1 12 10 1 1 12 10 1 100 11 1 12 11 1 12 11 1 12 11 1 100 11 11 1 100 1 1 12 10 1 1 12 11 1 12 10 1 1 12 11 1 100 11 1 100 1 12 11 11 1 12 11 1 1 12 10 1 1 12 10 1 12 11 11 11 11 1 1 12 10 1 1 12 10 1 1 12 10 10 10 1 12 10 1 1 12 10 1 100 1 12 11 1 12 11 1 1 12 10 1 1 12 10 12 10 10 1 8 1 1 12 10 1 12 10 10 10 10 10 10 10 10 1 7 10 12 9 1 7 10 12 9 1 12 10 1 12 10 12 10 1 12 10 1 12 10 10 10 10 10 10 10 10 10 10 10 1 1 1 1 12 9 1 1 100 1 7 11 1 7 1 1 12 10 10 11 10 10 1 12 9 1 1 12 10 1 1 12 9 1 100 1 1 12 9 1 1 12 10 1 12 9 1 12 9 1 1 12 9 1 1 1 12 10 1 12 10 1 12 11 1 8 1 12 9 1 8 1 12 9 1 8 1 12 9 1 8 1 8 1 12 9 1 8 1 8 1 1 12 10 1 8 1 100 10 1 8 1 8 1 1 1 12 10 1 12 9 1 12 11 12 10 1 12 9 1 12 9 1 8 1 8 1 12 10 1 1 1 7 1 12 10 10 1 12 10 1 12 10 1 12 10 1 1 12 10 1 8 1 1 12 10 1 12 10 1 1 1 1 8 1 8 1 8 1 8 1 8 1 8 1 8 1 8 1 8 1 8 1 8 1 8 1 8 1 8 1 8 1 8 1 8 1 8 1 8 1 8 1 1 1 1 1
staticfield org/mule/apache/xerces/impl/xs/traversers/XSDHandler EMPTY_TABLE Ljava/util/Hashtable; java/util/Hashtable
staticfield org/mule/apache/xerces/impl/xs/traversers/XSDHandler NS_ERROR_CODES [[Ljava/lang/String; 8 [[Ljava/lang/String;
staticfield org/mule/apache/xerces/impl/xs/traversers/XSDHandler ELE_ERROR_CODES [Ljava/lang/String; 8 [Ljava/lang/String;
staticfield org/mule/apache/xerces/impl/xs/traversers/XSDHandler COMP_TYPE [Ljava/lang/String; 8 [Ljava/lang/String;
staticfield org/mule/apache/xerces/impl/xs/traversers/XSDHandler CIRCULAR_CODES [Ljava/lang/String; 8 [Ljava/lang/String;
ciInstanceKlass org/mule/apache/xerces/impl/xs/traversers/XSDocumentInfo 1 1 224 1 7 1 7 1 1 1 1 1 1 1 1 1 1 1 1 1 1 1 1 1 1 1 1 1 1 1 1 1 1 1 1 1 1 1 1 100 1 12 10 1 7 10 12 9 1 7 10 12 9 1 7 10 12 9 12 9 12 9 12 9 12 9 1 7 1 12 10 12 9 1 12 10 12 9 12 9 1 7 1 1 12 10 12 9 1 12 10 1 100 1 7 1 1 12 9 1 7 1 1 12 10 12 9 1 12 9 12 9 1 12 9 1 1 12 10 12 9 1 12 9 12 9 1 12 9 1 7 12 9 1 1 12 10 1 12 10 12 9 1 1 12 10 1 1 12 10 1 1 1 12 10 1 1 1 12 10 1 1 1 100 10 1 8 1 1 12 10 1 8 1 1 12 11 1 100 1 100 1 12 11 1 12 10 1 8 12 10 1 1 1 8 1 1 12 10 1 1 1 1 12 10 1 1 1 1 1 1 12 10 1 1 1 100 1 12 9 1 1 1 1 1 1
ciInstanceKlass org/mule/apache/xerces/impl/xs/util/SimpleLocator 1 1 56 1 7 1 7 1 100 1 1 1 1 1 1 1 1 1 12 10 1 1 12 10 1 12 10 12 9 12 9 12 9 12 9 12 9 1 1 1 1 1 1 1 1 1 1 1 1 1 1 1 1 1 1 1 1 1
instanceKlass org/mule/apache/xerces/impl/dv/xs/QNameDV$XQName
ciInstanceKlass org/mule/apache/xerces/xni/QName 1 1 70 1 7 1 7 1 100 1 1 1 1 1 1 1 12 10 1 12 10 1 1 12 10 1 12 10 12 9 12 9 12 9 12 9 1 1 12 10 1 1 1 100 12 10 1 1 1 1 1 100 10 1 8 1 1 12 10 1 12 10 1 8 1 8 1 8 12 10 1 1
instanceKlass org/mule/apache/xerces/impl/xs/SchemaNamespaceSupport
ciInstanceKlass org/mule/apache/xerces/util/NamespaceSupport 1 1 97 1 7 1 7 1 7 1 7 1 1 1 1 1 1 1 1 1 1 1 12 10 1 7 12 9 12 9 12 9 1 1 12 10 1 1 12 11 1 100 1 1 12 11 1 1 12 11 1 1 12 11 1 1 12 10 1 12 9 12 9 1 7 1 1 12 9 1 12 9 1 12 9 1 12 9 1 7 1 1 12 10 1 1 10 1 1 1 1 1 12 10 1 1 1 1 1
ciInstanceKlass org/mule/apache/xerces/impl/dv/XSSimpleType 1 0 73 1 100 1 100 1 100 1 1 3 1 3 1 3 1 1 1 3 1 3 1 3 1 3 1 3 1 3 1 3 1 3 1 3 1 3 1 3 1 3 1 3 1 3 1 3 1 3 1 3 1 3 1 1 1 1 1 100 1 1 1 1 1 100 1 1 1 1 1 1 100 1 1
ciInstanceKlass org/mule/apache/xerces/impl/dv/xs/XSSimpleTypeDecl 1 1 1145 1 7 1 7 1 7 1 100 1 100 1 1 100 1 1 100 1 1 7 1 1 7 1 100 1 100 1 7 1 7 1 7 1 1 1 3 1 3 1 3 1 3 1 3 1 3 1 3 1 3 1 3 1 3 1 3 1 3 1 3 1 3 1 3 1 3 1 3 1 3 1 3 1 3 1 3 1 3 1 3 1 3 1 3 1 3 1 3 1 3 1 3 1 3 1 1 1 1 1 1 1 1 1 1 1 1 1 1 1 1 1 8 1 1 8 1 3 1 3 1 3 1 3 1 1 1 1 1 1 1 1 1 1 1 1 1 1 1 1 1 1 1 1 1 1 1 1 1 1 1 1 1 1 1 1 1 1 1 1 1 1 1 1 1 1 1 1 1 1 1 1 1 1 1 1 1 1 1 1 1 1 1 1 1 1 1 1 1 1 1 1 1 1 1 1 1 1 1 1 1 1 1 1 12 9 100 1 1 12 10 1 1 12 9 1 1 12 10 12 9 12 9 12 9 12 9 12 9 12 9 12 9 12 9 12 9 12 9 12 9 12 9 12 9 12 9 12 9 12 9 1 12 9 12 9 12 9 1 7 12 9 12 9 12 9 12 9 12 9 1 1 12 10 1 100 12 9 12 9 12 9 12 9 12 9 12 9 12 9 12 9 12 9 12 9 12 9 12 9 12 9 12 9 12 9 12 9 12 9 12 9 12 9 12 9 12 9 12 9 1 12 10 1 12 9 1 1 1 1 1 1 1 1 1 1 1 1 1 1 12 10 1 1 1 1 1 1 1 1 1 12 10 1 1 100 1 8 1 12 10 1 1 1 1 1 1 1 1 7 1 12 10 1 12 9 1 1 1 100 12 9 1 12 10 1 1 12 9 1 100 1 8 1 12 10 1 1 100 1 7 1 7 10 1 7 1 12 10 1 8 1 8 1 12 10 1 7 12 9 9 1 8 12 9 9 1 8 12 9 9 1 8 9 1 7 12 9 1 8 1 7 1 1 12 11 1 12 10 1 8 1 12 10 1 7 10 1 1 12 10 1 8 12 9 9 1 8 12 9 1 1 12 10 1 12 9 1 12 10 1 12 9 1 1 12 10 1 100 1 1 12 10 1 1 12 10 1 8 12 10 1 100 12 11 1 8 9 12 9 1 1 12 10 1 12 10 1 1 12 10 1 8 10 1 1 12 10 1 8 1 1 12 10 1 8 9 12 9 1 8 1 8 9 12 9 1 8 1 8 9 12 9 1 8 9 12 9 1 8 12 9 9 1 8 1 100 1 1 12 10 1 8 1 8 1 8 1 8 1 8 1 8 1 8 1 8 1 8 1 8 1 8 1 8 1 8 1 8 1 8 1 8 1 8 1 8 1 8 1 1 12 10 1 8 1 8 1 8 1 8 1 12 10 1 1 12 10 1 1 12 10 1 1 1 12 9 1 12 11 1 12 10 1 1 12 11 1 1 12 10 1 12 11 1 12 10 1 12 9 1 12 9 1 12 9 1 12 9 1 1 12 10 1 8 10 1 100 1 8 1 8 1 1 12 10 1 1 12 10 11 1 12 11 1 7 10 1 1 12 10 1 8 12 10 1 12 10 1 8 1 12 10 1 8 1 8 1 8 1 8 1 8 1 12 10 10 1 1 12 9 100 12 10 1 100 1 1 12 10 10 1 1 12 10 1 8 1 7 1 12 10 1 12 10 1 12 10 1 8 12 9 1 12 10 1 12 9 1 7 1 8 1 12 10 1 12 10 12 10 1 100 100 1 12 10 1 12 10 1 7 1 12 10 1 8 1 1 12 10 1 12 10 1 8 1 8 1 1 1 12 10 1 12 10 1 1 12 10 12 9 1 1 12 10 12 10 10 1 8 10 1 1 12 10 1 1 12 10 10 12 9 1 1 1 1 1 1 1 1 1 1 1 12 9 1 100 1 12 9 100 1 12 10 1 1 12 9 1 12 10 1 12 9 10 1 1 12 9 1 12 9 1 12 9 1 8 1 8 1 8 1 8 1 1 12 10 1 12 10 1 12 10 1 12 10 1 12 10 100 12 11 12 10 1 12 10 12 11 1 1 1 100 1 12 9 11 1 1 10 12 11 1 1 1 100 12 9 1 1 12 10 1 12 10 1 12 10 1 12 10 12 10 11 11 12 10 1 100 11 11 11 1 12 9 1 1 1 1 1 100 10 1 12 10 1 8 10 1 1 100 1 12 10 1 1 12 10 1 100 1 12 11 12 10 1 100 11 12 9 1 100 12 10 1 12 10 12 10 1 100 1 12 10 1 1 1 1 1 1 1 10 1 12 10 1 8 1 12 10 1 1 1 1 1 1 7 10 1 7 10 1 7 10 1 7 10 1 7 10 1 7 10 1 7 10 1 7 10 1 7 10 1 7 10 1 7 10 1 7 10 1 7 10 1 7 10 1 7 10 1 7 10 1 7 10 1 7 10 1 7 10 1 7 10 1 7 10 1 7 10 1 7 10 1 7 10 10 1 7 10 1 7 10 1 7 10 1 7 10 1 8 1 8 1 8 1 8 1 8 10 1 8 12 10 1 8 12 9 10 1 1 1 1 1
staticfield org/mule/apache/xerces/impl/dv/xs/XSSimpleTypeDecl gDVs [Lorg/mule/apache/xerces/impl/dv/xs/TypeValidator; 30 [Lorg/mule/apache/xerces/impl/dv/xs/TypeValidator;
staticfield org/mule/apache/xerces/impl/dv/xs/XSSimpleTypeDecl fDVNormalizeType [S 30
staticfield org/mule/apache/xerces/impl/dv/xs/XSSimpleTypeDecl SPECIAL_PATTERN_STRING [Ljava/lang/String; 4 [Ljava/lang/String;
staticfield org/mule/apache/xerces/impl/dv/xs/XSSimpleTypeDecl WS_FACET_STRING [Ljava/lang/String; 3 [Ljava/lang/String;
staticfield org/mule/apache/xerces/impl/dv/xs/XSSimpleTypeDecl fEmptyContext Lorg/mule/apache/xerces/impl/dv/ValidationContext; org/mule/apache/xerces/impl/dv/xs/XSSimpleTypeDecl$1
staticfield org/mule/apache/xerces/impl/dv/xs/XSSimpleTypeDecl fAnySimpleType Lorg/mule/apache/xerces/impl/dv/xs/XSSimpleTypeDecl; org/mule/apache/xerces/impl/dv/xs/XSSimpleTypeDecl
staticfield org/mule/apache/xerces/impl/dv/xs/XSSimpleTypeDecl fAnyAtomicType Lorg/mule/apache/xerces/impl/dv/xs/XSSimpleTypeDecl; org/mule/apache/xerces/impl/dv/xs/XSSimpleTypeDecl
staticfield org/mule/apache/xerces/impl/dv/xs/XSSimpleTypeDecl fDummyContext Lorg/mule/apache/xerces/impl/dv/ValidationContext; org/mule/apache/xerces/impl/dv/xs/XSSimpleTypeDecl$4
ciInstanceKlass org/mule/apache/xerces/impl/dv/ValidationContext 1 0 22 1 100 1 100 1 1 1 1 1 1 1 1 1 1 1 1 1 1 1 1 1
ciInstanceKlass org/mule/apache/xerces/xs/ShortList 1 0 102 1 100 1 100 1 100 1 1 1 1 1 1 1 100 1 1 100 1 8 1 1 12 10 1 1 1 8 1 1 8 1 1 8 1 1 8 1 1 8 1 1 1 8 1 1 1 8 1 1 8 1 1 1 8 1 1 1 8 1 1 1 8 1 1 1 8 1 1 8 1 1 1 8 1 1 8 1 1 1 8 1 1 8 1 1 1 8 1 1 8 1 1 8 1 1 1 8 1 1 8 1
instanceKlass org/mule/apache/xerces/impl/dv/xs/AnyAtomicDV
instanceKlass org/mule/apache/xerces/impl/dv/xs/UnionDV
instanceKlass org/mule/apache/xerces/impl/dv/xs/ListDV
instanceKlass org/mule/apache/xerces/impl/dv/xs/EntityDV
instanceKlass org/mule/apache/xerces/impl/dv/xs/IDREFDV
instanceKlass org/mule/apache/xerces/impl/dv/xs/IDDV
instanceKlass org/mule/apache/xerces/impl/dv/xs/PrecisionDecimalDV
instanceKlass org/mule/apache/xerces/impl/dv/xs/QNameDV
instanceKlass org/mule/apache/xerces/impl/dv/xs/AnyURIDV
instanceKlass org/mule/apache/xerces/impl/dv/xs/Base64BinaryDV
instanceKlass org/mule/apache/xerces/impl/dv/xs/HexBinaryDV
instanceKlass org/mule/apache/xerces/impl/dv/xs/AbstractDateTimeDV
instanceKlass org/mule/apache/xerces/impl/dv/xs/DoubleDV
instanceKlass org/mule/apache/xerces/impl/dv/xs/FloatDV
instanceKlass org/mule/apache/xerces/impl/dv/xs/DecimalDV
instanceKlass org/mule/apache/xerces/impl/dv/xs/BooleanDV
instanceKlass org/mule/apache/xerces/impl/dv/xs/StringDV
instanceKlass org/mule/apache/xerces/impl/dv/xs/AnySimpleDV
ciInstanceKlass org/mule/apache/xerces/impl/dv/xs/TypeValidator 1 1 92 1 7 1 7 1 7 1 1 1 1 3 1 3 1 3 1 3 1 1 12 10 1 1 1 1 1 100 1 1 1 1 1 1 12 10 1 1 1 1 1 7 12 9 1 1 12 10 1 1 12 10 1 1 1 1 12 10 1 100 1 1 12 10 1 12 10 1 1 1 1 12 10 1 10 1 7 1 1 12 10 1 7 1 1 12 9 1 1 1 1 1
staticfield org/mule/apache/xerces/impl/dv/xs/TypeValidator USE_CODE_POINT_COUNT_FOR_STRING_LENGTH Z 0
ciInstanceKlass org/mule/apache/xerces/impl/dv/xs/StringDV 1 1 17 1 100 1 7 1 1 12 10 1 1 1 1 1 100 1 1
ciInstanceKlass org/mule/apache/xerces/impl/dv/xs/QNameDV 1 1 86 1 7 1 7 1 7 1 1 1 1 1 12 10 1 1 1 1 1 100 1 8 1 7 1 1 12 10 1 1 12 10 1 7 1 1 12 11 1 12 10 12 9 1 1 12 10 1 7 1 1 12 10 1 8 1 100 1 8 1 12 10 1 12 11 1 8 1 12 10 1 1 1 12 9 1 1 8 1 1 12 10 1 1 1 1
staticfield org/mule/apache/xerces/impl/dv/xs/QNameDV EMPTY_STRING Ljava/lang/String; ""ciInstanceKlass org/mule/apache/xerces/impl/dv/xs/IntegerDV 1 1 34 1 100 1 7 1 7 1 1 1 12 10 1 1 1 100 1 100 1 12 10 1 8 1 100 1 8 1 12 10 1 1 1 1
ciInstanceKlass org/mule/apache/xerces/impl/dv/ValidatedInfo 1 1 118 1 7 1 7 1 100 1 1 1 1 1 1 1 1 1 1 1 1 1 1 1 12 10 1 12 9 12 9 12 9 12 9 12 9 12 9 12 9 1 1 1 12 10 1 1 1 1 12 10 1 100 1 1 12 11 1 1 12 11 1 1 1 1 1 1 1 100 1 1 12 9 1 1 1 100 1 12 9 1 12 10 1 1 1 1 1 1 12 10 12 11 12 11 12 11 12 11 1 100 12 11 1 12 11 12 11 1 100 11 1 1 12 11 12 11 1 1
ciInstanceKlass org/mule/apache/xerces/util/XMLChar 1 1 105 1 7 1 100 1 1 1 1 3 1 3 1 3 1 3 1 3 1 3 1 3 1 3 1 1 12 10 1 1 3 3 1 1 3 3 1 1 1 1 3 1 3 1 12 9 1 12 10 1 1 1 1 1 1 1 1 1 1 1 7 1 1 12 10 1 12 10 12 10 12 10 1 12 10 12 10 1 1 1 1 1 12 10 1 8 1 1 12 10 1 1 7 1 1 12 10 3 3 3 3 3 1 1 1
staticfield org/mule/apache/xerces/util/XMLChar CHARS [B 65536
ciInstanceKlass org/mule/apache/xerces/impl/xpath/regex/RegularExpression 1 1 653 1 7 1 7 1 100 1 7 1 1 7 1 1 100 1 1 100 1 1 100 1 1 7 1 1 100 1 7 1 1 100 1 1 100 1 7 1 1 100 1 1 7 1 1 7 1 1 100 1 1 100 1 1 100 1 1 100 1 1 1 5 0 1 1 3 1 1 1 1 1 1 1 1 1 1 1 1 1 1 1 1 1 1 1 1 1 1 3 1 3 1 3 1 3 1 3 1 3 1 3 1 3 1 3 1 3 1 1 3 1 1 3 1 3 1 3 1 3 1 1 12 9 12 9 1 12 10 1 12 9 1 1 12 10 1 12 9 1 1 12 10 1 1 12 10 1 12 10 1 1 12 10 1 12 10 1 1 12 10 1 1 12 10 1 1 12 10 1 12 10 1 12 10 1 1 12 10 9 1 12 10 1 1 12 10 1 1 12 10 1 1 12 10 1 1 12 10 1 12 10 1 12 10 1 12 10 1 1 12 10 1 1 12 10 1 1 12 10 1 12 10 1 12 10 1 1 12 10 1 12 9 1 12 9 1 12 9 1 12 9 1 1 12 10 1 100 1 100 1 1 12 10 1 8 1 1 12 10 1 12 10 1 12 10 1 12 10 1 1 1 100 1 12 10 1 1 1 12 10 12 9 10 1 100 1 12 9 1 1 12 10 12 9 1 1 12 10 1 1 12 10 12 9 10 1 1 12 9 12 9 1 1 12 10 1 12 9 1 12 10 1 12 9 1 1 12 10 1 12 10 1 1 12 10 12 9 12 9 1 100 1 12 10 12 9 1 7 1 12 10 12 9 9 12 10 1 100 1 1 12 10 12 9 1 7 1 7 1 12 10 1 1 12 10 12 10 1 1 12 10 1 1 1 12 10 12 10 1 12 10 1 1 12 10 1 1 12 9 1 7 10 1 7 10 1 12 10 10 1 1 12 10 1 1 12 10 1 1 12 10 1 8 1 1 12 10 1 12 10 1 1 12 10 10 1 12 10 1 1 12 9 1 12 10 1 12 10 1 1 12 10 12 10 10 1 1 12 10 1 12 10 9 12 9 12 9 9 12 9 1 8 1 1 12 10 1 1 12 10 12 10 1 12 10 12 9 1 1 12 10 1 12 10 1 1 12 10 1 1 12 10 1 100 1 12 11 1 12 11 1 12 10 1 12 10 1 12 10 1 12 11 12 9 12 10 1 12 10 12 10 1 1 12 10 1 12 10 3 1 1 12 10 12 10 12 9 1 12 10 10 1 1 12 10 1 12 9 9 1 100 1 12 10 10 1 12 10 1 12 10 1 12 9 1 100 1 1 12 10 1 12 10 1 12 10 1 7 1 12 10 1 7 10 1 1 12 10 1 12 9 9 1 1 12 10 1 12 10 1 12 10 1 1 12 10 1 1 1 8 12 10 12 10 1 1 8 1 1 12 10 1 12 10 1 100 1 1 12 10 3 1 1 12 10 1 12 10 1 1 1 1 1
ciInstanceKlass org/mule/apache/xerces/util/XMLSymbols 1 1 103 1 7 1 100 1 1 1 1 1 1 1 1 1 1 1 1 1 1 1 1 1 1 1 1 12 10 1 1 8 1 7 1 1 12 10 12 9 1 8 12 9 1 8 12 9 1 8 12 9 1 8 12 9 1 8 12 9 1 8 12 9 1 8 12 9 1 8 12 9 1 8 12 9 1 8 12 9 1 8 12 9 1 8 12 9 1 8 12 9 1 8 12 9 1 8 12 9 1 8 12 9 1
staticfield org/mule/apache/xerces/util/XMLSymbols EMPTY_STRING Ljava/lang/String; ""staticfield org/mule/apache/xerces/util/XMLSymbols PREFIX_XML Ljava/lang/String; "xml"staticfield org/mule/apache/xerces/util/XMLSymbols PREFIX_XMLNS Ljava/lang/String; "xmlns"staticfield org/mule/apache/xerces/util/XMLSymbols fANYSymbol Ljava/lang/String; "ANY"staticfield org/mule/apache/xerces/util/XMLSymbols fCDATASymbol Ljava/lang/String; "CDATA"staticfield org/mule/apache/xerces/util/XMLSymbols fIDSymbol Ljava/lang/String; "ID"staticfield org/mule/apache/xerces/util/XMLSymbols fIDREFSymbol Ljava/lang/String; "IDREF"staticfield org/mule/apache/xerces/util/XMLSymbols fIDREFSSymbol Ljava/lang/String; "IDREFS"staticfield org/mule/apache/xerces/util/XMLSymbols fENTITYSymbol Ljava/lang/String; "ENTITY"staticfield org/mule/apache/xerces/util/XMLSymbols fENTITIESSymbol Ljava/lang/String; "ENTITIES"staticfield org/mule/apache/xerces/util/XMLSymbols fNMTOKENSymbol Ljava/lang/String; "NMTOKEN"staticfield org/mule/apache/xerces/util/XMLSymbols fNMTOKENSSymbol Ljava/lang/String; "NMTOKENS"staticfield org/mule/apache/xerces/util/XMLSymbols fNOTATIONSymbol Ljava/lang/String; "NOTATION"staticfield org/mule/apache/xerces/util/XMLSymbols fENUMERATIONSymbol Ljava/lang/String; "ENUMERATION"staticfield org/mule/apache/xerces/util/XMLSymbols fIMPLIEDSymbol Ljava/lang/String; "#IMPLIED"staticfield org/mule/apache/xerces/util/XMLSymbols fREQUIREDSymbol Ljava/lang/String; "#REQUIRED"staticfield org/mule/apache/xerces/util/XMLSymbols fFIXEDSymbol Ljava/lang/String; "#FIXED"instanceKlass org/mule/apache/xerces/impl/xs/opti/NodeImpl
ciInstanceKlass org/mule/apache/xerces/impl/xs/opti/DefaultNode 1 1 76 1 100 1 7 1 100 1 1 12 10 1 1 1 1 100 1 1 1 1 1 1 1 1 1 1 1 1 1 1 1 1 1 1 1 1 1 1 1 1 1 1 1 1 1 8 1 12 10 1 1 1 1 1 1 1 1 1 1 1 1 1 1 1 1 1 1 1 1 1 1 1 1 1 1 1
instanceKlass org/mule/apache/xerces/impl/xs/opti/AttrImpl
instanceKlass org/mule/apache/xerces/impl/xs/opti/DefaultElement
instanceKlass org/mule/apache/xerces/impl/xs/opti/DefaultDocument
ciInstanceKlass org/mule/apache/xerces/impl/xs/opti/NodeImpl 1 1 64 1 7 1 7 1 1 1 1 1 1 1 1 1 1 1 12 10 1 12 9 12 9 12 9 12 9 12 9 1 1 1 1 1 1 1 1 1 12 9 1 1 1 1 100 10 1 8 1 1 12 10 12 10 1 8 1 12 10 1 8 12 10 1
ciInstanceKlass org/mule/apache/xerces/impl/xs/opti/SchemaDOM 1 1 393 1 7 1 7 1 1 3 1 3 1 1 1 1 1 1 1 1 1 1 1 1 1 12 10 12 9 1 12 10 1 1 1 7 1 12 10 1 1 12 10 12 9 1 1 12 10 12 10 1 7 1 1 12 9 9 1 12 9 9 1 12 9 9 1 12 9 9 1 1 12 9 1 7 1 1 12 11 1 7 1 100 1 7 1 1 12 11 1 12 11 1 12 11 1 12 11 1 12 11 1 12 10 1 12 9 12 9 12 9 1 12 10 12 9 1 12 10 1 12 9 1 12 9 1 12 9 1 1 1 1 8 1 7 1 1 12 10 1 7 1 12 9 1 1 12 9 1 12 9 1 12 10 1 8 1 1 1 8 1 12 10 1 8 1 12 9 1 8 1 8 1 8 1 8 1 1 1 1 1 8 1 8 1 1 12 10 1 12 9 1 1 12 10 1 8 1 1 1 12 10 1 12 9 1 1 8 1 1 8 1 7 1 7 1 1 12 10 100 1 7 1 8 1 1 1 1 12 10 1 1 12 9 1 100 10 1 8 1 12 10 1 100 1 12 11 10 1 100 1 12 10 1 1 12 11 1 1 12 11 1 100 11 1 8 1 1 12 11 1 12 11 1 8 12 11 1 8 1 12 11 1 12 10 1 1 12 11 12 10 1 12 11 1 8 1 12 10 1 1 1 1 1 100 1 12 10 1 1 1 12 10 12 10 1 8 1 7 10 1 7 1 12 9 1 7 1 12 9 1 7 1 1 12 10 1 1 12 10 1 8 1 1 12 11 1 7 1 12 11 1 1 12 11 12 11 1 12 10 1 8 1 8 1 8 1 1 1 12 10 12 10 1 1 12 10 1 1 12 10 1 1 12 10 1 8 1 8 1 8 1 1 1
instanceKlass org/mule/apache/xerces/impl/xs/opti/ElementImpl
ciInstanceKlass org/mule/apache/xerces/impl/xs/opti/DefaultElement 1 1 60 1 100 1 7 1 100 1 1 12 10 1 12 10 1 1 1 1 1 1 1 1 1 1 1 1 1 1 1 1 1 1 1 1 1 1 1 100 1 8 1 12 10 1 1 1 1 1 1 1 1 1 1 1 1 1 1 1 1 1
ciInstanceKlass org/mule/apache/xerces/impl/xs/opti/ElementImpl 1 1 138 1 7 1 7 1 1 1 1 1 1 1 1 1 1 1 1 1 1 1 1 1 12 10 12 9 12 9 12 9 1 1 12 9 12 9 12 9 12 9 1 12 10 1 1 12 10 1 12 10 1 1 12 9 1 1 1 7 1 1 12 9 1 1 1 1 1 1 1 1 1 7 12 9 1 12 10 1 1 1 1 12 9 1 1 1 7 1 12 11 1 7 1 1 12 10 1 12 11 1 8 1 1 1 1 1 12 11 1 12 11 1 1 12 10 1 1 1 1 1 1 1 1 1 12 11 1 1 1 1 1 12 9 1 12 9 1 1
ciInstanceKlass org/mule/apache/xerces/impl/xs/SchemaSymbols 1 1 650 1 7 1 100 1 1 1 1 1 1 1 1 1 1 1 1 1 1 1 1 1 1 1 1 1 1 1 1 1 1 1 1 1 1 1 1 1 1 1 1 1 1 1 1 1 1 1 1 1 1 1 1 1 1 1 1 1 1 1 1 1 1 1 1 1 1 1 1 1 1 1 1 1 1 1 1 1 1 1 1 1 1 1 1 1 1 1 1 1 1 8 1 1 8 1 1 8 1 1 8 1 1 8 1 1 8 1 1 8 1 1 8 1 1 8 1 1 8 1 1 8 1 1 8 1 1 8 1 1 8 1 1 8 1 1 8 1 1 8 1 1 8 1 1 8 1 1 8 1 1 8 1 1 8 1 1 8 1 1 8 1 1 8 1 1 8 1 1 8 1 1 8 1 1 8 1 1 8 1 1 8 1 1 8 1 1 8 1 1 8 1 1 8 1 1 8 1 1 8 1 1 8 1 1 8 1 1 8 1 1 8 1 1 8 1 1 8 1 1 8 1 1 8 1 1 8 1 1 8 1 1 8 1 1 8 1 1 8 1 1 8 1 1 8 1 1 8 1 1 8 1 1 8 1 1 8 1 1 8 1 1 8 1 1 8 1 1 8 1 1 8 1 1 8 1 1 8 1 1 8 1 1 8 1 1 8 1 1 8 1 1 8 1 1 8 1 1 8 1 1 8 1 1 8 1 1 3 1 3 1 1 1 3 1 1 3 1 1 12 10 1 1 8 1 7 1 1 12 10 12 9 1 8 12 9 1 8 12 9 1 8 12 9 1 8 12 9 1 8 12 9 1 8 12 9 1 8 12 9 1 8 12 9 1 8 12 9 1 8 12 9 1 8 12 9 1 8 12 9 1 8 12 9 1 8 12 9 1 8 12 9 1 8 12 9 1 8 12 9 1 8 12 9 12 9 1 8 12 9 1 8 12 9 1 8 12 9 1 8 12 9 1 8 12 9 1 8 12 9 1 8 12 9 1 8 12 9 12 9 1 8 12 9 1 8 12 9 1 8 12 9 1 8 12 9 1 8 12 9 1 8 12 9 1 8 12 9 1 8 12 9 1 8 12 9 12 9 1 8 12 9 1 8 12 9 1 8 12 9 1 8 12 9 1 8 12 9 1 8 12 9 12 9 1 8 12 9 1 8 12 9 1 8 12 9 1 8 12 9 1 8 12 9 1 8 12 9 1 8 12 9 1 8 12 9 1 8 12 9 1 8 12 9 1 8 12 9 1 8 12 9 1 8 12 9 1 8 12 9 1 8 12 9 1 8 12 9 1 8 12 9 1 8 12 9 1 8 12 9 1 8 12 9 1 8 12 9 1 8 12 9 1 8 12 9 1 8 12 9 1 8 12 9 12 9 1 8 12 9 1 8 12 9 1 8 12 9 1 8 12 9 1 8 12 9 12 9 1 8 12 9 1 8 12 9 1 8 12 9 1 8 12 9 1 8 12 9 1 1
staticfield org/mule/apache/xerces/impl/xs/SchemaSymbols URI_XSI Ljava/lang/String; "http://www.w3.org/2001/XMLSchema-instance"staticfield org/mule/apache/xerces/impl/xs/SchemaSymbols XSI_SCHEMALOCATION Ljava/lang/String; "schemaLocation"staticfield org/mule/apache/xerces/impl/xs/SchemaSymbols XSI_NONAMESPACESCHEMALOCATION Ljava/lang/String; "noNamespaceSchemaLocation"staticfield org/mule/apache/xerces/impl/xs/SchemaSymbols XSI_TYPE Ljava/lang/String; "type"staticfield org/mule/apache/xerces/impl/xs/SchemaSymbols XSI_NIL Ljava/lang/String; "nil"staticfield org/mule/apache/xerces/impl/xs/SchemaSymbols URI_SCHEMAFORSCHEMA Ljava/lang/String; "http://www.w3.org/2001/XMLSchema"staticfield org/mule/apache/xerces/impl/xs/SchemaSymbols ELT_ALL Ljava/lang/String; "all"staticfield org/mule/apache/xerces/impl/xs/SchemaSymbols ELT_ANNOTATION Ljava/lang/String; "annotation"staticfield org/mule/apache/xerces/impl/xs/SchemaSymbols ELT_ANY Ljava/lang/String; "any"staticfield org/mule/apache/xerces/impl/xs/SchemaSymbols ELT_ANYATTRIBUTE Ljava/lang/String; "anyAttribute"staticfield org/mule/apache/xerces/impl/xs/SchemaSymbols ELT_APPINFO Ljava/lang/String; "appinfo"staticfield org/mule/apache/xerces/impl/xs/SchemaSymbols ELT_ATTRIBUTE Ljava/lang/String; "attribute"staticfield org/mule/apache/xerces/impl/xs/SchemaSymbols ELT_ATTRIBUTEGROUP Ljava/lang/String; "attributeGroup"staticfield org/mule/apache/xerces/impl/xs/SchemaSymbols ELT_CHOICE Ljava/lang/String; "choice"staticfield org/mule/apache/xerces/impl/xs/SchemaSymbols ELT_COMPLEXCONTENT Ljava/lang/String; "complexContent"staticfield org/mule/apache/xerces/impl/xs/SchemaSymbols ELT_COMPLEXTYPE Ljava/lang/String; "complexType"staticfield org/mule/apache/xerces/impl/xs/SchemaSymbols ELT_DOCUMENTATION Ljava/lang/String; "documentation"staticfield org/mule/apache/xerces/impl/xs/SchemaSymbols ELT_ELEMENT Ljava/lang/String; "element"staticfield org/mule/apache/xerces/impl/xs/SchemaSymbols ELT_ENUMERATION Ljava/lang/String; "enumeration"staticfield org/mule/apache/xerces/impl/xs/SchemaSymbols ELT_EXTENSION Ljava/lang/String; "extension"staticfield org/mule/apache/xerces/impl/xs/SchemaSymbols ELT_FIELD Ljava/lang/String; "field"staticfield org/mule/apache/xerces/impl/xs/SchemaSymbols ELT_FRACTIONDIGITS Ljava/lang/String; "fractionDigits"staticfield org/mule/apache/xerces/impl/xs/SchemaSymbols ELT_GROUP Ljava/lang/String; "group"staticfield org/mule/apache/xerces/impl/xs/SchemaSymbols ELT_IMPORT Ljava/lang/String; "import"staticfield org/mule/apache/xerces/impl/xs/SchemaSymbols ELT_INCLUDE Ljava/lang/String; "include"staticfield org/mule/apache/xerces/impl/xs/SchemaSymbols ELT_KEY Ljava/lang/String; "key"staticfield org/mule/apache/xerces/impl/xs/SchemaSymbols ELT_KEYREF Ljava/lang/String; "keyref"staticfield org/mule/apache/xerces/impl/xs/SchemaSymbols ELT_LENGTH Ljava/lang/String; "length"staticfield org/mule/apache/xerces/impl/xs/SchemaSymbols ELT_LIST Ljava/lang/String; "list"staticfield org/mule/apache/xerces/impl/xs/SchemaSymbols ELT_MAXEXCLUSIVE Ljava/lang/String; "maxExclusive"staticfield org/mule/apache/xerces/impl/xs/SchemaSymbols ELT_MAXINCLUSIVE Ljava/lang/String; "maxInclusive"staticfield org/mule/apache/xerces/impl/xs/SchemaSymbols ELT_MAXLENGTH Ljava/lang/String; "maxLength"staticfield org/mule/apache/xerces/impl/xs/SchemaSymbols ELT_MINEXCLUSIVE Ljava/lang/String; "minExclusive"staticfield org/mule/apache/xerces/impl/xs/SchemaSymbols ELT_MININCLUSIVE Ljava/lang/String; "minInclusive"staticfield org/mule/apache/xerces/impl/xs/SchemaSymbols ELT_MINLENGTH Ljava/lang/String; "minLength"staticfield org/mule/apache/xerces/impl/xs/SchemaSymbols ELT_NOTATION Ljava/lang/String; "notation"staticfield org/mule/apache/xerces/impl/xs/SchemaSymbols ELT_PATTERN Ljava/lang/String; "pattern"staticfield org/mule/apache/xerces/impl/xs/SchemaSymbols ELT_REDEFINE Ljava/lang/String; "redefine"staticfield org/mule/apache/xerces/impl/xs/SchemaSymbols ELT_RESTRICTION Ljava/lang/String; "restriction"staticfield org/mule/apache/xerces/impl/xs/SchemaSymbols ELT_SCHEMA Ljava/lang/String; "schema"staticfield org/mule/apache/xerces/impl/xs/SchemaSymbols ELT_SELECTOR Ljava/lang/String; "selector"staticfield org/mule/apache/xerces/impl/xs/SchemaSymbols ELT_SEQUENCE Ljava/lang/String; "sequence"staticfield org/mule/apache/xerces/impl/xs/SchemaSymbols ELT_SIMPLECONTENT Ljava/lang/String; "simpleContent"staticfield org/mule/apache/xerces/impl/xs/SchemaSymbols ELT_SIMPLETYPE Ljava/lang/String; "simpleType"staticfield org/mule/apache/xerces/impl/xs/SchemaSymbols ELT_TOTALDIGITS Ljava/lang/String; "totalDigits"staticfield org/mule/apache/xerces/impl/xs/SchemaSymbols ELT_UNION Ljava/lang/String; "union"staticfield org/mule/apache/xerces/impl/xs/SchemaSymbols ELT_UNIQUE Ljava/lang/String; "unique"staticfield org/mule/apache/xerces/impl/xs/SchemaSymbols ELT_WHITESPACE Ljava/lang/String; "whiteSpace"staticfield org/mule/apache/xerces/impl/xs/SchemaSymbols ATT_ABSTRACT Ljava/lang/String; "abstract"staticfield org/mule/apache/xerces/impl/xs/SchemaSymbols ATT_ATTRIBUTEFORMDEFAULT Ljava/lang/String; "attributeFormDefault"staticfield org/mule/apache/xerces/impl/xs/SchemaSymbols ATT_BASE Ljava/lang/String; "base"staticfield org/mule/apache/xerces/impl/xs/SchemaSymbols ATT_BLOCK Ljava/lang/String; "block"staticfield org/mule/apache/xerces/impl/xs/SchemaSymbols ATT_BLOCKDEFAULT Ljava/lang/String; "blockDefault"staticfield org/mule/apache/xerces/impl/xs/SchemaSymbols ATT_DEFAULT Ljava/lang/String; "default"staticfield org/mule/apache/xerces/impl/xs/SchemaSymbols ATT_ELEMENTFORMDEFAULT Ljava/lang/String; "elementFormDefault"staticfield org/mule/apache/xerces/impl/xs/SchemaSymbols ATT_FINAL Ljava/lang/String; "final"staticfield org/mule/apache/xerces/impl/xs/SchemaSymbols ATT_FINALDEFAULT Ljava/lang/String; "finalDefault"staticfield org/mule/apache/xerces/impl/xs/SchemaSymbols ATT_FIXED Ljava/lang/String; "fixed"staticfield org/mule/apache/xerces/impl/xs/SchemaSymbols ATT_FORM Ljava/lang/String; "form"staticfield org/mule/apache/xerces/impl/xs/SchemaSymbols ATT_ID Ljava/lang/String; "id"staticfield org/mule/apache/xerces/impl/xs/SchemaSymbols ATT_ITEMTYPE Ljava/lang/String; "itemType"staticfield org/mule/apache/xerces/impl/xs/SchemaSymbols ATT_MAXOCCURS Ljava/lang/String; "maxOccurs"staticfield org/mule/apache/xerces/impl/xs/SchemaSymbols ATT_MEMBERTYPES Ljava/lang/String; "memberTypes"staticfield org/mule/apache/xerces/impl/xs/SchemaSymbols ATT_MINOCCURS Ljava/lang/String; "minOccurs"staticfield org/mule/apache/xerces/impl/xs/SchemaSymbols ATT_MIXED Ljava/lang/String; "mixed"staticfield org/mule/apache/xerces/impl/xs/SchemaSymbols ATT_NAME Ljava/lang/String; "name"staticfield org/mule/apache/xerces/impl/xs/SchemaSymbols ATT_NAMESPACE Ljava/lang/String; "namespace"staticfield org/mule/apache/xerces/impl/xs/SchemaSymbols ATT_NILLABLE Ljava/lang/String; "nillable"staticfield org/mule/apache/xerces/impl/xs/SchemaSymbols ATT_PROCESSCONTENTS Ljava/lang/String; "processContents"staticfield org/mule/apache/xerces/impl/xs/SchemaSymbols ATT_REF Ljava/lang/String; "ref"staticfield org/mule/apache/xerces/impl/xs/SchemaSymbols ATT_REFER Ljava/lang/String; "refer"staticfield org/mule/apache/xerces/impl/xs/SchemaSymbols ATT_SCHEMALOCATION Ljava/lang/String; "schemaLocation"staticfield org/mule/apache/xerces/impl/xs/SchemaSymbols ATT_SOURCE Ljava/lang/String; "source"staticfield org/mule/apache/xerces/impl/xs/SchemaSymbols ATT_SUBSTITUTIONGROUP Ljava/lang/String; "substitutionGroup"staticfield org/mule/apache/xerces/impl/xs/SchemaSymbols ATT_SYSTEM Ljava/lang/String; "system"staticfield org/mule/apache/xerces/impl/xs/SchemaSymbols ATT_PUBLIC Ljava/lang/String; "public"staticfield org/mule/apache/xerces/impl/xs/SchemaSymbols ATT_TARGETNAMESPACE Ljava/lang/String; "targetNamespace"staticfield org/mule/apache/xerces/impl/xs/SchemaSymbols ATT_TYPE Ljava/lang/String; "type"staticfield org/mule/apache/xerces/impl/xs/SchemaSymbols ATT_USE Ljava/lang/String; "use"staticfield org/mule/apache/xerces/impl/xs/SchemaSymbols ATT_VALUE Ljava/lang/String; "value"staticfield org/mule/apache/xerces/impl/xs/SchemaSymbols ATT_VERSION Ljava/lang/String; "version"staticfield org/mule/apache/xerces/impl/xs/SchemaSymbols ATT_XML_LANG Ljava/lang/String; "xml:lang"staticfield org/mule/apache/xerces/impl/xs/SchemaSymbols ATT_XPATH Ljava/lang/String; "xpath"ciInstanceKlass org/mule/apache/xerces/impl/xs/opti/AttrImpl 1 1 71 1 7 1 7 1 100 1 1 1 1 1 1 12 10 1 1 12 9 1 1 12 10 12 9 12 9 1 1 1 12 9 1 1 1 1 12 10 1 1 1 1 1 100 12 11 1 1 1 100 1 1 1 1 1 100 10 12 10 1 1 12 10 1 8 1 8 12 10 1 1
ciInstanceKlass org/mule/apache/xerces/util/DOMUtil 1 1 312 1 7 1 100 1 100 1 1 1 12 10 1 1 1 100 1 7 1 1 12 11 1 100 1 7 1 1 12 11 1 1 12 11 1 1 12 11 1 1 12 11 1 12 11 1 1 12 11 1 1 12 11 1 7 1 1 12 11 1 7 1 1 12 11 1 7 11 11 1 1 12 11 1 1 12 11 1 1 12 11 1 100 1 1 12 10 1 1 12 11 1 1 12 11 1 1 12 11 1 100 1 100 10 1 8 1 1 12 10 1 12 10 1 8 1 12 10 1 12 10 1 12 10 1 1 12 11 1 12 11 1 1 12 11 1 12 11 1 12 11 1 1 1 1 1 12 10 1 1 12 10 1 1 12 11 1 12 11 1 1 1 1 1 1 7 1 1 12 10 1 100 10 1 1 8 1 100 1 1 12 10 1 1 1 12 10 1 12 10 10 1 1 12 10 1 1 100 1 12 10 1 1 1 12 11 1 12 11 1 1 1 1 1 11 1 1 12 11 1 1 1 100 10 1 12 10 12 10 10 1 1 1 11 1 1 1 1 1 1 12 11 1 1 1 1 1 1 12 11 1 1 11 1 100 1 1 12 11 1 1 1 1 1 1 12 11 1 12 11 1 1 7 12 10 1 12 10 1 1 1 100 1 100 1 12 10 1 12 10 1 12 10 1 1 12 10 1 100 1 1 12 10 1 1 1 100 10 1 1 1 1
ciInstanceKlass org/mule/apache/xerces/impl/xs/traversers/XSAttributeChecker 1 1 1038 1 7 1 7 1 100 1 100 1 1 100 1 7 1 1 1 1 8 1 1 8 1 1 8 1 1 8 1 1 1 1 1 1 1 1 1 1 1 1 1 1 1 1 1 1 1 1 1 1 1 1 1 1 1 1 1 1 1 1 1 1 1 1 1 1 1 1 1 1 1 1 1 1 1 1 1 1 1 1 1 1 1 1 1 1 1 1 1 1 1 1 1 3 1 3 1 3 1 3 1 3 1 3 1 3 1 3 1 3 1 3 1 1 1 3 1 3 1 3 1 3 1 3 1 3 1 3 1 3 1 3 1 3 1 3 1 3 1 3 1 3 1 3 1 3 1 3 1 1 1 1 1 1 1 1 1 1 1 3 1 1 1 1 1 1 1 1 1 12 10 12 9 12 9 1 7 10 12 9 1 7 10 12 9 12 9 12 9 7 12 9 12 9 1 1 1 12 10 1 1 1 12 10 1 100 1 7 1 1 12 10 1 7 1 1 12 9 1 1 12 10 1 1 12 10 1 12 10 1 7 1 12 9 1 7 1 1 12 10 1 8 1 1 12 10 1 100 12 9 12 9 1 12 9 1 12 9 1 1 12 10 1 12 9 1 1 12 10 1 7 1 8 1 1 12 10 12 9 1 7 1 1 12 10 1 100 7 1 7 1 1 12 11 1 1 12 10 1 8 1 1 12 10 1 12 10 1 8 1 12 9 1 12 9 1 12 9 1 1 12 10 1 8 12 9 1 12 10 1 1 12 10 1 12 10 1 7 1 12 9 1 12 9 12 9 1 1 12 9 1 7 1 1 12 11 1 7 1 12 9 1 7 1 12 9 1 12 9 1 1 12 9 1 12 9 1 12 10 1 8 1 12 10 1 1 12 9 1 12 9 12 9 1 7 1 12 10 1 1 12 9 100 12 9 1 7 1 12 10 12 9 12 9 1 7 1 12 10 1 8 1 100 1 7 1 1 12 10 1 8 1 8 1 7 1 1 12 9 1 8 1 8 1 12 9 1 8 1 8 1 12 10 1 1 12 10 1 1 12 10 12 9 1 7 1 1 12 10 1 7 1 1 12 10 1 8 1 8 1 8 1 7 1 8 1 12 10 1 1 12 10 1 12 10 1 8 1 8 1 8 1 8 1 8 1 8 1 8 1 8 1 8 1 8 1 8 12 9 1 8 12 9 1 8 1 8 1 8 12 9 1 8 1 8 1 8 1 8 1 8 1 8 12 9 1 8 12 9 12 9 12 9 1 12 10 1 8 1 8 1 7 1 12 10 1 12 10 1 8 1 12 10 1 1 12 10 1 8 12 9 1 8 12 9 1 8 12 9 1 8 1 8 12 9 1 8 12 9 1 8 12 9 1 8 1 8 12 9 1 8 12 9 1 8 12 9 1 8 1 100 10 1 1 1 1 12 10 1 100 1 1 12 11 1 100 1 12 11 1 1 12 11 1 12 11 1 1 12 10 1 12 10 1 100 1 1 12 10 1 1 12 10 1 100 1 1 12 10 12 11 1 1 12 10 1 1 1 100 10 1 1 12 10 1 12 10 12 9 12 9 1 1 1 12 10 1 12 10 10 1 12 10 12 10 1 12 9 1 8 1 1 12 10 1 12 9 12 9 12 9 12 9 12 9 12 9 12 9 12 9 12 9 12 9 12 9 12 9 12 9 12 9 12 9 12 9 12 9 12 9 12 9 12 9 12 9 12 9 12 9 12 9 12 9 12 9 12 9 12 9 12 9 12 9 12 9 12 9 12 9 10 12 9 1 12 10 1 1 12 9 1 8 1 1 12 10 1 8 1 8 1 8 1 8 1 8 1 8 1 12 9 1 12 10 1 12 9 1 12 9 1 12 9 1 12 9 1 12 9 1 12 9 1 12 9 1 12 9 1 12 9 1 12 9 1 12 9 1 12 9 1 12 9 1 12 9 1 12 9 1 12 9 1 12 9 1 12 9 1 12 9 1 12 9 1 12 9 1 12 9 1 12 9 1 12 9 1 12 9 1 12 9 1 12 9 1 12 9 1 12 9 1 12 9 1 12 9 1 12 9 1 1 12 10 1 1 12 10 1 12 10 1 12 9 1 12 9 1 12 9 1 12 9 1 12 9 1 12 9 1 12 9 1 12 9 1 12 9 1 12 9 1 12 9 1 12 9 1 12 9 1 12 9 1 12 9 1 12 9 1 12 9 1 12 9 1 12 9 1 12 9 1 12 9 1 12 9 1 12 9 1 12 9 1 12 9 1 12 9 1 12 9 1 12 9 1 12 9 1 12 9 1 12 9 1 12 9 1 12 9 1 12 9 1 12 9 1 12 9 1 12 9 1 1 1 1 1
staticfield org/mule/apache/xerces/impl/xs/traversers/XSAttributeChecker ATTIDX_ABSTRACT I 0
staticfield org/mule/apache/xerces/impl/xs/traversers/XSAttributeChecker ATTIDX_AFORMDEFAULT I 1
staticfield org/mule/apache/xerces/impl/xs/traversers/XSAttributeChecker ATTIDX_BASE I 2
staticfield org/mule/apache/xerces/impl/xs/traversers/XSAttributeChecker ATTIDX_BLOCK I 3
staticfield org/mule/apache/xerces/impl/xs/traversers/XSAttributeChecker ATTIDX_BLOCKDEFAULT I 4
staticfield org/mule/apache/xerces/impl/xs/traversers/XSAttributeChecker ATTIDX_DEFAULT I 5
staticfield org/mule/apache/xerces/impl/xs/traversers/XSAttributeChecker ATTIDX_EFORMDEFAULT I 6
staticfield org/mule/apache/xerces/impl/xs/traversers/XSAttributeChecker ATTIDX_FINAL I 7
staticfield org/mule/apache/xerces/impl/xs/traversers/XSAttributeChecker ATTIDX_FINALDEFAULT I 8
staticfield org/mule/apache/xerces/impl/xs/traversers/XSAttributeChecker ATTIDX_FIXED I 9
staticfield org/mule/apache/xerces/impl/xs/traversers/XSAttributeChecker ATTIDX_FORM I 10
staticfield org/mule/apache/xerces/impl/xs/traversers/XSAttributeChecker ATTIDX_ID I 11
staticfield org/mule/apache/xerces/impl/xs/traversers/XSAttributeChecker ATTIDX_ITEMTYPE I 12
staticfield org/mule/apache/xerces/impl/xs/traversers/XSAttributeChecker ATTIDX_MAXOCCURS I 13
staticfield org/mule/apache/xerces/impl/xs/traversers/XSAttributeChecker ATTIDX_MEMBERTYPES I 14
staticfield org/mule/apache/xerces/impl/xs/traversers/XSAttributeChecker ATTIDX_MINOCCURS I 15
staticfield org/mule/apache/xerces/impl/xs/traversers/XSAttributeChecker ATTIDX_MIXED I 16
staticfield org/mule/apache/xerces/impl/xs/traversers/XSAttributeChecker ATTIDX_NAME I 17
staticfield org/mule/apache/xerces/impl/xs/traversers/XSAttributeChecker ATTIDX_NAMESPACE I 18
staticfield org/mule/apache/xerces/impl/xs/traversers/XSAttributeChecker ATTIDX_NAMESPACE_LIST I 19
staticfield org/mule/apache/xerces/impl/xs/traversers/XSAttributeChecker ATTIDX_NILLABLE I 20
staticfield org/mule/apache/xerces/impl/xs/traversers/XSAttributeChecker ATTIDX_NONSCHEMA I 21
staticfield org/mule/apache/xerces/impl/xs/traversers/XSAttributeChecker ATTIDX_PROCESSCONTENTS I 22
staticfield org/mule/apache/xerces/impl/xs/traversers/XSAttributeChecker ATTIDX_PUBLIC I 23
staticfield org/mule/apache/xerces/impl/xs/traversers/XSAttributeChecker ATTIDX_REF I 24
staticfield org/mule/apache/xerces/impl/xs/traversers/XSAttributeChecker ATTIDX_REFER I 25
staticfield org/mule/apache/xerces/impl/xs/traversers/XSAttributeChecker ATTIDX_SCHEMALOCATION I 26
staticfield org/mule/apache/xerces/impl/xs/traversers/XSAttributeChecker ATTIDX_SOURCE I 27
staticfield org/mule/apache/xerces/impl/xs/traversers/XSAttributeChecker ATTIDX_SUBSGROUP I 28
staticfield org/mule/apache/xerces/impl/xs/traversers/XSAttributeChecker ATTIDX_SYSTEM I 29
staticfield org/mule/apache/xerces/impl/xs/traversers/XSAttributeChecker ATTIDX_TARGETNAMESPACE I 30
staticfield org/mule/apache/xerces/impl/xs/traversers/XSAttributeChecker ATTIDX_TYPE I 31
staticfield org/mule/apache/xerces/impl/xs/traversers/XSAttributeChecker ATTIDX_USE I 32
staticfield org/mule/apache/xerces/impl/xs/traversers/XSAttributeChecker ATTIDX_VALUE I 33
staticfield org/mule/apache/xerces/impl/xs/traversers/XSAttributeChecker ATTIDX_ENUMNSDECLS I 34
staticfield org/mule/apache/xerces/impl/xs/traversers/XSAttributeChecker ATTIDX_VERSION I 35
staticfield org/mule/apache/xerces/impl/xs/traversers/XSAttributeChecker ATTIDX_XML_LANG I 36
staticfield org/mule/apache/xerces/impl/xs/traversers/XSAttributeChecker ATTIDX_XPATH I 37
staticfield org/mule/apache/xerces/impl/xs/traversers/XSAttributeChecker ATTIDX_FROMDEFAULT I 38
staticfield org/mule/apache/xerces/impl/xs/traversers/XSAttributeChecker ATTIDX_ISRETURNED I 39
staticfield org/mule/apache/xerces/impl/xs/traversers/XSAttributeChecker fXIntPool Lorg/mule/apache/xerces/impl/xs/util/XIntPool; org/mule/apache/xerces/impl/xs/util/XIntPool
staticfield org/mule/apache/xerces/impl/xs/traversers/XSAttributeChecker INT_QUALIFIED Lorg/mule/apache/xerces/impl/xs/util/XInt; org/mule/apache/xerces/impl/xs/util/XInt
staticfield org/mule/apache/xerces/impl/xs/traversers/XSAttributeChecker INT_UNQUALIFIED Lorg/mule/apache/xerces/impl/xs/util/XInt; org/mule/apache/xerces/impl/xs/util/XInt
staticfield org/mule/apache/xerces/impl/xs/traversers/XSAttributeChecker INT_EMPTY_SET Lorg/mule/apache/xerces/impl/xs/util/XInt; org/mule/apache/xerces/impl/xs/util/XInt
staticfield org/mule/apache/xerces/impl/xs/traversers/XSAttributeChecker INT_ANY_STRICT Lorg/mule/apache/xerces/impl/xs/util/XInt; org/mule/apache/xerces/impl/xs/util/XInt
staticfield org/mule/apache/xerces/impl/xs/traversers/XSAttributeChecker INT_ANY_LAX Lorg/mule/apache/xerces/impl/xs/util/XInt; org/mule/apache/xerces/impl/xs/util/XInt
staticfield org/mule/apache/xerces/impl/xs/traversers/XSAttributeChecker INT_ANY_SKIP Lorg/mule/apache/xerces/impl/xs/util/XInt; org/mule/apache/xerces/impl/xs/util/XInt
staticfield org/mule/apache/xerces/impl/xs/traversers/XSAttributeChecker INT_ANY_ANY Lorg/mule/apache/xerces/impl/xs/util/XInt; org/mule/apache/xerces/impl/xs/util/XInt
staticfield org/mule/apache/xerces/impl/xs/traversers/XSAttributeChecker INT_ANY_LIST Lorg/mule/apache/xerces/impl/xs/util/XInt; org/mule/apache/xerces/impl/xs/util/XInt
staticfield org/mule/apache/xerces/impl/xs/traversers/XSAttributeChecker INT_ANY_NOT Lorg/mule/apache/xerces/impl/xs/util/XInt; org/mule/apache/xerces/impl/xs/util/XInt
staticfield org/mule/apache/xerces/impl/xs/traversers/XSAttributeChecker INT_USE_OPTIONAL Lorg/mule/apache/xerces/impl/xs/util/XInt; org/mule/apache/xerces/impl/xs/util/XInt
staticfield org/mule/apache/xerces/impl/xs/traversers/XSAttributeChecker INT_USE_REQUIRED Lorg/mule/apache/xerces/impl/xs/util/XInt; org/mule/apache/xerces/impl/xs/util/XInt
staticfield org/mule/apache/xerces/impl/xs/traversers/XSAttributeChecker INT_USE_PROHIBITED Lorg/mule/apache/xerces/impl/xs/util/XInt; org/mule/apache/xerces/impl/xs/util/XInt
staticfield org/mule/apache/xerces/impl/xs/traversers/XSAttributeChecker INT_WS_PRESERVE Lorg/mule/apache/xerces/impl/xs/util/XInt; org/mule/apache/xerces/impl/xs/util/XInt
staticfield org/mule/apache/xerces/impl/xs/traversers/XSAttributeChecker INT_WS_REPLACE Lorg/mule/apache/xerces/impl/xs/util/XInt; org/mule/apache/xerces/impl/xs/util/XInt
staticfield org/mule/apache/xerces/impl/xs/traversers/XSAttributeChecker INT_WS_COLLAPSE Lorg/mule/apache/xerces/impl/xs/util/XInt; org/mule/apache/xerces/impl/xs/util/XInt
staticfield org/mule/apache/xerces/impl/xs/traversers/XSAttributeChecker INT_UNBOUNDED Lorg/mule/apache/xerces/impl/xs/util/XInt; org/mule/apache/xerces/impl/xs/util/XInt
staticfield org/mule/apache/xerces/impl/xs/traversers/XSAttributeChecker fEleAttrsMapG Ljava/util/Hashtable; java/util/Hashtable
staticfield org/mule/apache/xerces/impl/xs/traversers/XSAttributeChecker fEleAttrsMapL Ljava/util/Hashtable; java/util/Hashtable
staticfield org/mule/apache/xerces/impl/xs/traversers/XSAttributeChecker fExtraDVs [Lorg/mule/apache/xerces/impl/dv/XSSimpleType; 9 [Lorg/mule/apache/xerces/impl/dv/XSSimpleType;
ciInstanceKlass org/mule/apache/xerces/impl/xs/util/XIntPool 1 1 27 1 7 1 7 1 1 3 1 1 1 1 12 10 1 1 12 9 1 7 1 12 10 1 1 1 1
staticfield org/mule/apache/xerces/impl/xs/util/XIntPool fXIntPool [Lorg/mule/apache/xerces/impl/xs/util/XInt; 10 [Lorg/mule/apache/xerces/impl/xs/util/XInt;
ciInstanceKlass org/mule/apache/xerces/impl/xs/util/XInt 1 1 29 1 7 1 7 1 1 1 1 1 12 10 12 9 1 1 1 1 1 1 1 1 1 100 1 12 10 1 1
ciInstanceKlass org/mule/apache/xerces/impl/xs/traversers/OneAttr 1 1 26 1 7 1 7 1 1 1 1 1 1 1 1 1 1 12 10 12 9 12 9 12 9 12 9 1
instanceKlass org/mule/apache/xerces/impl/xs/traversers/SmallContainer
instanceKlass org/mule/apache/xerces/impl/xs/traversers/LargeContainer
ciInstanceKlass org/mule/apache/xerces/impl/xs/traversers/Container 1 1 34 1 7 1 7 1 1 3 1 1 1 1 1 12 10 12 9 1 1 1 7 1 12 10 1 7 10 1 1 1 1 1 1 1
ciInstanceKlass org/mule/apache/xerces/impl/xs/traversers/LargeContainer 1 1 39 1 7 1 7 1 1 1 1 1 12 10 1 7 12 10 12 9 1 7 1 1 12 9 1 1 1 12 10 1 1 12 9 1 1 1 12 10 1
ciInstanceKlass org/mule/apache/xerces/impl/xs/traversers/SmallContainer 1 1 36 1 7 1 7 1 1 1 1 1 12 10 1 7 12 9 1 7 1 1 12 9 1 1 1 1 12 9 1 1 1 1 12 10 1 1
instanceKlass org/mule/apache/xerces/impl/validation/ConfigurableValidationState
ciInstanceKlass org/mule/apache/xerces/impl/validation/ValidationState 1 1 150 1 7 1 7 1 100 1 1 1 1 1 1 1 1 1 1 1 1 1 1 1 1 1 1 1 1 12 10 12 9 12 9 12 9 12 9 12 9 12 9 12 9 12 9 1 7 10 12 9 12 9 1 1 1 1 1 1 1 1 1 1 1 1 1 1 1 12 10 1 7 1 12 11 1 100 1 7 1 1 12 11 1 1 12 11 1 100 1 1 12 10 10 1 12 10 10 1 1 12 10 1 1 1 1 1 1 1 1 1 12 10 1 100 12 11 1 12 11 1 1 1 12 9 1 1 12 10 1 1 7 1 12 10 1 1 12 10 1 1 7 12 11 1 1 1 1 1 1 1
staticfield org/mule/apache/xerces/impl/validation/ValidationState fNullValue Ljava/lang/Object; java/lang/Object
ciInstanceKlass org/mule/apache/xerces/impl/xs/opti/NamedNodeMapImpl 1 1 56 1 7 1 7 1 100 1 1 1 1 1 12 10 12 9 1 1 1 100 1 1 12 11 1 100 1 1 12 10 1 1 1 1 12 10 1 1 1 12 11 1 1 1 100 1 8 1 12 10 1 1 1 1 1 1
ciInstanceKlass org/mule/apache/xerces/impl/xs/SchemaNamespaceSupport 1 1 88 1 7 1 7 1 100 1 1 1 1 1 1 12 10 12 9 1 7 1 100 1 1 12 11 1 100 1 1 12 11 12 10 1 100 1 1 1 12 9 1 1 12 9 1 7 1 7 1 1 12 10 1 12 9 1 1 12 9 1 1 1 12 10 1 1 100 1 1 1 12 10 1 1 12 9 1 12 10 9 1 1 12 10 10 1 1 1
ciInstanceKlass org/mule/apache/xerces/impl/dv/xs/QNameDV$XQName 1 1 49 1 7 1 7 1 100 1 100 1 1 1 1 12 10 1 12 10 1 1 1 1 12 9 9 1 12 9 9 1 1 1 12 9 1 1 1 100 1 12 9 1 12 10 1 1 1 1 1
ciInstanceKlass org/mule/apache/xerces/impl/dv/xs/XSSimpleTypeDecl$ValidationContextImpl 1 1 70 1 7 1 7 1 7 1 100 1 1 1 1 1 1 1 1 12 10 12 9 1 1 12 9 1 1 12 11 1 12 11 1 12 11 1 1 1 12 11 1 12 11 1 12 11 1 1 12 11 1 12 11 1 1 12 11 1 12 11 1 100 11 1 1 12 11 1 1 1
ciInstanceKlass org/mule/apache/xerces/impl/validation/ConfigurableValidationState 1 1 44 1 7 1 7 1 1 1 1 1 12 10 12 9 12 9 1 1 1 1 1 12 10 1 100 1 1 12 10 1 12 10 1 12 10 1 1 12 10 1 12 10 1 1
ciInstanceKlass org/mule/apache/xerces/impl/dv/xs/ListDV$ListData 1 1 77 1 7 1 7 1 100 1 100 1 1 1 1 1 1 1 1 12 10 12 9 1 1 12 9 1 100 10 1 100 12 10 1 1 12 10 1 12 10 10 1 1 1 1 100 12 10 1 12 10 1 1 1 1 1 100 1 100 10 1 8 1 12 10 1 12 10 10 1 12 10 1 12 10 1 1 1
ciInstanceKlass org/mule/apache/xerces/impl/xs/util/ShortListImpl 1 1 77 1 7 1 7 1 100 1 1 1 1 1 1 1 1 1 12 10 12 9 12 9 1 1 1 1 1 1 1 100 1 12 10 1 1 12 11 12 11 1 1 1 100 1 12 10 1 100 1 100 10 1 8 1 1 12 10 1 12 10 1 1 12 10 1 12 10 1 10 1 12 10 12 9 1 1 1
staticfield org/mule/apache/xerces/impl/xs/util/ShortListImpl EMPTY_LIST Lorg/mule/apache/xerces/impl/xs/util/ShortListImpl; org/mule/apache/xerces/impl/xs/util/ShortListImpl
ciMethodData java/lang/Object <init> ()V 2 3205463 orig 80 1 0 0 0 0 0 0 0 0 0 0 0 0 0 0 0 0 0 0 0 0 0 0 0 0 0 0 0 0 0 0 0 0 0 0 0 0 0 0 0 0 0 0 0 0 0 0 0 0 0 0 0 0 0 0 0 0 0 0 0 0 0 0 0 0 0 0 0 0 0 0 0 0 0 0 0 0 0 0 0 data 4 0x0 0x9 0x1 0x0 oops 0 methods 0
ciMethodData java/lang/StringLatin1 hashCode ([B)I 2 29747 orig 80 0 0 0 0 0 0 0 0 0 0 0 0 0 0 0 0 0 0 0 0 0 0 0 0 0 0 0 0 0 0 0 0 0 0 0 0 0 0 0 0 0 0 0 0 0 0 0 0 0 0 0 0 0 0 0 0 0 0 0 0 0 0 0 0 0 0 0 0 0 0 0 0 0 0 0 0 0 0 0 0 data 14 0xd0007 0x3f2 0x38 0x6433 0x250003 0x6433 0xffffffffffffffe0 0x0 0x0 0x0 0x0 0x9 0x1 0x0 oops 0 methods 0
ciMethodData java/lang/String isLatin1 ()Z 2 2597503 orig 80 0 0 0 0 0 0 0 0 0 0 0 0 0 0 0 0 0 0 0 0 0 0 0 0 0 0 0 0 0 0 0 0 0 0 0 0 0 0 0 0 0 0 0 0 0 0 0 0 0 0 0 0 0 0 0 0 0 0 0 0 0 0 0 0 0 0 0 0 0 0 0 0 0 0 0 0 0 0 0 0 data 18 0x30007 0x0 0x58 0x27a0ad 0xa0007 0xa3 0x38 0x27a048 0xe0003 0x27a058 0x18 0x0 0x0 0x0 0x0 0x9 0x1 0x0 oops 0 methods 0
ciMethodData java/lang/String hashCode ()I 2 5682 orig 80 0 0 0 0 0 0 0 0 0 0 0 0 0 0 0 0 0 0 0 0 0 0 0 0 0 0 0 0 0 0 0 0 0 0 0 0 0 0 0 0 0 0 0 0 0 0 0 0 0 0 0 0 0 0 0 0 0 0 0 0 0 0 0 0 0 0 0 0 0 0 0 0 0 0 0 0 0 0 0 0 data 42 0x60007 0xea1 0x108 0x592 0xd0007 0x34 0xe8 0x55e 0x110005 0x55e 0x0 0x0 0x0 0x0 0x0 0x140007 0x0 0x48 0x55e 0x1b0002 0x55e 0x1e0003 0x55e 0x28 0x250002 0x0 0x2a0007 0x55d 0x38 0x1 0x320003 0x1 0x18 0x0 0x0 0x0 0x0 0x0 0x0 0x9 0x1 0xe oops 0 methods 0
ciMethodData java/lang/String equals (Ljava/lang/Object;)Z 2 5566 orig 80 0 0 0 0 0 0 0 0 0 0 0 0 252 127 0 0 0 0 0 0 0 0 0 0 0 0 0 0 0 0 0 0 0 0 0 0 0 0 0 0 0 0 0 0 0 0 0 0 0 0 0 0 0 0 0 0 0 0 0 0 0 0 0 0 0 0 0 0 0 0 0 0 0 0 0 0 0 0 0 0 data 49 0x20007 0x1108 0x20 0x30b 0x80104 0x0 0x0 0x16bd1633160 0x10f5 0x0 0x0 0xb0007 0x13 0xe0 0x10f5 0xf0004 0x0 0x0 0x16bd1633160 0x10f5 0x0 0x0 0x160007 0x0 0x40 0x10f5 0x210007 0x0 0x68 0x10f5 0x2c0002 0x10f5 0x2f0007 0xcca 0x38 0x42b 0x330003 0x42b 0x18 0x0 0x0 0x0 0x0 0x0 0x0 0x9 0x2 0x0 0x0 oops 2 7 java/lang/String 18 java/lang/String methods 0
ciMethodData java/lang/String coder ()B 2 2702885 orig 80 0 0 0 0 0 0 0 0 0 0 0 0 252 127 0 0 0 0 0 0 0 0 0 0 0 0 0 0 0 0 0 0 0 0 0 0 0 0 0 0 0 0 0 0 0 0 0 0 0 0 0 0 0 0 0 0 0 0 0 0 0 0 0 0 0 0 0 0 0 0 0 0 0 0 0 0 0 0 0 0 data 14 0x30007 0x0 0x38 0x293c35 0xa0003 0x293c4e 0x18 0x0 0x0 0x0 0x0 0x9 0x1 0x0 oops 0 methods 0
ciMethodData java/lang/String length ()I 2 2519482 orig 80 0 0 0 0 0 0 0 0 0 0 0 0 252 127 0 0 0 0 0 0 0 0 0 0 0 0 0 0 0 0 0 0 0 0 0 0 0 0 0 0 0 0 0 0 0 0 0 0 0 0 0 0 0 0 0 0 0 0 0 0 0 0 0 0 0 0 0 0 0 0 0 0 0 0 0 0 0 0 0 0 data 16 0x60005 0x267094 0x0 0x0 0x0 0x0 0x0 0x0 0x0 0x0 0x0 0x0 0x0 0x9 0x1 0x0 oops 0 methods 0
ciMethodData java/lang/String checkBoundsBeginEnd (III)V 2 5465 orig 80 0 0 0 0 0 0 0 0 0 0 0 0 252 127 0 0 0 0 0 0 0 0 0 0 0 0 0 0 0 0 0 0 0 0 0 0 0 0 0 0 0 0 0 0 0 0 0 0 0 0 0 0 0 0 0 0 0 0 0 0 0 0 0 0 0 0 0 0 0 0 0 0 0 0 0 0 0 0 0 0 data 76 0x10007 0x0 0x60 0x1459 0x60007 0x0 0x40 0x1459 0xb0007 0x1459 0x1c8 0x0 0x160002 0x0 0x1c0005 0x0 0x0 0x0 0x0 0x0 0x0 0x200005 0x0 0x0 0x0 0x0 0x0 0x0 0x260005 0x0 0x0 0x0 0x0 0x0 0x0 0x2a0005 0x0 0x0 0x0 0x0 0x0 0x0 0x300005 0x0 0x0 0x0 0x0 0x0 0x0 0x340005 0x0 0x0 0x0 0x0 0x0 0x0 0x370005 0x0 0x0 0x0 0x0 0x0 0x0 0x3a0002 0x0 0x0 0x0 0x0 0x0 0x0 0x0 0x9 0x3 0x0 0x0 0x0 oops 0 methods 0
ciMethodData java/lang/String startsWith (Ljava/lang/String;I)Z 2 32827 orig 80 1 0 0 0 0 0 0 0 0 0 0 0 252 127 0 0 0 0 0 0 0 0 0 0 0 0 0 0 0 0 0 0 0 0 0 0 0 0 0 1 0 0 0 0 0 0 0 0 0 0 0 0 0 0 0 0 0 0 0 0 0 0 0 0 0 0 0 0 0 0 0 0 0 0 0 0 0 0 0 0 data 83 0x8000000600010007 0x39 0xb0 0x2437 0x60005 0x2437 0x0 0x0 0x0 0x0 0x0 0xa0005 0x2437 0x0 0x0 0x0 0x0 0x0 0xe0007 0x242c 0x20 0xb 0x270005 0x242c 0x0 0x0 0x0 0x0 0x0 0x2f0005 0x242c 0x0 0x0 0x0 0x0 0x0 0x320007 0x0 0xb0 0x242c 0x370007 0x0 0x38 0x242c 0x3b0003 0x242c 0x18 0x470007 0x8d1 0x40 0x9912 0x590007 0x7db7 0xffffffffffffffe0 0x1b5b 0x5e0003 0x8d1 0x88 0x630007 0x0 0x20 0x0 0x6c0007 0x0 0x50 0x0 0x740002 0x0 0x830007 0x0 0xffffffffffffffd0 0x0 0x0 0x0 0x0 0x0 0x0 0x0 0x9 0x3 0x0 0x0 0x0 oops 0 methods 0
ciMethodData java/lang/String startsWith (Ljava/lang/String;)Z 2 148856 orig 80 0 0 0 0 0 0 0 0 0 0 0 0 252 127 0 0 0 0 0 0 0 0 0 0 0 0 0 0 0 0 0 0 0 0 0 0 0 0 0 0 0 0 0 0 0 0 0 0 0 0 0 0 0 0 0 0 0 0 0 0 0 0 0 0 0 0 0 0 0 0 0 0 0 0 0 0 0 0 0 0 data 17 0x30005 0x2446d 0x0 0x0 0x0 0x0 0x0 0x0 0x0 0x0 0x0 0x0 0x0 0x9 0x2 0x0 0x0 oops 0 methods 0
ciMethodData java/lang/String checkBoundsOffCount (III)V 2 7658 orig 80 0 0 0 0 0 0 0 0 0 0 0 0 252 127 0 0 0 0 0 0 0 0 0 0 0 0 0 0 0 0 0 0 0 0 0 0 0 0 0 0 0 0 0 0 0 0 0 0 0 0 0 0 0 0 0 0 0 0 0 0 0 0 0 0 0 0 0 0 0 0 0 0 0 0 0 0 0 0 0 0 data 76 0x10007 0x0 0x60 0x1ce6 0x50007 0x0 0x40 0x1ce6 0xc0007 0x1ce6 0x1c8 0x0 0x170002 0x0 0x1d0005 0x0 0x0 0x0 0x0 0x0 0x0 0x210005 0x0 0x0 0x0 0x0 0x0 0x0 0x270005 0x0 0x0 0x0 0x0 0x0 0x0 0x2b0005 0x0 0x0 0x0 0x0 0x0 0x0 0x310005 0x0 0x0 0x0 0x0 0x0 0x0 0x350005 0x0 0x0 0x0 0x0 0x0 0x0 0x380005 0x0 0x0 0x0 0x0 0x0 0x0 0x3b0002 0x0 0x0 0x0 0x0 0x0 0x0 0x0 0x9 0x3 0x0 0x0 0x0 oops 0 methods 0
ciMethod java/util/Vector <init> (II)V 512 0 6311 0 -1
ciMethod java/util/Vector <init> ()V 512 0 6373 0 -1
ciMethod java/util/Vector copyInto ([Ljava/lang/Object;)V 0 0 1 0 -1
ciMethod java/util/Vector size ()I 296 0 148 0 -1
ciMethod java/util/Vector contains (Ljava/lang/Object;)Z 1024 0 14052 0 -1
ciMethod java/util/Vector elementAt (I)Ljava/lang/Object; 1024 0 12819 0 -1
ciMethod java/util/Vector addElement (Ljava/lang/Object;)V 1024 0 17287 0 -1
ciMethod java/util/Vector removeAllElements ()V 58 0 73 0 -1
ciMethodData java/lang/String getChars (II[CI)V 2 6404 orig 80 0 0 0 0 0 0 0 0 0 0 0 0 252 127 0 0 0 0 0 0 0 0 0 0 0 0 0 0 0 0 0 0 0 0 0 0 0 0 0 0 0 0 0 0 0 0 0 0 0 0 0 0 0 0 0 0 0 0 0 0 0 0 0 0 0 0 0 0 0 0 0 0 0 0 0 0 0 0 0 0 data 42 0x30005 0x1804 0x0 0x0 0x0 0x0 0x0 0x60002 0x1804 0x100002 0x1804 0x140005 0x1804 0x0 0x0 0x0 0x0 0x0 0x170007 0x0 0x48 0x1804 0x230002 0x1804 0x260003 0x1804 0x28 0x320002 0x0 0x0 0x0 0x0 0x0 0x0 0x0 0x9 0x5 0x0 0x0 0x0 0xffffffffffffffff 0x0 oops 0 methods 0
ciMethodData java/lang/StringLatin1 getChars ([BII[CI)V 2 6404 orig 80 0 0 0 0 0 0 0 0 0 0 0 0 0 0 0 0 0 0 0 0 0 0 0 0 0 0 0 0 0 0 0 0 0 0 0 0 0 0 0 0 0 0 0 0 0 0 0 0 0 0 0 0 0 0 0 0 0 0 0 0 0 0 0 0 0 0 0 0 0 0 0 0 0 0 0 0 0 0 0 0 data 15 0x80002 0x1804 0x0 0x0 0x0 0x0 0x0 0x0 0x9 0x5 0x0 0x0 0x0 0xffffffffffffffff 0x0 oops 0 methods 0
ciMethodData java/lang/Number <init> ()V 2 18479 orig 80 0 0 0 0 0 0 0 0 0 0 0 0 252 127 0 0 0 0 0 0 0 0 0 0 0 0 0 0 0 0 0 0 0 0 0 0 0 0 0 0 0 0 0 0 0 0 0 0 0 0 0 0 0 0 0 0 0 0 0 0 0 0 0 0 0 0 0 0 0 0 0 0 0 0 0 0 0 0 0 0 data 7 0x10002 0x469c 0x0 0x0 0x9 0x1 0x0 oops 0 methods 0
ciMethodData java/util/Hashtable get (Ljava/lang/Object;)Ljava/lang/Object; 2 9000 orig 80 1 0 0 0 0 0 0 0 0 0 0 0 252 127 0 0 0 0 0 0 4 0 0 0 0 0 0 0 0 0 0 0 0 0 0 0 0 0 0 0 0 0 0 0 0 0 0 0 0 0 0 0 0 0 0 0 0 0 0 0 0 0 0 0 0 0 0 0 0 0 0 0 0 0 0 0 0 0 0 0 data 39 0x8000000400060005 0x6 0x0 0x16bd1633160 0x1580 0x16c1b4e4b20 0x4 0x1b0007 0x268 0xb0 0x17ef 0x240007 0x4cc 0x78 0x1323 0x2d0005 0x4 0x0 0x16bd1633160 0x131b 0x16c1b4e4b20 0x4 0x300007 0x1 0x20 0x1322 0x400003 0x4cd 0xffffffffffffff68 0x0 0x0 0x0 0x0 0x0 0x0 0x9 0x2 0x0 0x0 oops 4 3 java/lang/String 5 org/mule/apache/xerces/impl/xs/opti/ElementImpl 18 java/lang/String 20 org/mule/apache/xerces/impl/xs/opti/ElementImpl methods 0
ciMethodData java/lang/Long <init> (J)V 2 7591 orig 80 0 0 0 0 0 0 0 0 0 0 0 0 252 127 0 0 0 0 0 0 0 0 0 0 0 0 0 0 0 0 0 0 0 0 0 0 0 0 0 0 0 0 0 0 0 0 0 0 0 0 0 0 0 0 0 0 0 0 0 0 0 0 0 0 0 0 0 0 0 0 0 0 0 0 0 0 0 0 0 0 data 11 0x10002 0x1ca7 0x0 0x0 0x0 0x0 0x9 0x3 0xc 0x0 0x0 oops 0 methods 0
ciMethod org/w3c/dom/Node getNodeName ()Ljava/lang/String; 0 0 1 0 -1
ciMethod org/w3c/dom/Node getAttributes ()Lorg/w3c/dom/NamedNodeMap; 0 0 1 0 -1
ciMethod org/w3c/dom/Node getNamespaceURI ()Ljava/lang/String; 0 0 1 0 -1
ciMethod org/w3c/dom/Node getPrefix ()Ljava/lang/String; 0 0 1 0 -1
ciMethod org/w3c/dom/Node getLocalName ()Ljava/lang/String; 0 0 1 0 -1
ciMethod org/w3c/dom/Element getAttributeNode (Ljava/lang/String;)Lorg/w3c/dom/Attr; 0 0 1 0 -1
ciMethod org/w3c/dom/NamedNodeMap item (I)Lorg/w3c/dom/Node; 0 0 1 0 -1
ciMethod org/w3c/dom/NamedNodeMap getLength ()I 0 0 1 0 -1
ciMethod org/w3c/dom/Attr getName ()Ljava/lang/String; 0 0 1 0 -1
ciMethod org/w3c/dom/Attr getValue ()Ljava/lang/String; 0 0 1 0 -1
ciMethod java/util/MissingResourceException <init> (Ljava/lang/String;Ljava/lang/String;Ljava/lang/String;)V 0 0 1 0 -1
ciMethod org/mule/apache/xerces/util/SymbolTable addSymbol (Ljava/lang/String;)Ljava/lang/String; 46 4 10353 0 0
ciMethod org/mule/apache/xerces/util/SymbolTable addSymbol0 (Ljava/lang/String;II)Ljava/lang/String; 196 0 1720 0 0
ciMethod org/mule/apache/xerces/util/SymbolTable hash (Ljava/lang/String;)I 540 0 13353 0 0
ciMethod org/mule/apache/xerces/util/SymbolTable hash0 (Ljava/lang/String;)I 0 0 1 0 -1
ciMethod org/mule/apache/xerces/util/SymbolTable rehash ()V 8 0 12 0 0
ciMethod org/mule/apache/xerces/util/SymbolTable rebalance ()V 0 0 1 0 -1
ciMethod org/mule/apache/xerces/util/SymbolTable rehashCommon (I)V 8 2838 12 0 -1
ciMethod org/mule/apache/xerces/util/SymbolTable$Entry <init> (Ljava/lang/String;Lorg/mule/apache/xerces/util/SymbolTable$Entry;)V 728 0 1720 0 0
ciMethod org/mule/apache/xerces/impl/XMLErrorReporter reportError (Ljava/lang/String;Ljava/lang/String;[Ljava/lang/Object;SLjava/lang/Exception;)Ljava/lang/String; 0 0 1 0 -1
ciMethod org/mule/apache/xerces/impl/XMLErrorReporter reportError (Lorg/mule/apache/xerces/xni/XMLLocator;Ljava/lang/String;Ljava/lang/String;[Ljava/lang/Object;SLjava/lang/Exception;)Ljava/lang/String; 0 0 1 0 -1
ciMethod org/mule/apache/xerces/impl/dv/InvalidDatatypeValueException <init> (Ljava/lang/String;[Ljava/lang/Object;)V 872 0 460 0 -1
ciMethod org/mule/apache/xerces/impl/dv/DatatypeException getMessage ()Ljava/lang/String; 0 0 1 0 0
ciMethod org/mule/apache/xerces/impl/xs/traversers/XSDHandler element2Locator (Lorg/w3c/dom/Element;Lorg/mule/apache/xerces/impl/xs/util/SimpleLocator;)Z 1024 0 561 0 -1
ciMethod org/mule/apache/xerces/impl/xs/traversers/XSDHandler reportSchemaError (Ljava/lang/String;[Ljava/lang/Object;Lorg/w3c/dom/Element;)V 0 0 1 0 -1
ciMethod org/mule/apache/xerces/impl/xs/traversers/XSDHandler reportSchemaError (Ljava/lang/String;[Ljava/lang/Object;Lorg/w3c/dom/Element;Ljava/lang/Exception;)V 0 0 1 0 -1
ciMethod org/mule/apache/xerces/impl/xs/util/SimpleLocator setValues (Ljava/lang/String;Ljava/lang/String;III)V 1024 0 561 0 -1
ciMethod org/mule/apache/xerces/util/NamespaceSupport pushContext ()V 1024 0 14080 0 0
ciMethod org/mule/apache/xerces/util/NamespaceSupport declarePrefix (Ljava/lang/String;Ljava/lang/String;)Z 28 30 1617 0 0
ciMethod org/mule/apache/xerces/impl/dv/XSSimpleType validate (Ljava/lang/String;Lorg/mule/apache/xerces/impl/dv/ValidationContext;Lorg/mule/apache/xerces/impl/dv/ValidatedInfo;)Ljava/lang/Object; 0 0 1 0 -1
ciMethod org/mule/apache/xerces/impl/dv/xs/XSSimpleTypeDecl getVariety ()S 310 0 1509 0 -1
ciMethod org/mule/apache/xerces/impl/dv/xs/XSSimpleTypeDecl validate (Ljava/lang/String;Lorg/mule/apache/xerces/impl/dv/ValidationContext;Lorg/mule/apache/xerces/impl/dv/ValidatedInfo;)Ljava/lang/Object; 320 0 5369 0 0
ciMethod org/mule/apache/xerces/impl/dv/xs/XSSimpleTypeDecl validate (Lorg/mule/apache/xerces/impl/dv/ValidationContext;Lorg/mule/apache/xerces/impl/dv/ValidatedInfo;)V 710 0 5653 0 0
ciMethod org/mule/apache/xerces/impl/dv/xs/XSSimpleTypeDecl checkFacets (Lorg/mule/apache/xerces/impl/dv/ValidatedInfo;)V 1020 194 664 0 0
ciMethod org/mule/apache/xerces/impl/dv/xs/XSSimpleTypeDecl checkExtraRules (Lorg/mule/apache/xerces/impl/dv/ValidationContext;Lorg/mule/apache/xerces/impl/dv/ValidatedInfo;)V 1024 0 4663 0 0
ciMethod org/mule/apache/xerces/impl/dv/xs/XSSimpleTypeDecl getActualValue (Ljava/lang/Object;Lorg/mule/apache/xerces/impl/dv/ValidationContext;Lorg/mule/apache/xerces/impl/dv/ValidatedInfo;Z)Ljava/lang/Object; 720 4 6731 18 -1
ciMethod org/mule/apache/xerces/impl/dv/xs/XSSimpleTypeDecl normalize (Ljava/lang/Object;S)Ljava/lang/String; 784 0 6723 0 -1
ciMethod org/mule/apache/xerces/impl/dv/xs/XSSimpleTypeDecl convertToPrimitiveKind (S)S 978 0 489 0 -1
ciMethod org/mule/apache/xerces/impl/dv/xs/XSSimpleTypeDecl appendEnumString (Ljava/lang/StringBuffer;)V 0 0 1 0 -1
ciMethod org/mule/apache/xerces/impl/dv/ValidationContext needFacetChecking ()Z 0 0 1 0 -1
ciMethod org/mule/apache/xerces/impl/dv/ValidationContext needExtraChecking ()Z 0 0 1 0 -1
ciMethod org/mule/apache/xerces/impl/dv/ValidationContext needToNormalize ()Z 0 0 1 0 -1
ciMethod org/mule/apache/xerces/xs/ShortList getLength ()I 0 0 1 0 -1
ciMethod org/mule/apache/xerces/xs/ShortList item (I)S 0 0 1 0 -1
ciMethod org/mule/apache/xerces/impl/dv/xs/TypeValidator getActualValue (Ljava/lang/String;Lorg/mule/apache/xerces/impl/dv/ValidationContext;)Ljava/lang/Object; 0 0 1 0 -1
ciMethod org/mule/apache/xerces/impl/dv/xs/TypeValidator checkExtraRules (Ljava/lang/Object;Lorg/mule/apache/xerces/impl/dv/ValidationContext;)V 1024 0 1671 0 -1
ciMethod org/mule/apache/xerces/impl/dv/xs/TypeValidator compare (Ljava/lang/Object;Ljava/lang/Object;)I 0 0 1 0 -1
ciMethod org/mule/apache/xerces/impl/dv/xs/TypeValidator getDataLength (Ljava/lang/Object;)I 1904 0 664 0 -1
ciMethod org/mule/apache/xerces/impl/dv/xs/TypeValidator getTotalDigits (Ljava/lang/Object;)I 0 0 1 0 -1
ciMethod org/mule/apache/xerces/impl/dv/xs/TypeValidator getFractionDigits (Ljava/lang/Object;)I 0 0 1 0 -1
ciMethod org/mule/apache/xerces/impl/dv/ValidatedInfo <init> ()V 712 0 5264 0 0
ciMethod org/mule/apache/xerces/util/XMLChar isValidName (Ljava/lang/String;)Z 0 0 1 0 -1
ciMethod org/mule/apache/xerces/util/XMLChar isValidNCName (Ljava/lang/String;)Z 516 6640 4829 0 -1
ciMethod org/mule/apache/xerces/util/XMLChar isValidNmtoken (Ljava/lang/String;)Z 88 1014 140 0 -1
ciMethod org/mule/apache/xerces/util/XMLChar trim (Ljava/lang/String;)Ljava/lang/String; 526 0 6318 0 -1
ciMethod org/mule/apache/xerces/impl/xpath/regex/RegularExpression matches (Ljava/lang/String;)Z 24 0 860 0 -1
ciMethod org/mule/apache/xerces/impl/xs/opti/NodeImpl getNodeName ()Ljava/lang/String; 272 0 136 0 0
ciMethod org/mule/apache/xerces/impl/xs/opti/NodeImpl getNamespaceURI ()Ljava/lang/String; 268 0 134 0 0
ciMethod org/mule/apache/xerces/impl/xs/opti/NodeImpl getPrefix ()Ljava/lang/String; 580 0 290 0 0
ciMethod org/mule/apache/xerces/impl/xs/opti/NodeImpl getLocalName ()Ljava/lang/String; 262 0 131 0 0
ciMethod org/mule/apache/xerces/impl/xs/opti/ElementImpl getOwnerDocument ()Lorg/w3c/dom/Document; 424 0 212 0 -1
ciMethod org/mule/apache/xerces/impl/xs/opti/ElementImpl getAttributes ()Lorg/w3c/dom/NamedNodeMap; 548 0 5813 0 0
ciMethod org/mule/apache/xerces/impl/xs/opti/ElementImpl getAttributeNode (Ljava/lang/String;)Lorg/w3c/dom/Attr; 856 2048 4378 0 0
ciMethod org/mule/apache/xerces/impl/xs/opti/ElementImpl getLineNumber ()I 346 0 173 0 -1
ciMethod org/mule/apache/xerces/impl/xs/opti/ElementImpl getColumnNumber ()I 346 0 173 0 -1
ciMethod org/mule/apache/xerces/impl/xs/opti/ElementImpl getCharacterOffset ()I 346 0 173 0 -1
ciMethod org/mule/apache/xerces/impl/xs/opti/AttrImpl getName ()Ljava/lang/String; 262 0 131 0 0
ciMethod org/mule/apache/xerces/impl/xs/opti/AttrImpl getValue ()Ljava/lang/String; 274 0 137 0 0
ciMethod org/mule/apache/xerces/util/DOMUtil getName (Lorg/w3c/dom/Node;)Ljava/lang/String; 600 0 7618 0 0
ciMethod org/mule/apache/xerces/util/DOMUtil getLocalName (Lorg/w3c/dom/Node;)Ljava/lang/String; 660 0 13274 0 160
ciMethod org/mule/apache/xerces/util/DOMUtil getRoot (Lorg/w3c/dom/Document;)Lorg/w3c/dom/Element; 1024 0 2073 0 -1
ciMethod org/mule/apache/xerces/util/DOMUtil getAttr (Lorg/w3c/dom/Element;Ljava/lang/String;)Lorg/w3c/dom/Attr; 56 0 1328 0 0
ciMethod org/mule/apache/xerces/util/DOMUtil getAttrs (Lorg/w3c/dom/Element;)[Lorg/w3c/dom/Attr; 498 438 5772 0 0
ciMethod org/mule/apache/xerces/util/DOMUtil getValue (Lorg/w3c/dom/Attr;)Ljava/lang/String; 482 0 8301 0 0
ciMethod org/mule/apache/xerces/util/DOMUtil getPrefix (Lorg/w3c/dom/Node;)Ljava/lang/String; 20 0 771 0 0
ciMethod org/mule/apache/xerces/util/DOMUtil getNamespaceURI (Lorg/w3c/dom/Node;)Ljava/lang/String; 518 0 13299 0 0
ciMethod org/mule/apache/xerces/impl/xs/traversers/XSAttributeChecker checkAttributes (Lorg/w3c/dom/Element;ZLorg/mule/apache/xerces/impl/xs/traversers/XSDocumentInfo;Z)[Ljava/lang/Object; 486 2072 5770 0 -1
ciMethod org/mule/apache/xerces/impl/xs/traversers/XSAttributeChecker validate ([Ljava/lang/Object;Ljava/lang/String;Ljava/lang/String;ILorg/mule/apache/xerces/impl/xs/traversers/XSDocumentInfo;)Ljava/lang/Object; 110 0 2113 0 -1
ciMethod org/mule/apache/xerces/impl/xs/traversers/XSAttributeChecker reportSchemaError (Ljava/lang/String;[Ljava/lang/Object;Lorg/w3c/dom/Element;)V 0 0 1 0 0
ciMethod org/mule/apache/xerces/impl/xs/traversers/XSAttributeChecker getAvailableArray ()[Ljava/lang/Object; 536 20 5774 0 0
ciMethod org/mule/apache/xerces/impl/xs/traversers/XSAttributeChecker resolveNamespace (Lorg/w3c/dom/Element;[Lorg/w3c/dom/Attr;Lorg/mule/apache/xerces/impl/xs/SchemaNamespaceSupport;)V 502 438 5772 0 0
ciMethod org/mule/apache/xerces/impl/xs/util/XIntPool getXInt (I)Lorg/mule/apache/xerces/impl/xs/util/XInt; 218 0 944 0 -1
ciMethod org/mule/apache/xerces/impl/xs/util/XInt intValue ()I 414 0 207 0 0
ciMethod org/mule/apache/xerces/impl/xs/traversers/Container get (Ljava/lang/String;)Lorg/mule/apache/xerces/impl/xs/traversers/OneAttr; 0 0 1 0 -1
ciMethod org/mule/apache/xerces/impl/xs/traversers/LargeContainer get (Ljava/lang/String;)Lorg/mule/apache/xerces/impl/xs/traversers/OneAttr; 1024 0 5570 0 0
ciMethod org/mule/apache/xerces/impl/xs/traversers/SmallContainer get (Ljava/lang/String;)Lorg/mule/apache/xerces/impl/xs/traversers/OneAttr; 1024 1144 1833 0 0
ciMethod org/mule/apache/xerces/impl/validation/ValidationState needExtraChecking ()Z 258 0 129 0 0
ciMethod org/mule/apache/xerces/impl/validation/ValidationState needFacetChecking ()Z 258 0 129 0 0
ciMethod org/mule/apache/xerces/impl/validation/ValidationState needToNormalize ()Z 258 0 129 0 0
ciMethod org/mule/apache/xerces/impl/xs/SchemaNamespaceSupport <init> (Lorg/mule/apache/xerces/impl/xs/SchemaNamespaceSupport;)V 56 0 223 0 -1
ciMethod org/mule/apache/xerces/impl/xs/opti/NamedNodeMapImpl <init> ([Lorg/w3c/dom/Attr;)V 548 0 5813 0 0
ciMethod org/mule/apache/xerces/impl/xs/opti/NamedNodeMapImpl item (I)Lorg/w3c/dom/Node; 576 0 7593 0 0
ciMethod org/mule/apache/xerces/impl/xs/opti/NamedNodeMapImpl getLength ()I 524 0 7799 0 96
ciMethodData org/mule/apache/xerces/util/NamespaceSupport pushContext ()V 2 14083 orig 80 0 0 0 0 0 0 0 0 0 0 0 0 0 0 0 0 0 0 0 0 0 0 0 0 0 0 0 0 0 0 0 0 0 0 0 0 0 0 0 0 0 0 0 0 0 0 0 0 0 0 0 0 0 0 0 0 0 0 0 0 0 0 0 0 0 0 0 0 0 0 0 0 0 0 0 0 0 0 0 0 data 16 0xb0007 0x34e4 0x30 0x20 0x240002 0x20 0x0 0x0 0x0 0x0 0x0 0x0 0x0 0x9 0x1 0x0 oops 0 methods 0
ciMethodData org/mule/apache/xerces/util/SymbolTable addSymbol (Ljava/lang/String;)Ljava/lang/String; 2 10453 orig 80 0 0 0 0 0 0 0 0 0 0 0 0 0 0 0 0 0 0 0 0 0 0 0 0 0 0 0 0 0 0 0 0 0 0 0 0 0 0 0 0 0 0 0 0 0 0 0 0 0 0 0 0 0 0 0 0 0 0 0 0 0 0 0 0 0 0 0 0 0 0 0 0 0 0 0 0 0 0 0 0 data 37 0x40005 0x0 0x0 0x16c17e03660 0x28be 0x0 0x0 0x170007 0x6ac 0x90 0x2c6f 0x200005 0x2c6f 0x0 0x0 0x0 0x0 0x0 0x230007 0xa5d 0x20 0x2212 0x360003 0xa5d 0xffffffffffffff88 0x3d0002 0x6ac 0x0 0x0 0x0 0x0 0x0 0x0 0x9 0x2 0x0 0x0 oops 1 3 org/mule/apache/xerces/util/SymbolTable methods 0
ciMethodData org/mule/apache/xerces/util/NamespaceSupport declarePrefix (Ljava/lang/String;Ljava/lang/String;)Z 2 1671 orig 80 0 0 0 0 0 0 0 0 0 0 0 0 0 0 0 0 0 0 0 0 0 0 0 0 0 0 0 0 0 0 0 0 0 0 0 0 0 0 0 0 0 0 0 0 0 0 0 0 0 0 0 0 0 0 0 0 0 0 0 0 0 0 0 0 0 0 0 0 0 0 0 0 0 0 0 0 0 0 0 0 data 63 0x40007 0x0 0x40 0x679 0xb0007 0x679 0x20 0x0 0x1f0007 0x679 0x90 0xf9 0x2b0007 0xf9 0x58 0x0 0x360004 0x0 0x0 0x0 0x0 0x0 0x0 0x3c0003 0xf9 0xffffffffffffff88 0x480007 0x673 0x30 0x6 0x600002 0x6 0x780004 0x0 0x0 0x16bd1633160 0x679 0x0 0x0 0x890004 0x0 0x0 0x16bd1633160 0x679 0x0 0x0 0x0 0x0 0x0 0x0 0x0 0x0 0x0 0x0 0x0 0x0 0x0 0x0 0x9 0x3 0x0 0x0 0x0 oops 2 35 java/lang/String 42 java/lang/String methods 0
ciMethodData org/mule/apache/xerces/util/DOMUtil getLocalName (Lorg/w3c/dom/Node;)Ljava/lang/String; 2 13500 orig 80 0 0 0 0 0 0 0 0 0 0 0 0 252 127 0 0 0 0 0 0 0 0 0 0 0 0 0 0 0 0 0 0 0 0 0 0 0 0 0 0 0 0 0 0 0 0 0 0 0 0 0 0 0 0 0 0 0 0 0 0 0 0 0 0 0 0 0 0 0 0 0 0 0 0 0 0 0 0 0 0 data 30 0x10005 0x0 0x0 0x16c1b4e4b20 0x30b4 0x16c1db05ba0 0x2be 0x80007 0x0 0x38 0x3372 0xc0003 0x3372 0x50 0x100005 0x0 0x0 0x0 0x0 0x0 0x0 0x0 0x0 0x0 0x0 0x0 0x0 0x9 0x1 0x0 oops 2 3 org/mule/apache/xerces/impl/xs/opti/ElementImpl 5 org/mule/apache/xerces/impl/xs/opti/AttrImpl methods 0
ciMethodData org/mule/apache/xerces/impl/xs/opti/NamedNodeMapImpl getLength ()I 2 7799 orig 80 0 0 0 0 0 0 0 0 0 0 0 0 252 127 0 0 0 0 0 0 0 0 0 0 0 0 0 0 0 0 0 0 0 0 0 0 0 0 0 0 0 0 0 0 0 0 0 0 0 0 0 0 0 0 0 0 0 0 0 0 0 0 0 0 0 0 0 0 0 0 0 0 0 0 0 0 0 0 0 0 data 7 0x0 0x0 0x0 0x0 0x9 0x1 0x0 oops 0 methods 0
ciMethodData org/mule/apache/xerces/util/DOMUtil getNamespaceURI (Lorg/w3c/dom/Node;)Ljava/lang/String; 2 14507 orig 80 0 0 0 0 0 0 0 0 0 0 0 0 252 127 0 0 0 0 0 0 0 0 0 0 0 0 0 0 0 0 0 0 0 0 0 0 0 0 0 0 0 0 0 0 0 0 0 0 0 0 0 0 0 0 0 0 0 0 0 0 0 0 0 0 0 0 0 0 0 0 0 0 0 0 0 0 0 0 0 0 data 16 0x10005 0x0 0x0 0x16c1b4e4b20 0x17fd 0x16c1db05ba0 0x1fab 0x0 0x0 0x0 0x0 0x0 0x0 0x9 0x1 0x0 oops 2 3 org/mule/apache/xerces/impl/xs/opti/ElementImpl 5 org/mule/apache/xerces/impl/xs/opti/AttrImpl methods 0
ciMethodData org/mule/apache/xerces/util/SymbolTable hash (Ljava/lang/String;)I 2 13357 orig 80 0 0 0 0 0 0 0 0 0 0 0 0 252 127 0 0 0 0 0 0 0 0 0 0 0 0 0 0 0 0 0 0 0 0 0 0 0 0 0 0 0 0 0 0 0 0 0 0 0 0 0 0 0 0 0 0 0 0 0 0 0 0 0 0 0 0 0 0 0 0 0 0 0 0 0 0 0 0 0 0 data 23 0x40007 0x0 0x58 0x331f 0x80005 0x331f 0x0 0x0 0x0 0x0 0x0 0x110002 0x0 0x0 0x0 0x0 0x0 0x0 0x0 0x9 0x2 0x0 0xe oops 0 methods 0
ciMethodData org/mule/apache/xerces/impl/xs/traversers/XSAttributeChecker checkAttributes (Lorg/w3c/dom/Element;ZLorg/mule/apache/xerces/impl/xs/traversers/XSDocumentInfo;Z)[Ljava/lang/Object; 2 29722 orig 80 0 0 0 0 0 0 0 0 0 0 0 0 252 127 0 0 0 0 0 0 0 0 0 0 0 0 0 0 0 0 0 0 0 0 0 0 0 0 0 0 0 0 0 0 0 0 0 0 0 0 0 0 0 0 0 0 0 0 0 0 0 0 0 0 0 0 0 0 0 0 0 0 0 0 0 0 0 0 0 0 data 642 0x10007 0x1598 0x20 0x0 0x70002 0x1598 0x140005 0x0 0x0 0x16c1db03970 0x1598 0x0 0x0 0x180002 0x1598 0x1e0002 0x1598 0x280005 0x1598 0x0 0x0 0x0 0x0 0x0 0x2b0007 0x1598 0x90 0x0 0x390004 0x0 0x0 0x0 0x0 0x0 0x0 0x3b0005 0x0 0x0 0x0 0x0 0x0 0x0 0x480007 0x6a6 0x178 0xef2 0x550005 0xef2 0x0 0x0 0x0 0x0 0x0 0x580007 0xdae 0x80 0x144 0x5f0002 0x144 0x620007 0xac 0x38 0x98 0x690003 0x98 0xd0 0x700003 0xac 0xb8 0x780005 0xdae 0x0 0x0 0x0 0x0 0x0 0x7b0007 0x9dc 0x68 0x3d2 0x820002 0x3d2 0x850007 0x3d2 0x38 0x0 0x8c0003 0x0 0x18 0x970005 0x0 0x0 0x16bd1634650 0x1598 0x0 0x0 0x9a0004 0x0 0x0 0x16c1db05a40 0xe70 0x16c1db05af0 0x728 0xa10007 0x1598 0x90 0x0 0xb00004 0x0 0x0 0x0 0x0 0x0 0x0 0xb20005 0x0 0x0 0x0 0x0 0x0 0x0 0xb80005 0x0 0x0 0x16c1db03970 0x1598 0x0 0x0 0xcc0002 0x1598 0xde0007 0x1598 0xb70 0x1c8e 0xea0005 0x0 0x0 0x16c1db05ba0 0x1c8e 0x0 0x0 0xf30002 0x1c8e 0xfa0002 0x1c8e 0x1040005 0x1c8e 0x0 0x0 0x0 0x0 0x0 0x1070007 0x1997 0x200 0x2f7 0x10c0002 0x2f7 0x1160005 0x2f7 0x0 0x0 0x0 0x0 0x0 0x1190007 0x2b6 0xa40 0x41 0x1210005 0x41 0x0 0x0 0x0 0x0 0x0 0x1240007 0x0 0x38 0x41 0x1270003 0x41 0x9c8 0x12f0005 0x0 0x0 0x0 0x0 0x0 0x0 0x1320007 0x0 0xd0 0x0 0x13a0005 0x0 0x0 0x0 0x0 0x0 0x0 0x13d0007 0x0 0x78 0x0 0x1450005 0x0 0x0 0x0 0x0 0x0 0x0 0x1480007 0x0 0x20 0x0 0x1500007 0x1997 0x2f0 0x0 0x1550005 0x0 0x0 0x0 0x0 0x0 0x0 0x1580007 0x0 0x298 0x0 0x1600005 0x0 0x0 0x0 0x0 0x0 0x0 0x1630007 0x0 0xe0 0x0 0x1720004 0x0 0x0 0x0 0x0 0x0 0x0 0x1770004 0x0 0x0 0x0 0x0 0x0 0x0 0x1790005 0x0 0x0 0x0 0x0 0x0 0x0 0x17c0003 0x0 0x730 0x1850007 0x0 0x68 0x0 0x1930002 0x0 0x1960004 0x0 0x0 0x0 0x0 0x0 0x0 0x19d0004 0x0 0x0 0x0 0x0 0x0 0x0 0x1a20005 0x0 0x0 0x0 0x0 0x0 0x0 0x1ab0004 0x0 0x0 0x0 0x0 0x0 0x0 0x1b00005 0x0 0x0 0x0 0x0 0x0 0x0 0x1b30003 0x0 0x5d0 0x1ba0005 0x0 0x0 0x16c1db05af0 0x13ae 0x16c1db05a40 0x5e9 0x1c10007 0x1997 0xe0 0x0 0x1d00004 0x0 0x0 0x0 0x0 0x0 0x0 0x1d50004 0x0 0x0 0x0 0x0 0x0 0x0 0x1d70005 0x0 0x0 0x0 0x0 0x0 0x0 0x1da0003 0x0 0x4b8 0x1ed0007 0x6f0 0x210 0x12a7 0x1f60007 0x24f 0x1a0 0x1058 0x2000007 0x0 0x180 0x1058 0x20a0007 0x0 0x160 0x1058 0x2210005 0x0 0x0 0x16c1db05c50 0x1058 0x0 0x0 0x22e0007 0x7b6 0xb8 0x8a2 0x2330004 0x0 0x0 0x16c1db05d00 0x8a2 0x0 0x0 0x2400007 0x689 0x60 0x219 0x2480007 0x219 0x40 0x0 0x24f0007 0x0 0x20 0x0 0x2640004 0x0 0x0 0x16bd1633160 0x7b6 0x16c1db05d00 0x8a2 0x2650003 0x1058 0xb0 0x2710004 0x0 0x0 0x16bd1633160 0x24f 0x0 0x0 0x2720003 0x24f 0x60 0x2890002 0x6f0 0x28c0004 0x0 0x0 0x16c1db05db0 0x63d 0x16bd1636a30 0xb1 0x28d0003 0x1997 0x188 0x29e0004 0x0 0x0 0x0 0x0 0x0 0x0 0x2a30004 0x0 0x0 0x0 0x0 0x0 0x0 0x2a80005 0x0 0x0 0x0 0x0 0x0 0x0 0x2ab0004 0x0 0x0 0x0 0x0 0x0 0x0 0x2ad0005 0x0 0x0 0x0 0x0 0x0 0x0 0x2b50007 0x0 0x58 0x0 0x2c40004 0x0 0x0 0x0 0x0 0x0 0x0 0x2ca0005 0x1997 0x0 0x0 0x0 0x0 0x0 0x2cd0007 0x18a7 0x88 0xf0 0x2d20007 0xf0 0x68 0x0 0x2e20002 0x0 0x2e50004 0x0 0x0 0x0 0x0 0x0 0x0 0x2e90003 0x1c8e 0xfffffffffffff4a8 0x2fb0007 0x1598 0xb0 0x537f 0x30a0007 0x4452 0x78 0xf2d 0x3170007 0x6e8 0x58 0x845 0x3260004 0x0 0x0 0x16bd1636a30 0x603 0x16c1db05db0 0x242 0x3370003 0x537f 0xffffffffffffff68 0x3450002 0x1598 0x3480004 0x0 0x0 0x16bd1636ed0 0x1598 0x0 0x0 0x34f0007 0x1362 0x258 0x236 0x3580004 0x0 0x0 0x16c1db05db0 0x236 0x0 0x0 0x35b0005 0x236 0x0 0x0 0x0 0x0 0x0 0x3660004 0x0 0x0 0x16c1db05db0 0x236 0x0 0x0 0x3690005 0x236 0x0 0x0 0x0 0x0 0x0 0x3710007 0x56 0x158 0x1e0 0x3780007 0x1e0 0x138 0x0 0x3870004 0x0 0x0 0x0 0x0 0x0 0x0 0x3900004 0x0 0x0 0x0 0x0 0x0 0x0 0x3990004 0x0 0x0 0x0 0x0 0x0 0x0 0x39b0005 0x0 0x0 0x0 0x0 0x0 0x0 0x3a90004 0x0 0x0 0x0 0x0 0x0 0x0 0x0 0x0 0x0 0x0 0x0 0x0 0x0 0x0 0x0 0x0 0x0 0x0 0x0 0x0 0x0 0x0 0x0 0x0 0x0 0x0 0x0 0x0 0x0 0x0 0x0 0x0 0x0 0x0 0x0 0x0 0x0 0x0 0x0 0x9 0x5 0x0 0x0 0x0 0x0 0x0 oops 20 9 org/mule/apache/xerces/impl/xs/traversers/XSAttributeChecker 92 java/util/Hashtable 99 org/mule/apache/xerces/impl/xs/traversers/SmallContainer 101 org/mule/apache/xerces/impl/xs/traversers/LargeContainer 124 org/mule/apache/xerces/impl/xs/traversers/XSAttributeChecker 137 org/mule/apache/xerces/impl/xs/opti/AttrImpl 313 org/mule/apache/xerces/impl/xs/traversers/LargeContainer 315 org/mule/apache/xerces/impl/xs/traversers/SmallContainer 364 org/mule/apache/xerces/impl/dv/xs/XSSimpleTypeDecl 375 org/mule/apache/xerces/impl/dv/xs/QNameDV$XQName 394 java/lang/String 396 org/mule/apache/xerces/impl/dv/xs/QNameDV$XQName 404 java/lang/String 416 org/mule/apache/xerces/impl/xs/util/XInt 418 java/lang/Boolean 511 java/lang/Boolean 513 org/mule/apache/xerces/impl/xs/util/XInt 523 java/lang/Long 534 org/mule/apache/xerces/impl/xs/util/XInt 548 org/mule/apache/xerces/impl/xs/util/XInt methods 0
ciMethodData org/mule/apache/xerces/util/DOMUtil getAttrs (Lorg/w3c/dom/Element;)[Lorg/w3c/dom/Attr; 2 7571 orig 80 0 0 0 0 0 0 0 0 0 0 0 0 0 0 0 0 0 0 0 0 0 0 0 0 0 0 0 0 0 0 0 0 0 0 0 0 0 0 0 0 0 0 0 0 0 0 0 0 0 0 0 0 0 0 0 0 0 0 0 0 0 0 0 0 0 0 0 0 0 0 0 0 0 0 0 0 0 0 0 0 data 58 0x10005 0x0 0x0 0x16c1b4e4b20 0x15bc 0x0 0x0 0x80005 0x0 0x0 0x16c1b4e4bd0 0x15bc 0x0 0x0 0x150005 0x0 0x0 0x16c1b4e4bd0 0x3274 0x0 0x0 0x1a0007 0x15bc 0xe0 0x1cb8 0x210005 0x0 0x0 0x16c1b4e4bd0 0x1cb8 0x0 0x0 0x260004 0x0 0x0 0x16c1db05ba0 0x1cb8 0x0 0x0 0x290004 0x0 0x0 0x16c1db05ba0 0x1cb8 0x0 0x0 0x2d0003 0x1cb8 0xffffffffffffff00 0x0 0x0 0x0 0x0 0x0 0x0 0x9 0x1 0x0 oops 6 3 org/mule/apache/xerces/impl/xs/opti/ElementImpl 10 org/mule/apache/xerces/impl/xs/opti/NamedNodeMapImpl 17 org/mule/apache/xerces/impl/xs/opti/NamedNodeMapImpl 28 org/mule/apache/xerces/impl/xs/opti/NamedNodeMapImpl 35 org/mule/apache/xerces/impl/xs/opti/AttrImpl 42 org/mule/apache/xerces/impl/xs/opti/AttrImpl methods 0
ciMethodData org/mule/apache/xerces/impl/xs/traversers/XSAttributeChecker resolveNamespace (Lorg/w3c/dom/Element;[Lorg/w3c/dom/Attr;Lorg/mule/apache/xerces/impl/xs/SchemaNamespaceSupport;)V 2 7618 orig 80 0 0 0 0 0 0 0 0 0 0 0 0 0 0 0 0 0 0 0 0 0 0 0 0 0 0 0 0 0 0 0 0 0 0 0 0 0 0 0 0 0 0 0 0 0 0 0 0 0 0 0 0 0 0 0 0 0 0 0 0 0 0 0 0 0 0 0 0 0 0 0 0 0 0 0 0 0 0 0 0 data 96 0x10005 0x0 0x0 0x16c1db0ac90 0x15e3 0x0 0x0 0x120007 0x15e3 0x268 0x1ce7 0x1d0002 0x1ce7 0x2a0005 0x1ce7 0x0 0x0 0x0 0x0 0x0 0x2d0007 0x1ca6 0x38 0x41 0x350003 0x41 0xb8 0x3d0005 0x1ca6 0x0 0x0 0x0 0x0 0x0 0x400007 0x19ec 0x68 0x2ba 0x490002 0x2ba 0x4c0005 0x0 0x0 0x16c17e03660 0x2ba 0x0 0x0 0x530007 0x19ec 0x110 0x2fb 0x5c0002 0x2fb 0x5f0005 0x0 0x0 0x16c17e03660 0x2fb 0x0 0x0 0x690005 0x2fb 0x0 0x0 0x0 0x0 0x0 0x6c0007 0x0 0x38 0x2fb 0x710003 0x2fb 0x18 0x750005 0x0 0x0 0x16c1db0ac90 0x2fb 0x0 0x0 0x7c0003 0x1ce7 0xfffffffffffffdb0 0x0 0x0 0x0 0x0 0x0 0x0 0x9 0x4 0x0 0x0 0x0 0x0 oops 4 3 org/mule/apache/xerces/impl/xs/SchemaNamespaceSupport 43 org/mule/apache/xerces/util/SymbolTable 56 org/mule/apache/xerces/util/SymbolTable 77 org/mule/apache/xerces/impl/xs/SchemaNamespaceSupport methods 0
ciMethodData org/mule/apache/xerces/impl/xs/traversers/XSAttributeChecker reportSchemaError (Ljava/lang/String;[Ljava/lang/Object;Lorg/w3c/dom/Element;)V 1 0 orig 80 0 0 0 0 0 0 0 0 0 0 0 0 0 0 0 0 0 0 0 0 0 0 0 0 0 0 0 0 0 0 0 0 0 0 0 0 0 0 0 0 0 0 0 0 0 0 0 0 0 0 0 0 0 0 0 0 0 0 0 0 0 0 0 0 0 0 0 0 0 0 0 0 0 0 0 0 0 0 0 0 data 19 0x70005 0x0 0x0 0x0 0x0 0x0 0x0 0x0 0x0 0x0 0x0 0x0 0x0 0x9 0x4 0x0 0x0 0x0 0x0 oops 0 methods 0
ciMethodData org/mule/apache/xerces/impl/xs/traversers/XSDHandler reportSchemaError (Ljava/lang/String;[Ljava/lang/Object;Lorg/w3c/dom/Element;)V 1 0 orig 80 0 0 0 0 0 0 0 0 0 0 0 0 0 0 0 0 0 0 0 0 0 0 0 0 0 0 0 0 0 0 0 0 0 0 0 0 0 0 0 0 0 0 0 0 0 0 0 0 0 0 0 0 0 0 0 0 0 0 0 0 0 0 0 0 0 0 0 0 0 0 0 0 0 0 0 0 0 0 0 0 data 19 0x50005 0x0 0x0 0x0 0x0 0x0 0x0 0x0 0x0 0x0 0x0 0x0 0x0 0x9 0x4 0x0 0x0 0x0 0x0 oops 0 methods 0
ciMethodData org/mule/apache/xerces/util/DOMUtil getAttr (Lorg/w3c/dom/Element;Ljava/lang/String;)Lorg/w3c/dom/Attr; 2 1503 orig 80 0 0 0 0 0 0 0 0 0 0 0 0 0 0 0 0 0 0 0 0 0 0 0 0 0 0 0 0 0 0 0 0 0 0 0 0 0 0 0 0 0 0 0 0 0 0 0 0 0 0 0 0 0 0 0 0 0 0 0 0 0 0 0 0 0 0 0 0 0 0 0 0 0 0 0 0 0 0 0 0 data 17 0x20005 0x0 0x0 0x16c1b4e4b20 0x5c3 0x0 0x0 0x0 0x0 0x0 0x0 0x0 0x0 0x9 0x2 0x0 0x0 oops 1 3 org/mule/apache/xerces/impl/xs/opti/ElementImpl methods 0
ciMethodData org/mule/apache/xerces/impl/xs/traversers/XSAttributeChecker getAvailableArray ()[Ljava/lang/Object; 2 6277 orig 80 0 0 0 0 0 0 0 0 0 0 0 0 0 0 0 0 0 0 0 0 0 0 0 0 0 0 0 0 0 0 0 0 0 0 0 0 0 0 0 0 0 0 0 0 0 0 0 0 0 0 0 0 0 0 0 0 0 0 0 0 0 0 0 0 0 0 0 0 0 0 0 0 0 0 0 0 0 0 0 0 data 47 0x90007 0x1777 0x90 0x2 0x250007 0x2 0x70 0x14 0x330004 0x0 0x0 0x16c1db04520 0x14 0x0 0x0 0x370003 0x14 0xffffffffffffffa8 0x540104 0x0 0x0 0x0 0x0 0x0 0x0 0x600002 0x1779 0x6a0004 0x0 0x0 0x16bd1636a30 0x1779 0x0 0x0 0x0 0x0 0x0 0x0 0x0 0x0 0x0 0x0 0x0 0x0 0x9 0x1 0x0 oops 2 11 [Ljava/lang/Object; 30 java/lang/Boolean methods 0
ciMethodData org/mule/apache/xerces/util/DOMUtil getValue (Lorg/w3c/dom/Attr;)Ljava/lang/String; 2 8672 orig 80 0 0 0 0 0 0 0 0 0 0 0 0 0 0 0 0 0 0 0 0 0 0 0 0 0 0 0 0 0 0 0 0 0 0 0 0 0 0 0 0 0 0 0 0 0 0 0 0 0 0 0 0 0 0 0 0 0 0 0 0 0 0 0 0 0 0 0 0 0 0 0 0 0 0 0 0 0 0 0 0 data 16 0x10005 0x0 0x0 0x16c1db05ba0 0x20ef 0x0 0x0 0x0 0x0 0x0 0x0 0x0 0x0 0x9 0x1 0x0 oops 1 3 org/mule/apache/xerces/impl/xs/opti/AttrImpl methods 0
ciMethodData org/mule/apache/xerces/util/DOMUtil getPrefix (Lorg/w3c/dom/Node;)Ljava/lang/String; 1 827 orig 80 0 0 0 0 0 0 0 0 0 0 0 0 0 0 0 0 0 0 0 0 0 0 0 0 0 0 0 0 0 0 0 0 0 0 0 0 0 0 0 0 0 0 0 0 0 0 0 0 0 0 0 0 0 0 0 0 0 0 0 0 0 0 0 0 0 0 0 0 0 0 0 0 0 0 0 0 0 0 0 0 data 16 0x10005 0x0 0x0 0x16c1db05ba0 0x331 0x0 0x0 0x0 0x0 0x0 0x0 0x0 0x0 0x9 0x1 0x0 oops 1 3 org/mule/apache/xerces/impl/xs/opti/AttrImpl methods 0
ciMethodData org/mule/apache/xerces/impl/dv/xs/XSSimpleTypeDecl validate (Ljava/lang/String;Lorg/mule/apache/xerces/impl/dv/ValidationContext;Lorg/mule/apache/xerces/impl/dv/ValidatedInfo;)Ljava/lang/Object; 2 5369 orig 80 0 0 0 0 0 0 0 0 0 0 0 0 0 0 0 0 0 0 0 0 0 0 0 0 0 0 0 0 0 0 0 0 0 0 0 0 0 0 0 0 0 0 0 0 0 0 0 0 0 0 0 0 0 0 0 0 0 0 0 0 0 0 0 0 0 0 0 0 0 0 0 0 0 0 0 0 0 0 0 0 data 52 0x10007 0x1459 0x20 0x0 0x90007 0x2de 0x48 0x117b 0x100002 0x117b 0x140003 0x117b 0x18 0x1d0007 0x0 0x78 0x1459 0x210005 0x0 0x0 0x16c1b83dd00 0x144a 0x16bb11a1070 0xf 0x260007 0x0 0x38 0x1459 0x2a0003 0x1459 0x18 0x360002 0x1459 0x3e0005 0x0 0x0 0x16c1db05c50 0x1459 0x0 0x0 0x0 0x0 0x0 0x0 0x0 0x0 0x9 0x4 0x0 0x0 0x0 0x0 oops 3 20 org/mule/apache/xerces/impl/validation/ValidationState 22 org/mule/apache/xerces/impl/validation/ConfigurableValidationState 36 org/mule/apache/xerces/impl/dv/xs/XSSimpleTypeDecl methods 0
ciMethodData org/mule/apache/xerces/impl/xs/opti/NamedNodeMapImpl <init> ([Lorg/w3c/dom/Attr;)V 2 5816 orig 80 0 0 0 0 0 0 0 0 0 0 0 0 252 127 0 0 0 0 0 0 0 0 0 0 0 0 0 0 0 0 0 0 0 0 0 0 0 0 0 0 0 0 0 0 0 0 0 0 0 0 0 0 0 0 0 0 0 0 0 0 0 0 0 0 0 0 0 0 0 0 0 0 0 0 0 0 0 0 0 0 data 10 0x10002 0x15a6 0x0 0x0 0x0 0x0 0x9 0x2 0x0 0x0 oops 0 methods 0
ciMethodData org/mule/apache/xerces/impl/xs/opti/ElementImpl getAttributes ()Lorg/w3c/dom/NamedNodeMap; 2 5813 orig 80 0 0 0 0 0 0 0 0 0 0 0 0 252 127 0 0 0 0 0 0 0 0 0 0 0 0 0 0 0 0 0 0 0 0 0 0 0 0 0 0 0 0 0 0 0 0 0 0 0 0 0 0 0 0 0 0 0 0 0 0 0 0 0 0 0 0 0 0 0 0 0 0 0 0 0 0 0 0 0 0 data 9 0x80002 0x15a3 0x0 0x0 0x0 0x0 0x9 0x1 0x0 oops 0 methods 0
ciMethodData org/mule/apache/xerces/impl/xs/traversers/XSAttributeChecker validate ([Ljava/lang/Object;Ljava/lang/String;Ljava/lang/String;ILorg/mule/apache/xerces/impl/xs/traversers/XSDocumentInfo;)Ljava/lang/Object; 2 2558 orig 80 0 0 0 0 0 0 0 0 0 0 0 0 0 0 0 0 0 0 0 0 0 0 0 0 0 0 0 0 0 0 0 0 0 0 0 0 0 0 0 0 0 0 0 0 0 0 0 0 0 0 0 0 0 0 0 0 0 0 0 0 0 0 0 0 0 0 0 0 0 0 0 0 0 0 0 0 0 0 0 0 data 1387 0x10007 0x9c7 0x20 0x0 0x70002 0x9c7 0x110008 0x24 0x0 0x2908 0x0 0x618 0x394 0x340 0xb1 0x130 0x0 0x2738 0x36f 0x2568 0x0 0x2398 0x0 0x1de8 0x0 0x1c18 0x2 0x19b0 0x0 0x1888 0x1f3 0x1770 0x1e 0x1610 0x0 0x1258 0x0 0xf10 0x0 0xc38 0x0 0xc38 0x0 0x8f0 0x690005 0xb1 0x0 0x0 0x0 0x0 0x0 0x6c0007 0x0 0x78 0xb1 0x740005 0xb1 0x0 0x0 0x0 0x0 0x0 0x770007 0xb1 0x38 0x0 0x7f0003 0x0 0x2728 0x870005 0xb1 0x0 0x0 0x0 0x0 0x0 0x8a0007 0xb1 0x78 0x0 0x920005 0x0 0x0 0x0 0x0 0x0 0x0 0x950007 0x0 0x38 0x0 0x9d0003 0xb1 0x2660 0xaf0004 0x0 0x0 0x0 0x0 0x0 0x0 0xb50004 0x0 0x0 0x0 0x0 0x0 0x0 0xb60002 0x0 0xbc0005 0x394 0x0 0x0 0x0 0x0 0x0 0xbf0007 0x0 0xb0 0x394 0xc50005 0x394 0x0 0x0 0x0 0x0 0x0 0xca0007 0x394 0x58 0x0 0xd00005 0x0 0x0 0x0 0x0 0x0 0x0 0xda0002 0x394 0xdd0005 0x394 0x0 0x0 0x0 0x0 0x0 0xe20003 0x394 0x98 0xf60004 0x0 0x0 0x0 0x0 0x0 0x0 0xfc0004 0x0 0x0 0x0 0x0 0x0 0x0 0xfd0002 0x0 0x1030004 0x0 0x0 0x16c1db05db0 0x394 0x0 0x0 0x1060005 0x394 0x0 0x0 0x0 0x0 0x0 0x1090007 0x394 0x2390 0x0 0x11b0004 0x0 0x0 0x0 0x0 0x0 0x0 0x1210004 0x0 0x0 0x0 0x0 0x0 0x0 0x1220002 0x0 0x1280005 0x0 0x0 0x0 0x0 0x0 0x0 0x12b0007 0x0 0xb0 0x0 0x1310005 0x0 0x0 0x0 0x0 0x0 0x0 0x1360007 0x0 0x58 0x0 0x13c0005 0x0 0x0 0x0 0x0 0x0 0x0 0x1460002 0x0 0x1490005 0x0 0x0 0x0 0x0 0x0 0x0 0x14e0003 0x0 0x98 0x1620004 0x0 0x0 0x0 0x0 0x0 0x0 0x1680004 0x0 0x0 0x0 0x0 0x0 0x0 0x1690002 0x0 0x16f0004 0x0 0x0 0x0 0x0 0x0 0x0 0x1720005 0x0 0x0 0x0 0x0 0x0 0x0 0x1750007 0x0 0x20b8 0x0 0x1870004 0x0 0x0 0x0 0x0 0x0 0x0 0x18d0004 0x0 0x0 0x0 0x0 0x0 0x0 0x18e0002 0x0 0x19a0005 0x0 0x0 0x0 0x0 0x0 0x0 0x19d0007 0x0 0x38 0x0 0x1a40003 0x0 0x2a0 0x1b00002 0x0 0x1b70005 0x0 0x0 0x0 0x0 0x0 0x0 0x1ba0007 0x0 0x240 0x0 0x1bf0005 0x0 0x0 0x0 0x0 0x0 0x0 0x1c90005 0x0 0x0 0x0 0x0 0x0 0x0 0x1cc0007 0x0 0x38 0x0 0x1d50003 0x0 0x178 0x1dd0005 0x0 0x0 0x0 0x0 0x0 0x0 0x1e00007 0x0 0x38 0x0 0x1e90003 0x0 0x108 0x1f10005 0x0 0x0 0x0 0x0 0x0 0x0 0x1f40007 0x0 0x38 0x0 0x1fd0003 0x0 0x98 0x20f0004 0x0 0x0 0x0 0x0 0x0 0x0 0x2150004 0x0 0x0 0x0 0x0 0x0 0x0 0x2160002 0x0 0x21a0003 0x0 0xfffffffffffffda0 0x2220005 0x0 0x0 0x0 0x0 0x0 0x0 0x2270003 0x0 0x1ce8 0x2320005 0x0 0x0 0x0 0x0 0x0 0x0 0x2350007 0x0 0x38 0x0 0x23c0003 0x0 0x230 0x2480002 0x0 0x24f0005 0x0 0x0 0x0 0x0 0x0 0x0 0x2520007 0x0 0x1d0 0x0 0x2570005 0x0 0x0 0x0 0x0 0x0 0x0 0x2610005 0x0 0x0 0x0 0x0 0x0 0x0 0x2640007 0x0 0x38 0x0 0x26d0003 0x0 0x108 0x2750005 0x0 0x0 0x0 0x0 0x0 0x0 0x2780007 0x0 0x38 0x0 0x2810003 0x0 0x98 0x2930004 0x0 0x0 0x0 0x0 0x0 0x0 0x2990004 0x0 0x0 0x0 0x0 0x0 0x0 0x29a0002 0x0 0x29e0003 0x0 0xfffffffffffffe10 0x2a60005 0x0 0x0 0x0 0x0 0x0 0x0 0x2ab0003 0x0 0x1a10 0x2b60005 0x0 0x0 0x0 0x0 0x0 0x0 0x2b90007 0x0 0x38 0x0 0x2c00003 0x0 0x2a0 0x2cc0002 0x0 0x2d30005 0x0 0x0 0x0 0x0 0x0 0x0 0x2d60007 0x0 0x240 0x0 0x2db0005 0x0 0x0 0x0 0x0 0x0 0x0 0x2e50005 0x0 0x0 0x0 0x0 0x0 0x0 0x2e80007 0x0 0x38 0x0 0x2f20003 0x0 0x178 0x2fa0005 0x0 0x0 0x0 0x0 0x0 0x0 0x2fd0007 0x0 0x38 0x0 0x3070003 0x0 0x108 0x30f0005 0x0 0x0 0x0 0x0 0x0 0x0 0x3120007 0x0 0x38 0x0 0x31b0003 0x0 0x98 0x32d0004 0x0 0x0 0x0 0x0 0x0 0x0 0x3330004 0x0 0x0 0x0 0x0 0x0 0x0 0x3340002 0x0 0x3380003 0x0 0xfffffffffffffda0 0x3400005 0x0 0x0 0x0 0x0 0x0 0x0 0x3450003 0x0 0x16c8 0x3500005 0x0 0x0 0x0 0x0 0x0 0x0 0x3530007 0x0 0x38 0x0 0x35a0003 0x0 0x310 0x3660002 0x0 0x36d0005 0x0 0x0 0x0 0x0 0x0 0x0 0x3700007 0x0 0x2b0 0x0 0x3750005 0x0 0x0 0x0 0x0 0x0 0x0 0x37f0005 0x0 0x0 0x0 0x0 0x0 0x0 0x3820007 0x0 0x38 0x0 0x38b0003 0x0 0x1e8 0x3930005 0x0 0x0 0x0 0x0 0x0 0x0 0x3960007 0x0 0x38 0x0 0x39f0003 0x0 0x178 0x3a70005 0x0 0x0 0x0 0x0 0x0 0x0 0x3aa0007 0x0 0x38 0x0 0x3b40003 0x0 0x108 0x3bc0005 0x0 0x0 0x0 0x0 0x0 0x0 0x3bf0007 0x0 0x38 0x0 0x3c90003 0x0 0x98 0x3db0004 0x0 0x0 0x0 0x0 0x0 0x0 0x3e10004 0x0 0x0 0x0 0x0 0x0 0x0 0x3e20002 0x0 0x3e60003 0x0 0xfffffffffffffd30 0x3ee0005 0x0 0x0 0x0 0x0 0x0 0x0 0x3f30003 0x0 0x1310 0x3fb0005 0x1e 0x0 0x0 0x0 0x0 0x0 0x3fe0007 0xe 0x38 0x10 0x4060003 0x10 0x12a0 0x40e0005 0xe 0x0 0x0 0x0 0x0 0x0 0x4110007 0x0 0x38 0xe 0x4190003 0xe 0x1230 0x42b0004 0x0 0x0 0x0 0x0 0x0 0x0 0x4310004 0x0 0x0 0x0 0x0 0x0 0x0 0x4320002 0x0 0x43b0005 0x1f3 0x0 0x0 0x0 0x0 0x0 0x43e0007 0x18f 0x38 0x64 0x4460003 0x64 0x1140 0x4520002 0x18f 0x4570003 0x18f 0x1118 0x46b0004 0x0 0x0 0x0 0x0 0x0 0x0 0x4710004 0x0 0x0 0x0 0x0 0x0 0x0 0x4720002 0x0 0x47b0005 0x0 0x0 0x0 0x0 0x0 0x0 0x47e0007 0x0 0x70 0x0 0x4850005 0x0 0x0 0x0 0x0 0x0 0x0 0x48a0003 0x0 0xff0 0x49c0004 0x0 0x0 0x0 0x0 0x0 0x0 0x4a20004 0x0 0x0 0x0 0x0 0x0 0x0 0x4a30002 0x0 0x4ab0002 0x2 0x4b90002 0x2 0x4c00005 0x0 0x0 0x16c1c451f60 0x6 0x0 0x0 0x4c30007 0x2 0x178 0x4 0x4c80005 0x0 0x0 0x16c1c451f60 0x4 0x0 0x0 0x4da0005 0x0 0x0 0x16c1db05c50 0x4 0x0 0x0 0x4df0004 0x0 0x0 0x16c1db05d00 0x4 0x0 0x0 0x4ec0007 0x1 0x60 0x3 0x4f40007 0x3 0x40 0x0 0x4fc0007 0x0 0x20 0x0 0x50d0005 0x0 0x0 0x16c1b8405a0 0x4 0x0 0x0 0x5100003 0x4 0xfffffffffffffe68 0x5170003 0x2 0xd88 0x52b0004 0x0 0x0 0x0 0x0 0x0 0x0 0x5310004 0x0 0x0 0x0 0x0 0x0 0x0 0x5320002 0x0 0x53b0005 0x0 0x0 0x0 0x0 0x0 0x0 0x53e0007 0x0 0x70 0x0 0x5450005 0x0 0x0 0x0 0x0 0x0 0x0 0x54a0003 0x0 0xc60 0x5520005 0x0 0x0 0x0 0x0 0x0 0x0 0x5550007 0x0 0x70 0x0 0x55c0005 0x0 0x0 0x0 0x0 0x0 0x0 0x5610003 0x0 0xbb8 0x5730004 0x0 0x0 0x0 0x0 0x0 0x0 0x5790004 0x0 0x0 0x0 0x0 0x0 0x0 0x57a0002 0x0 0x5830005 0x0 0x0 0x0 0x0 0x0 0x0 0x5860007 0x0 0x38 0x0 0x58e0003 0x0 0xac8 0x5960005 0x0 0x0 0x0 0x0 0x0 0x0 0x5990007 0x0 0xe0 0x0 0x5af0004 0x0 0x0 0x0 0x0 0x0 0x0 0x5b40004 0x0 0x0 0x0 0x0 0x0 0x0 0x5bb0004 0x0 0x0 0x0 0x0 0x0 0x0 0x5bc0003 0x0 0x9b0 0x5c80005 0x0 0x0 0x0 0x0 0x0 0x0 0x5d40002 0x0 0x5db0005 0x0 0x0 0x0 0x0 0x0 0x0 0x5de0007 0x0 0x250 0x0 0x5e30005 0x0 0x0 0x0 0x0 0x0 0x0 0x5ed0005 0x0 0x0 0x0 0x0 0x0 0x0 0x5f00007 0x0 0x38 0x0 0x5f60003 0x0 0xf8 0x5fe0005 0x0 0x0 0x0 0x0 0x0 0x0 0x6010007 0x0 0x38 0x0 0x60b0003 0x0 0x88 0x61b0005 0x0 0x0 0x0 0x0 0x0 0x0 0x6270005 0x0 0x0 0x0 0x0 0x0 0x0 0x6320005 0x0 0x0 0x0 0x0 0x0 0x0 0x6350007 0x0 0xfffffffffffffde8 0x0 0x63e0005 0x0 0x0 0x0 0x0 0x0 0x0 0x6410003 0x0 0xfffffffffffffd90 0x6440003 0x0 0x98 0x6580004 0x0 0x0 0x0 0x0 0x0 0x0 0x65e0004 0x0 0x0 0x0 0x0 0x0 0x0 0x65f0002 0x0 0x6670005 0x0 0x0 0x0 0x0 0x0 0x0 0x6790005 0x0 0x0 0x0 0x0 0x0 0x0 0x6820004 0x0 0x0 0x0 0x0 0x0 0x0 0x6830003 0x0 0x588 0x68b0005 0x0 0x0 0x0 0x0 0x0 0x0 0x68e0007 0x0 0x38 0x0 0x6960003 0x0 0x518 0x69e0005 0x0 0x0 0x0 0x0 0x0 0x0 0x6a10007 0x0 0x38 0x0 0x6a90003 0x0 0x4a8 0x6b10005 0x0 0x0 0x0 0x0 0x0 0x0 0x6b40007 0x0 0x38 0x0 0x6bc0003 0x0 0x438 0x6ce0004 0x0 0x0 0x0 0x0 0x0 0x0 0x6d40004 0x0 0x0 0x0 0x0 0x0 0x0 0x6d50002 0x0 0x6de0005 0x36f 0x0 0x0 0x0 0x0 0x0 0x6e10007 0xe4 0x38 0x28b 0x6e90003 0x28b 0x348 0x6f10005 0xe4 0x0 0x0 0x0 0x0 0x0 0x6f40007 0x0 0x38 0xe4 0x6fc0003 0xe4 0x2d8 0x7040005 0x0 0x0 0x0 0x0 0x0 0x0 0x7070007 0x0 0x38 0x0 0x70f0003 0x0 0x268 0x7210004 0x0 0x0 0x0 0x0 0x0 0x0 0x7270004 0x0 0x0 0x0 0x0 0x0 0x0 0x7280002 0x0 0x7310005 0x0 0x0 0x0 0x0 0x0 0x0 0x7340007 0x0 0x38 0x0 0x73c0003 0x0 0x178 0x7440005 0x0 0x0 0x0 0x0 0x0 0x0 0x7470007 0x0 0x38 0x0 0x74f0003 0x0 0x108 0x7570005 0x0 0x0 0x0 0x0 0x0 0x0 0x75a0007 0x0 0x38 0x0 0x7620003 0x0 0x98 0x7740004 0x0 0x0 0x0 0x0 0x0 0x0 0x77a0004 0x0 0x0 0x0 0x0 0x0 0x0 0x77b0002 0x0 0x0 0x0 0x0 0x0 0x0 0x0 0x0 0x0 0x0 0x0 0x0 0x0 0x0 0x0 0x0 0x0 0x0 0x0 0x0 0x0 0x0 0x0 0x0 0x0 0x0 0x0 0x0 0x0 0x0 0x0 0x0 0x0 0x0 0x0 0x0 0x0 0x0 0x0 0x0 0x0 0x0 0x0 0x0 0x0 0x0 0x0 0x0 0x0 0x0 0x0 0x0 0x0 0x0 0x0 0x0 0x0 0x0 0x0 0x0 0x0 0x9 0x6 0x0 0x0 0x0 0x0 0x0 0x0 oops 6 170 org/mule/apache/xerces/impl/xs/util/XInt 835 java/util/StringTokenizer 846 java/util/StringTokenizer 853 org/mule/apache/xerces/impl/dv/xs/XSSimpleTypeDecl 860 org/mule/apache/xerces/impl/dv/xs/QNameDV$XQName 879 java/util/Vector methods 0
ciMethodData org/mule/apache/xerces/util/SymbolTable addSymbol0 (Ljava/lang/String;II)Ljava/lang/String; 2 1720 orig 80 0 0 0 0 0 0 0 0 0 0 0 0 0 0 0 0 0 0 0 0 0 0 0 0 0 0 0 0 0 0 0 0 0 0 0 0 0 0 0 0 0 0 0 0 0 0 0 0 0 0 0 0 0 0 0 0 0 0 0 0 0 0 0 0 0 0 0 0 0 0 0 0 0 0 0 0 0 0 0 0 data 62 0x80007 0x64c 0xa8 0xa 0xc0005 0x0 0x0 0x16c17e03660 0xa 0x0 0x0 0x110005 0x0 0x0 0x16c17e03660 0xa 0x0 0x0 0x1a0003 0xa 0xa8 0x220007 0x64c 0x90 0x0 0x260005 0x0 0x0 0x0 0x0 0x0 0x0 0x2b0005 0x0 0x0 0x0 0x0 0x0 0x0 0x3f0002 0x656 0x4b0004 0x0 0x0 0x16c1bc63720 0x656 0x0 0x0 0x0 0x0 0x0 0x0 0x0 0x0 0x0 0x0 0x9 0x4 0x0 0x0 0x0 0x0 oops 3 7 org/mule/apache/xerces/util/SymbolTable 14 org/mule/apache/xerces/util/SymbolTable 44 org/mule/apache/xerces/util/SymbolTable$Entry methods 0
ciMethodData org/mule/apache/xerces/impl/xs/opti/NamedNodeMapImpl item (I)Lorg/w3c/dom/Node; 2 7593 orig 80 0 0 0 0 0 0 0 0 0 0 0 0 252 127 0 0 0 0 0 0 0 0 0 0 0 0 0 0 0 0 0 0 0 0 0 0 0 0 0 0 0 0 0 0 0 0 0 0 0 0 0 0 0 0 0 0 0 0 0 0 0 0 0 0 0 0 0 0 0 0 0 0 0 0 0 0 0 0 0 0 data 25 0x10007 0x1c89 0x78 0x0 0x60005 0x0 0x0 0x0 0x0 0x0 0x0 0x90007 0x0 0x20 0x0 0x0 0x0 0x0 0x0 0x0 0x0 0x9 0x2 0x0 0x0 oops 0 methods 0
ciMethodData org/mule/apache/xerces/util/DOMUtil getName (Lorg/w3c/dom/Node;)Ljava/lang/String; 2 7654 orig 80 0 0 0 0 0 0 0 0 0 0 0 0 252 127 0 0 0 0 0 0 0 0 0 0 0 0 0 0 0 0 0 0 0 0 0 0 0 0 0 0 0 0 0 0 0 0 0 0 0 0 0 0 0 0 0 0 0 0 0 0 0 0 0 0 0 0 0 0 0 0 0 0 0 0 0 0 0 0 0 0 data 16 0x10005 0x0 0x0 0x16c1db05ba0 0x1cba 0x0 0x0 0x0 0x0 0x0 0x0 0x0 0x0 0x9 0x1 0x0 oops 1 3 org/mule/apache/xerces/impl/xs/opti/AttrImpl methods 0
ciMethodData org/mule/apache/xerces/impl/dv/ValidatedInfo <init> ()V 2 5264 orig 80 0 0 0 0 0 0 0 0 0 0 0 0 252 127 0 0 0 0 0 0 0 0 0 0 0 0 0 0 0 0 0 0 0 0 0 0 0 0 0 0 0 0 0 0 0 0 0 0 0 0 0 0 0 0 0 0 0 0 0 0 0 0 0 0 0 0 0 0 0 0 0 0 0 0 0 0 0 0 0 0 data 7 0x10002 0x132c 0x0 0x0 0x9 0x1 0x0 oops 0 methods 0
ciMethodData org/mule/apache/xerces/impl/dv/xs/XSSimpleTypeDecl validate (Lorg/mule/apache/xerces/impl/dv/ValidationContext;Lorg/mule/apache/xerces/impl/dv/ValidatedInfo;)V 2 5653 orig 80 0 0 0 0 0 0 0 0 0 0 0 0 0 0 0 0 0 0 0 0 0 0 0 0 0 0 0 0 0 0 0 0 0 0 0 0 0 0 0 0 0 0 0 0 0 0 0 0 0 0 0 0 0 0 0 0 0 0 0 0 0 0 0 0 0 0 0 0 0 0 0 0 0 0 0 0 0 0 0 0 data 49 0x10007 0x14b2 0x20 0x0 0x90005 0xf 0x0 0x16c1b83dd00 0x13c8 0x16c1d4638f0 0xdb 0xe0007 0x0 0x70 0x14b2 0x150007 0x0 0x50 0x14b2 0x1e0007 0x1462 0x30 0x50 0x230002 0x50 0x270005 0xf 0x0 0x16c1b83dd00 0x13c8 0x16c1d4638f0 0xdb 0x2c0007 0x3a5 0x30 0x110d 0x320002 0x110d 0x0 0x0 0x0 0x0 0x0 0x0 0x9 0x3 0x0 0x0 0x0 oops 4 7 org/mule/apache/xerces/impl/validation/ValidationState 9 org/mule/apache/xerces/impl/dv/xs/XSSimpleTypeDecl$ValidationContextImpl 28 org/mule/apache/xerces/impl/validation/ValidationState 30 org/mule/apache/xerces/impl/dv/xs/XSSimpleTypeDecl$ValidationContextImpl methods 0
ciMethodData org/mule/apache/xerces/impl/dv/xs/XSSimpleTypeDecl getActualValue (Ljava/lang/Object;Lorg/mule/apache/xerces/impl/dv/ValidationContext;Lorg/mule/apache/xerces/impl/dv/ValidatedInfo;Z)Ljava/lang/Object; 2 6744 orig 80 0 0 0 0 0 0 0 0 0 0 0 0 0 0 0 0 0 0 0 0 0 0 0 0 0 0 0 0 0 0 0 0 0 0 0 0 0 0 0 0 0 0 0 0 0 0 0 0 0 0 0 0 0 0 0 0 0 0 0 0 0 0 0 0 0 0 0 0 0 0 0 0 0 0 0 0 0 0 0 0 data 474 0x20007 0x14 0x70 0x18dc 0xb0005 0x0 0x0 0x16c1db05c50 0x18dc 0x0 0x0 0x100003 0x18dc 0x50 0x140005 0x0 0x0 0x16bd1633160 0x14 0x0 0x0 0x200007 0x1596 0x248 0x35a 0x270005 0x0 0x0 0x16c1b8405a0 0x35a 0x0 0x0 0x300007 0x190 0x1f0 0x35a 0x390005 0x0 0x0 0x16c1b8405a0 0x35a 0x0 0x0 0x3c0004 0x0 0x0 0x16c1d45fda0 0x35a 0x0 0x0 0x450005 0x0 0x0 0x16c1d45fda0 0x35a 0x0 0x0 0x480007 0x190 0x110 0x1ca 0x590004 0x0 0x0 0x16bd1633160 0x1ca 0x0 0x0 0x620005 0x0 0x0 0x16c1b8405a0 0x1ca 0x0 0x0 0x650004 0x0 0x0 0x16bd1633160 0x1ca 0x0 0x0 0x6c0004 0x0 0x0 0x16bd1633160 0x1ca 0x0 0x0 0x6d0002 0x1ca 0x740003 0x190 0xfffffffffffffe28 0x7c0007 0x261 0x280 0x14c5 0x830007 0xcbd 0x228 0x808 0x8e0007 0x79a 0x80 0x6e 0x930002 0x6e 0x960007 0x6e 0x38 0x0 0x9a0003 0x0 0x18 0xa00003 0x6e 0x100 0xa80007 0x79a 0x80 0x0 0xad0002 0x0 0xb00007 0x0 0x38 0x0 0xb40003 0x0 0x18 0xba0003 0x0 0x80 0xc20007 0x0 0x68 0x79a 0xc70002 0x79a 0xca0007 0x79a 0x38 0x0 0xce0003 0x0 0x18 0xd60007 0x808 0xa0 0x0 0xe80004 0x0 0x0 0x0 0x0 0x0 0x0 0xf30004 0x0 0x0 0x0 0x0 0x0 0x0 0xf40002 0x0 0x10a0005 0xea 0x0 0x16c1c5e51c0 0x90f 0x16c1c5e5110 0xacc 0x12a0007 0x25e 0x378 0x3 0x1360002 0x3 0x13d0005 0x0 0x0 0x16c1c451f60 0x3 0x0 0x0 0x14d0005 0x0 0x0 0x16c1db05c50 0x3 0x0 0x0 0x1510007 0x3 0x38 0x0 0x1550003 0x0 0x18 0x15d0007 0x3 0x38 0x0 0x1620003 0x0 0x18 0x16c0007 0x0 0x20 0x3 0x1880007 0x3 0x1f0 0x14 0x1950005 0x0 0x0 0x16c1c451f60 0x14 0x0 0x0 0x19b0002 0x14 0x19e0004 0x0 0x0 0x16bd1633160 0x14 0x0 0x0 0x1a00005 0x0 0x0 0x16bb11a1070 0x14 0x0 0x0 0x1a50007 0x0 0x70 0x14 0x1af0007 0x0 0x50 0x14 0x1bb0007 0x14 0x30 0x0 0x1c30002 0x0 0x1ce0104 0x0 0x0 0x0 0x0 0x0 0x0 0x1d10104 0x0 0x0 0x0 0x0 0x0 0x0 0x1d40007 0x14 0x20 0x0 0x1e70003 0x14 0xfffffffffffffe28 0x1f00002 0x3 0x1fe0007 0x3 0x38 0x0 0x2030003 0x0 0x18 0x2200002 0x3 0x23a0007 0x0 0x90 0x25e 0x23e0007 0x0 0x70 0x25e 0x2420005 0x0 0x0 0x16bd1633160 0x25e 0x0 0x0 0x2450003 0x25e 0x18 0x2550007 0x0 0xf0 0x428 0x2640002 0x428 0x26a0005 0xa 0x0 0x16c1b83dd00 0x24a 0x16c1d4638f0 0xa 0x26f0007 0x0 0x70 0x25e 0x27c0007 0x0 0x50 0x25e 0x28b0007 0x34 0x30 0x22a 0x2960002 0x22a 0x2b10003 0x1ca 0xffffffffffffff28 0x2b80002 0x0 0x2c70007 0x0 0x1f8 0x0 0x2cc0007 0x0 0x58 0x0 0x2d40005 0x0 0x0 0x0 0x0 0x0 0x0 0x2e60007 0x0 0xc8 0x0 0x2ed0005 0x0 0x0 0x0 0x0 0x0 0x0 0x2f80005 0x0 0x0 0x0 0x0 0x0 0x0 0x3000005 0x0 0x0 0x0 0x0 0x0 0x0 0x30b0005 0x0 0x0 0x0 0x0 0x0 0x0 0x3140007 0x0 0x68 0x0 0x31c0005 0x0 0x0 0x0 0x0 0x0 0x0 0x3240002 0x0 0x32a0003 0x0 0xfffffffffffffe20 0x33b0004 0x0 0x0 0x0 0x0 0x0 0x0 0x3420004 0x0 0x0 0x0 0x0 0x0 0x0 0x3470005 0x0 0x0 0x0 0x0 0x0 0x0 0x34a0004 0x0 0x0 0x0 0x0 0x0 0x0 0x34b0002 0x0 0x0 0x0 0x0 0x0 0x0 0x0 0x0 0x0 0x0 0x0 0x0 0x0 0x0 0x0 0x0 0x0 0x0 0x0 0x0 0x0 0x0 0x0 0x0 0x0 0x0 0x0 0x0 0x0 0x0 0x0 0x0 0x0 0x0 0x0 0x0 0x0 0x0 0x0 0x0 0x9 0x5 0x0 0x0 0x0 0x0 0x0 oops 20 7 org/mule/apache/xerces/impl/dv/xs/XSSimpleTypeDecl 17 java/lang/String 28 java/util/Vector 39 java/util/Vector 46 org/mule/apache/xerces/impl/xpath/regex/RegularExpression 53 org/mule/apache/xerces/impl/xpath/regex/RegularExpression 64 java/lang/String 71 java/util/Vector 78 java/lang/String 85 java/lang/String 170 org/mule/apache/xerces/impl/dv/xs/QNameDV 172 org/mule/apache/xerces/impl/dv/xs/StringDV 183 java/util/StringTokenizer 190 org/mule/apache/xerces/impl/dv/xs/XSSimpleTypeDecl 219 java/util/StringTokenizer 228 java/lang/String 235 org/mule/apache/xerces/impl/validation/ConfigurableValidationState 296 java/lang/String 312 org/mule/apache/xerces/impl/validation/ValidationState 314 org/mule/apache/xerces/impl/dv/xs/XSSimpleTypeDecl$ValidationContextImpl methods 0
ciMethodData org/mule/apache/xerces/impl/dv/xs/XSSimpleTypeDecl checkFacets (Lorg/mule/apache/xerces/impl/dv/ValidatedInfo;)V 1 664 orig 80 0 0 0 0 0 0 0 0 0 0 0 0 0 0 0 0 0 0 0 0 0 0 0 0 0 0 0 0 0 0 0 0 0 0 0 0 0 0 0 0 0 0 0 0 0 0 0 0 0 0 0 0 0 0 0 0 0 0 0 0 0 0 0 0 0 0 0 0 0 0 0 0 0 0 0 0 0 0 0 0 data 619 0x1c0007 0x0 0x468 0x1bc 0x250007 0x0 0x448 0x1bc 0x320005 0x8 0x0 0x16c1c5e5110 0x182 0x16c1a34dee0 0x32 0x3d0007 0x1bc 0x150 0x0 0x460007 0x0 0x130 0x0 0x570004 0x0 0x0 0x0 0x0 0x0 0x0 0x5c0002 0x0 0x5f0004 0x0 0x0 0x0 0x0 0x0 0x0 0x660002 0x0 0x690004 0x0 0x0 0x0 0x0 0x0 0x0 0x700004 0x0 0x0 0x0 0x0 0x0 0x0 0x710002 0x0 0x7b0007 0x1bc 0x150 0x0 0x840007 0x0 0x130 0x0 0x950004 0x0 0x0 0x0 0x0 0x0 0x0 0x9a0002 0x0 0x9d0004 0x0 0x0 0x0 0x0 0x0 0x0 0xa40002 0x0 0xa70004 0x0 0x0 0x0 0x0 0x0 0x0 0xae0004 0x0 0x0 0x0 0x0 0x0 0x0 0xaf0002 0x0 0xb90007 0x1bc 0x150 0x0 0xc20007 0x0 0x130 0x0 0xd30004 0x0 0x0 0x0 0x0 0x0 0x0 0xd80002 0x0 0xdb0004 0x0 0x0 0x0 0x0 0x0 0x0 0xe20002 0x0 0xe50004 0x0 0x0 0x0 0x0 0x0 0x0 0xec0004 0x0 0x0 0x0 0x0 0x0 0x0 0xed0002 0x0 0xf90007 0x135 0x590 0x87 0x1080002 0x87 0x1140007 0x0 0x468 0x156 0x1220002 0x156 0x12b0007 0x156 0xa0 0x0 0x1310007 0x0 0x40 0x0 0x1370007 0x0 0x60 0x0 0x13d0007 0x0 0x3c0 0x0 0x1430007 0x0 0x3a0 0x0 0x1510005 0x0 0x0 0x16bd1633160 0x156 0x0 0x0 0x1540007 0xcf 0x348 0x87 0x15b0007 0x0 0x40 0x87 0x1620007 0x87 0x2f0 0x0 0x1730007 0x0 0x70 0x0 0x1780005 0x0 0x0 0x0 0x0 0x0 0x0 0x17d0003 0x0 0x18 0x1850007 0x0 0x70 0x0 0x18a0005 0x0 0x0 0x0 0x0 0x0 0x0 0x18f0003 0x0 0x18 0x1990007 0x0 0x1d8 0x0 0x1a30007 0x0 0x180 0x0 0x1ab0005 0x0 0x0 0x0 0x0 0x0 0x0 0x1b00002 0x0 0x1ba0005 0x0 0x0 0x0 0x0 0x0 0x0 0x1bf0002 0x0 0x1c80007 0x0 0xb8 0x0 0x1ce0007 0x0 0x40 0x0 0x1d40007 0x0 0x78 0x0 0x1da0007 0x0 0x70 0x0 0x1e00007 0x0 0x50 0x0 0x1e30003 0x0 0x18 0x1e90003 0x0 0xfffffffffffffe98 0x1f00007 0x0 0x38 0x0 0x1f60003 0x0 0x60 0x1f90003 0x0 0x30 0x1ff0003 0x87 0x30 0x2050003 0xcf 0xfffffffffffffbb0 0x20a0007 0x87 0xf8 0x0 0x2110002 0x0 0x2190002 0x0 0x22a0004 0x0 0x0 0x0 0x0 0x0 0x0 0x22f0005 0x0 0x0 0x0 0x0 0x0 0x0 0x2320004 0x0 0x0 0x0 0x0 0x0 0x0 0x2330002 0x0 0x23f0007 0x1bc 0x150 0x0 0x24c0005 0x0 0x0 0x0 0x0 0x0 0x0 0x2570007 0x0 0xf8 0x0 0x2680004 0x0 0x0 0x0 0x0 0x0 0x0 0x26d0002 0x0 0x2700004 0x0 0x0 0x0 0x0 0x0 0x0 0x2770002 0x0 0x27a0004 0x0 0x0 0x0 0x0 0x0 0x0 0x27b0002 0x0 0x2870007 0x1bc 0x150 0x0 0x2940005 0x0 0x0 0x0 0x0 0x0 0x0 0x29f0007 0x0 0xf8 0x0 0x2b00004 0x0 0x0 0x0 0x0 0x0 0x0 0x2b50002 0x0 0x2b80004 0x0 0x0 0x0 0x0 0x0 0x0 0x2bf0002 0x0 0x2c20004 0x0 0x0 0x0 0x0 0x0 0x0 0x2c30002 0x0 0x2ce0007 0x18a 0x150 0x32 0x2df0005 0x0 0x0 0x16c1a34dee0 0x32 0x0 0x0 0x2e70007 0x32 0xf8 0x0 0x2ec0007 0x0 0xd8 0x0 0x2fd0004 0x0 0x0 0x0 0x0 0x0 0x0 0x3040004 0x0 0x0 0x0 0x0 0x0 0x0 0x30b0004 0x0 0x0 0x0 0x0 0x0 0x0 0x30c0002 0x0 0x3170007 0x1bc 0x130 0x0 0x3280005 0x0 0x0 0x0 0x0 0x0 0x0 0x3300007 0x0 0xd8 0x0 0x3410004 0x0 0x0 0x0 0x0 0x0 0x0 0x3480004 0x0 0x0 0x0 0x0 0x0 0x0 0x34f0004 0x0 0x0 0x0 0x0 0x0 0x0 0x3500002 0x0 0x35c0007 0x18a 0x150 0x32 0x36d0005 0x0 0x0 0x16c1a34dee0 0x32 0x0 0x0 0x3750007 0x32 0xf8 0x0 0x37a0007 0x0 0xd8 0x0 0x38b0004 0x0 0x0 0x0 0x0 0x0 0x0 0x3920004 0x0 0x0 0x0 0x0 0x0 0x0 0x3990004 0x0 0x0 0x0 0x0 0x0 0x0 0x39a0002 0x0 0x3a60007 0x1bc 0x130 0x0 0x3b70005 0x0 0x0 0x0 0x0 0x0 0x0 0x3bf0007 0x0 0xd8 0x0 0x3d00004 0x0 0x0 0x0 0x0 0x0 0x0 0x3d70004 0x0 0x0 0x0 0x0 0x0 0x0 0x3de0004 0x0 0x0 0x0 0x0 0x0 0x0 0x3df0002 0x0 0x0 0x0 0x0 0x0 0x0 0x0 0x0 0x0 0x0 0x0 0x0 0x0 0x0 0x0 0x0 0x0 0x0 0x0 0x0 0x0 0x0 0x0 0x0 0x0 0x0 0x0 0x0 0x0 0x0 0x0 0x0 0x0 0x0 0x0 0x0 0x0 0x0 0x0 0x0 0x0 0x0 0x0 0x0 0x0 0x0 0x0 0x0 0x0 0x0 0x0 0x0 0x0 0x9 0x2 0x0 0x0 oops 5 11 org/mule/apache/xerces/impl/dv/xs/StringDV 13 org/mule/apache/xerces/impl/dv/xs/IntegerDV 176 java/lang/String 410 org/mule/apache/xerces/impl/dv/xs/IntegerDV 490 org/mule/apache/xerces/impl/dv/xs/IntegerDV methods 0
ciMethodData org/mule/apache/xerces/impl/dv/xs/XSSimpleTypeDecl checkExtraRules (Lorg/mule/apache/xerces/impl/dv/ValidationContext;Lorg/mule/apache/xerces/impl/dv/ValidatedInfo;)V 2 4663 orig 80 0 0 0 0 0 0 0 0 0 0 0 0 0 0 0 0 0 0 0 0 0 0 0 0 0 0 0 0 0 0 0 0 0 0 0 0 0 0 0 0 0 0 0 0 0 0 0 0 0 0 0 0 0 0 0 0 0 0 0 0 0 0 0 0 0 0 0 0 0 0 0 0 0 0 0 0 0 0 0 0 data 114 0xa0007 0xc 0x70 0x102c 0x180005 0x5e 0x0 0x16c1c5e5110 0x73c 0x16c1c5e51c0 0x892 0x1b0003 0x102c 0x2c8 0x230007 0xa 0x268 0x2 0x270004 0x0 0x0 0x16c1c453cb0 0x2 0x0 0x0 0x340005 0x0 0x0 0x0 0x0 0x0 0x0 0x410007 0x2 0x128 0x0 0x480004 0x0 0x0 0x0 0x0 0x0 0x0 0x4b0004 0x0 0x0 0x0 0x0 0x0 0x0 0x580007 0x0 0x80 0x0 0x600005 0x0 0x0 0x0 0x0 0x0 0x0 0x750002 0x0 0x7b0003 0x0 0xffffffffffffff98 0x7e0003 0x0 0x98 0x890007 0x2 0x80 0x8 0x910005 0x0 0x0 0x0 0x0 0x0 0x0 0x9d0002 0x8 0xa30003 0x8 0xffffffffffffff98 0xb20003 0x2 0x18 0xc60003 0x2 0x60 0xcd0004 0x0 0x0 0x16c1db05c50 0xa 0x0 0x0 0xd20002 0xa 0x0 0x0 0x0 0x0 0x0 0x0 0x0 0x0 0x0 0x9 0x3 0x0 0x0 0x0 oops 4 7 org/mule/apache/xerces/impl/dv/xs/StringDV 9 org/mule/apache/xerces/impl/dv/xs/QNameDV 21 org/mule/apache/xerces/impl/dv/xs/ListDV$ListData 94 org/mule/apache/xerces/impl/dv/xs/XSSimpleTypeDecl methods 0
ciMethodData org/mule/apache/xerces/impl/xs/traversers/LargeContainer get (Ljava/lang/String;)Lorg/mule/apache/xerces/impl/xs/traversers/OneAttr; 2 5570 orig 80 0 0 0 0 0 0 0 0 0 0 0 0 0 0 0 0 0 0 0 0 0 0 0 0 0 0 0 0 0 0 0 0 0 0 0 0 0 0 0 0 0 0 0 0 0 0 0 0 0 0 0 0 0 0 0 0 0 0 0 0 0 0 0 0 0 0 0 0 0 0 0 0 0 0 0 0 0 0 0 0 data 24 0x50005 0x0 0x0 0x16bd1634650 0x13c3 0x0 0x0 0x80004 0x0 0x0 0x16c1b419400 0x13c3 0x0 0x0 0x0 0x0 0x0 0x0 0x0 0x0 0x9 0x2 0x0 0x0 oops 2 3 java/util/Hashtable 10 org/mule/apache/xerces/impl/xs/traversers/OneAttr methods 0
ciMethodData org/mule/apache/xerces/impl/xs/opti/ElementImpl getAttributeNode (Ljava/lang/String;)Lorg/w3c/dom/Attr; 2 13004 orig 80 0 0 0 0 0 0 0 0 0 0 0 0 0 0 0 0 0 0 0 0 0 0 0 0 0 0 0 0 0 0 0 0 0 0 0 0 0 0 0 0 0 0 0 0 0 0 0 0 0 0 0 0 0 0 0 0 0 0 0 0 0 0 0 0 0 0 0 0 0 0 0 0 0 0 0 0 0 0 0 0 data 35 0x80007 0xcdb 0xc8 0x3160 0x110005 0x0 0x0 0x16c1db05ba0 0x3160 0x0 0x0 0x170005 0x3160 0x0 0x0 0x0 0x0 0x0 0x1a0007 0x2ecc 0x20 0x294 0x270003 0x2ecc 0xffffffffffffff50 0x0 0x0 0x0 0x0 0x0 0x0 0x9 0x2 0x0 0x0 oops 1 7 org/mule/apache/xerces/impl/xs/opti/AttrImpl methods 0
ciMethodData org/mule/apache/xerces/util/SymbolTable rehash ()V 1 12 orig 80 0 0 0 0 0 0 0 0 0 0 0 0 0 0 0 0 0 0 0 0 0 0 0 0 0 0 0 0 0 0 0 0 0 0 0 0 0 0 0 0 0 0 0 0 0 0 0 0 0 0 0 0 0 0 0 0 0 0 0 0 0 0 0 0 0 0 0 0 0 0 0 0 0 0 0 0 0 0 0 0 data 9 0xa0002 0x8 0x0 0x0 0x0 0x0 0x9 0x1 0x0 oops 0 methods 0
ciMethodData org/mule/apache/xerces/util/SymbolTable rehashCommon (I)V 1 6757 orig 80 0 0 0 0 0 0 0 0 0 0 0 0 0 0 0 0 0 0 0 0 0 0 0 0 0 0 0 0 0 0 0 0 0 0 0 0 0 0 0 0 0 0 0 0 0 0 0 0 0 0 0 0 0 0 0 0 0 0 0 0 0 0 0 0 0 0 0 0 0 0 0 0 0 0 0 0 0 0 0 0 data 39 0x340007 0x8 0xe0 0xbec 0x3f0007 0xbec 0xa8 0x8ee 0x530005 0x0 0x0 0x16c17e03660 0x8ee 0x0 0x0 0x6a0004 0x0 0x0 0x16c1bc63720 0x8ee 0x0 0x0 0x6b0003 0x8ee 0xffffffffffffff70 0x6e0003 0xbec 0xffffffffffffff38 0x0 0x0 0x0 0x0 0x0 0x0 0x0 0x9 0x2 0x0 0x0 oops 2 11 org/mule/apache/xerces/util/SymbolTable 18 org/mule/apache/xerces/util/SymbolTable$Entry methods 0
ciMethodData org/mule/apache/xerces/util/SymbolTable$Entry <init> (Ljava/lang/String;Lorg/mule/apache/xerces/util/SymbolTable$Entry;)V 2 1725 orig 80 0 0 0 0 0 0 0 0 0 0 0 0 0 0 0 0 0 0 0 0 0 0 0 0 0 0 0 0 0 0 0 0 0 0 0 0 0 0 0 0 0 0 0 0 0 0 0 0 0 0 0 0 0 0 0 0 0 0 0 0 0 0 0 0 0 0 0 0 0 0 0 0 0 0 0 0 0 0 0 0 data 34 0x10002 0x551 0x60005 0x551 0x0 0x0 0x0 0x0 0x0 0xe0005 0x551 0x0 0x0 0x0 0x0 0x0 0x220005 0x551 0x0 0x0 0x0 0x0 0x0 0x0 0x0 0x0 0x0 0x0 0x0 0x9 0x3 0xe 0xffffffffffffffff 0x0 oops 0 methods 0
ciMethodData org/mule/apache/xerces/impl/xs/traversers/SmallContainer get (Ljava/lang/String;)Lorg/mule/apache/xerces/impl/xs/traversers/OneAttr; 2 2235 orig 80 0 0 0 0 0 0 0 0 0 0 0 0 0 0 0 0 0 0 0 0 0 0 0 0 0 0 0 0 0 0 0 0 0 0 0 0 0 0 0 0 0 0 0 0 0 0 0 0 0 0 0 0 0 0 0 0 0 0 0 0 0 0 0 0 0 0 0 0 0 0 0 0 0 0 0 0 0 0 0 0 data 28 0x70007 0x0 0x90 0xba9 0x110005 0xba9 0x0 0x0 0x0 0x0 0x0 0x140007 0x67f 0x20 0x52a 0x210003 0x67f 0xffffffffffffff88 0x0 0x0 0x0 0x0 0x0 0x0 0x9 0x2 0x0 0x0 oops 0 methods 0
ciMethod org/mule/apache/xerces/impl/dv/xs/ListDV$ListData <init> ([Ljava/lang/Object;)V 6 0 2 0 -1
ciMethod org/mule/apache/xerces/impl/dv/xs/ListDV$ListData getLength ()I 6 0 2 0 0
ciMethod org/mule/apache/xerces/impl/dv/xs/ListDV$ListData item (I)Ljava/lang/Object; 40 0 8 0 0
ciMethod org/mule/apache/xerces/impl/xs/util/ShortListImpl <init> ([SI)V 8 0 3 0 -1
ciMethodData org/mule/apache/xerces/impl/xs/traversers/XSDHandler element2Locator (Lorg/w3c/dom/Element;Lorg/mule/apache/xerces/impl/xs/util/SimpleLocator;)Z 1 561 orig 80 0 0 0 0 0 0 0 0 0 0 0 0 0 0 0 0 0 0 0 0 0 0 0 0 0 0 0 0 0 0 0 0 0 0 0 0 0 0 0 0 0 0 0 0 0 0 0 0 0 0 0 0 0 0 0 0 0 0 0 0 0 0 0 0 0 0 0 0 0 0 0 0 0 0 0 0 0 0 0 0 data 84 0x10007 0x32 0x20 0x0 0x70004 0x0 0x0 0x16c1b4e4b20 0x32 0x0 0x0 0xa0007 0x0 0x1f0 0x32 0xe0004 0x0 0x0 0x16c1b4e4b20 0x32 0x0 0x0 0x130005 0x0 0x0 0x16c1b4e4b20 0x32 0x0 0x0 0x1e0002 0x32 0x210005 0x0 0x0 0x16bd1634650 0x32 0x0 0x0 0x240004 0x0 0x0 0x16bd1633160 0x32 0x0 0x0 0x2a0005 0x0 0x0 0x16c1b4e4b20 0x32 0x0 0x0 0x300005 0x0 0x0 0x16c1b4e4b20 0x32 0x0 0x0 0x3f0005 0x0 0x0 0x16c1b4e4b20 0x32 0x0 0x0 0x420005 0x32 0x0 0x0 0x0 0x0 0x0 0x0 0x0 0x0 0x0 0x0 0x0 0x9 0x3 0x0 0x0 0x0 oops 8 7 org/mule/apache/xerces/impl/xs/opti/ElementImpl 18 org/mule/apache/xerces/impl/xs/opti/ElementImpl 25 org/mule/apache/xerces/impl/xs/opti/ElementImpl 34 java/util/Hashtable 41 java/lang/String 48 org/mule/apache/xerces/impl/xs/opti/ElementImpl 55 org/mule/apache/xerces/impl/xs/opti/ElementImpl 62 org/mule/apache/xerces/impl/xs/opti/ElementImpl methods 0
ciMethodData org/mule/apache/xerces/impl/xs/util/SimpleLocator setValues (Ljava/lang/String;Ljava/lang/String;III)V 1 561 orig 80 0 0 0 0 0 0 0 0 0 0 0 0 0 0 0 0 0 0 0 0 0 0 0 0 0 0 0 0 0 0 0 0 0 0 0 0 0 0 0 0 0 0 0 0 0 0 0 0 0 0 0 0 0 0 0 0 0 0 0 0 0 0 0 0 0 0 0 0 0 0 0 0 0 0 0 0 0 0 0 0 data 12 0x0 0x0 0x0 0x0 0x9 0x6 0x1e 0x0 0x0 0x0 0x0 0x0 oops 0 methods 0
compile org/mule/apache/xerces/impl/xs/traversers/XSAttributeChecker checkAttributes (Lorg/w3c/dom/Element;ZLorg/mule/apache/xerces/impl/xs/traversers/XSDocumentInfo;Z)[Ljava/lang/Object; -1 4 inline 132 0 -1 org/mule/apache/xerces/impl/xs/traversers/XSAttributeChecker checkAttributes (Lorg/w3c/dom/Element;ZLorg/mule/apache/xerces/impl/xs/traversers/XSDocumentInfo;Z)[Ljava/lang/Object; 1 7 org/mule/apache/xerces/util/DOMUtil getAttrs (Lorg/w3c/dom/Element;)[Lorg/w3c/dom/Attr; 2 1 org/mule/apache/xerces/impl/xs/opti/ElementImpl getAttributes ()Lorg/w3c/dom/NamedNodeMap; 3 8 org/mule/apache/xerces/impl/xs/opti/NamedNodeMapImpl <init> ([Lorg/w3c/dom/Attr;)V 4 1 java/lang/Object <init> ()V 2 8 org/mule/apache/xerces/impl/xs/opti/NamedNodeMapImpl getLength ()I 2 21 org/mule/apache/xerces/impl/xs/opti/NamedNodeMapImpl getLength ()I 2 33 org/mule/apache/xerces/impl/xs/opti/NamedNodeMapImpl item (I)Lorg/w3c/dom/Node; 1 20 org/mule/apache/xerces/impl/xs/traversers/XSAttributeChecker resolveNamespace (Lorg/w3c/dom/Element;[Lorg/w3c/dom/Attr;Lorg/mule/apache/xerces/impl/xs/SchemaNamespaceSupport;)V 2 1 org/mule/apache/xerces/util/NamespaceSupport pushContext ()V 2 29 org/mule/apache/xerces/util/DOMUtil getName (Lorg/w3c/dom/Node;)Ljava/lang/String; 3 1 org/mule/apache/xerces/impl/xs/opti/NodeImpl getNodeName ()Ljava/lang/String; 2 42 java/lang/String equals (Ljava/lang/Object;)Z 2 61 java/lang/String startsWith (Ljava/lang/String;)Z 3 3 java/lang/String startsWith (Ljava/lang/String;I)Z 4 6 java/lang/String length ()I 5 6 java/lang/String coder ()B 4 10 java/lang/String length ()I 5 6 java/lang/String coder ()B 4 39 java/lang/String coder ()B 4 47 java/lang/String coder ()B 2 73 org/mule/apache/xerces/util/DOMUtil getLocalName (Lorg/w3c/dom/Node;)Ljava/lang/String; 3 1 org/mule/apache/xerces/impl/xs/opti/NodeImpl getLocalName ()Ljava/lang/String; 2 76 org/mule/apache/xerces/util/SymbolTable addSymbol (Ljava/lang/String;)Ljava/lang/String; 3 4 org/mule/apache/xerces/util/SymbolTable hash (Ljava/lang/String;)I 4 8 java/lang/String hashCode ()I 5 17 java/lang/String isLatin1 ()Z 5 27 java/lang/StringLatin1 hashCode ([B)I 3 32 java/lang/String equals (Ljava/lang/Object;)Z 3 61 org/mule/apache/xerces/util/SymbolTable addSymbol0 (Ljava/lang/String;II)Ljava/lang/String; 4 17 org/mule/apache/xerces/util/SymbolTable hash (Ljava/lang/String;)I 5 8 java/lang/String hashCode ()I 6 17 java/lang/String isLatin1 ()Z 6 27 java/lang/StringLatin1 hashCode ([B)I 4 63 org/mule/apache/xerces/util/SymbolTable$Entry <init> (Ljava/lang/String;Lorg/mule/apache/xerces/util/SymbolTable$Entry;)V 5 1 java/lang/Object <init> ()V 5 14 java/lang/String length ()I 6 6 java/lang/String coder ()B 5 34 java/lang/String getChars (II[CI)V 6 3 java/lang/String length ()I 7 6 java/lang/String coder ()B 6 6 java/lang/String checkBoundsBeginEnd (III)V 6 16 java/lang/String checkBoundsOffCount (III)V 6 20 java/lang/String isLatin1 ()Z 6 35 java/lang/StringLatin1 getChars ([BII[CI)V 2 92 org/mule/apache/xerces/util/DOMUtil getValue (Lorg/w3c/dom/Attr;)Ljava/lang/String; 3 1 org/mule/apache/xerces/impl/xs/opti/AttrImpl getValue ()Ljava/lang/String; 2 95 org/mule/apache/xerces/util/SymbolTable addSymbol (Ljava/lang/String;)Ljava/lang/String; 3 4 org/mule/apache/xerces/util/SymbolTable hash (Ljava/lang/String;)I 4 8 java/lang/String hashCode ()I 5 17 java/lang/String isLatin1 ()Z 5 27 java/lang/StringLatin1 hashCode ([B)I 3 32 java/lang/String equals (Ljava/lang/Object;)Z 3 61 org/mule/apache/xerces/util/SymbolTable addSymbol0 (Ljava/lang/String;II)Ljava/lang/String; 4 17 org/mule/apache/xerces/util/SymbolTable hash (Ljava/lang/String;)I 5 8 java/lang/String hashCode ()I 6 17 java/lang/String isLatin1 ()Z 6 27 java/lang/StringLatin1 hashCode ([B)I 4 63 org/mule/apache/xerces/util/SymbolTable$Entry <init> (Ljava/lang/String;Lorg/mule/apache/xerces/util/SymbolTable$Entry;)V 5 1 java/lang/Object <init> ()V 5 14 java/lang/String length ()I 6 6 java/lang/String coder ()B 5 34 java/lang/String getChars (II[CI)V 6 3 java/lang/String length ()I 7 6 java/lang/String coder ()B 6 6 java/lang/String checkBoundsBeginEnd (III)V 6 16 java/lang/String checkBoundsOffCount (III)V 6 20 java/lang/String isLatin1 ()Z 6 35 java/lang/StringLatin1 getChars ([BII[CI)V 2 105 java/lang/String length ()I 3 6 java/lang/String coder ()B 2 117 org/mule/apache/xerces/util/NamespaceSupport declarePrefix (Ljava/lang/String;Ljava/lang/String;)Z 1 24 org/mule/apache/xerces/util/DOMUtil getNamespaceURI (Lorg/w3c/dom/Node;)Ljava/lang/String; 2 1 org/mule/apache/xerces/impl/xs/opti/NodeImpl getNamespaceURI ()Ljava/lang/String; 1 30 org/mule/apache/xerces/util/DOMUtil getLocalName (Lorg/w3c/dom/Node;)Ljava/lang/String; 2 1 org/mule/apache/xerces/impl/xs/opti/NodeImpl getLocalName ()Ljava/lang/String; 1 40 java/lang/String equals (Ljava/lang/Object;)Z 1 85 java/lang/String equals (Ljava/lang/Object;)Z 1 95 org/mule/apache/xerces/util/DOMUtil getAttr (Lorg/w3c/dom/Element;Ljava/lang/String;)Lorg/w3c/dom/Attr; 2 2 org/mule/apache/xerces/impl/xs/opti/ElementImpl getAttributeNode (Ljava/lang/String;)Lorg/w3c/dom/Attr; 3 17 org/mule/apache/xerces/impl/xs/opti/AttrImpl getName ()Ljava/lang/String; 3 23 java/lang/String equals (Ljava/lang/Object;)Z 1 120 java/lang/String equals (Ljava/lang/Object;)Z 1 130 org/mule/apache/xerces/util/DOMUtil getAttr (Lorg/w3c/dom/Element;Ljava/lang/String;)Lorg/w3c/dom/Attr; 2 2 org/mule/apache/xerces/impl/xs/opti/ElementImpl getAttributeNode (Ljava/lang/String;)Lorg/w3c/dom/Attr; 3 17 org/mule/apache/xerces/impl/xs/opti/AttrImpl getName ()Ljava/lang/String; 3 23 java/lang/String equals (Ljava/lang/Object;)Z 1 151 java/util/Hashtable get (Ljava/lang/Object;)Ljava/lang/Object; 2 6 java/lang/String hashCode ()I 3 17 java/lang/String isLatin1 ()Z 3 27 java/lang/StringLatin1 hashCode ([B)I 2 45 java/lang/String equals (Ljava/lang/Object;)Z 1 184 org/mule/apache/xerces/impl/xs/traversers/XSAttributeChecker getAvailableArray ()[Ljava/lang/Object; 1 234 org/mule/apache/xerces/impl/xs/opti/AttrImpl getName ()Ljava/lang/String; 1 243 org/mule/apache/xerces/util/DOMUtil getNamespaceURI (Lorg/w3c/dom/Node;)Ljava/lang/String; 2 1 org/mule/apache/xerces/impl/xs/opti/NodeImpl getNamespaceURI ()Ljava/lang/String; 1 250 org/mule/apache/xerces/util/DOMUtil getValue (Lorg/w3c/dom/Attr;)Ljava/lang/String; 2 1 org/mule/apache/xerces/impl/xs/opti/AttrImpl getValue ()Ljava/lang/String; 1 260 java/lang/String startsWith (Ljava/lang/String;)Z 2 3 java/lang/String startsWith (Ljava/lang/String;I)Z 3 6 java/lang/String length ()I 4 6 java/lang/String coder ()B 3 10 java/lang/String length ()I 4 6 java/lang/String coder ()B 3 39 java/lang/String coder ()B 3 47 java/lang/String coder ()B 1 268 org/mule/apache/xerces/util/DOMUtil getPrefix (Lorg/w3c/dom/Node;)Ljava/lang/String; 2 1 org/mule/apache/xerces/impl/xs/opti/NodeImpl getPrefix ()Ljava/lang/String; 1 278 java/lang/String equals (Ljava/lang/Object;)Z 1 442 org/mule/apache/xerces/impl/xs/traversers/LargeContainer get (Ljava/lang/String;)Lorg/mule/apache/xerces/impl/xs/traversers/OneAttr; 2 5 java/util/Hashtable get (Ljava/lang/Object;)Ljava/lang/Object; 3 6 java/lang/String hashCode ()I 4 17 java/lang/String isLatin1 ()Z 4 27 java/lang/StringLatin1 hashCode ([B)I 3 45 java/lang/String equals (Ljava/lang/Object;)Z 1 442 org/mule/apache/xerces/impl/xs/traversers/SmallContainer get (Ljava/lang/String;)Lorg/mule/apache/xerces/impl/xs/traversers/OneAttr; 2 17 java/lang/String equals (Ljava/lang/Object;)Z 1 545 org/mule/apache/xerces/impl/dv/xs/XSSimpleTypeDecl validate (Ljava/lang/String;Lorg/mule/apache/xerces/impl/dv/ValidationContext;Lorg/mule/apache/xerces/impl/dv/ValidatedInfo;)Ljava/lang/Object; 2 16 org/mule/apache/xerces/impl/dv/ValidatedInfo <init> ()V 3 1 java/lang/Object <init> ()V 2 33 org/mule/apache/xerces/impl/validation/ValidationState needToNormalize ()Z 2 62 org/mule/apache/xerces/impl/dv/xs/XSSimpleTypeDecl validate (Lorg/mule/apache/xerces/impl/dv/ValidationContext;Lorg/mule/apache/xerces/impl/dv/ValidatedInfo;)V 3 9 org/mule/apache/xerces/impl/validation/ValidationState needFacetChecking ()Z 3 39 org/mule/apache/xerces/impl/validation/ValidationState needExtraChecking ()Z 3 50 org/mule/apache/xerces/impl/dv/xs/XSSimpleTypeDecl checkExtraRules (Lorg/mule/apache/xerces/impl/dv/ValidationContext;Lorg/mule/apache/xerces/impl/dv/ValidatedInfo;)V 4 52 org/mule/apache/xerces/impl/dv/xs/ListDV$ListData getLength ()I 1 714 java/lang/String equals (Ljava/lang/Object;)Z 1 837 java/lang/Long <init> (J)V 2 1 java/lang/Number <init> ()V 3 1 java/lang/Object <init> ()V 1 859 org/mule/apache/xerces/impl/xs/util/XInt intValue ()I 1 873 org/mule/apache/xerces/impl/xs/util/XInt intValue ()I
